source_id,label,source_file
train_pos_1,1,/mnt/nw/home/m.yu/repos/foundry/datasets/toxinpred3/train_pos.csv
train_pos_2,1,/mnt/nw/home/m.yu/repos/foundry/datasets/toxinpred3/train_pos.csv
train_pos_3,1,/mnt/nw/home/m.yu/repos/foundry/datasets/toxinpred3/train_pos.csv
train_pos_4,1,/mnt/nw/home/m.yu/repos/foundry/datasets/toxinpred3/train_pos.csv
train_pos_5,1,/mnt/nw/home/m.yu/repos/foundry/datasets/toxinpred3/train_pos.csv
train_pos_6,1,/mnt/nw/home/m.yu/repos/foundry/datasets/toxinpred3/train_pos.csv
train_pos_7,1,/mnt/nw/home/m.yu/repos/foundry/datasets/toxinpred3/train_pos.csv
train_pos_8,1,/mnt/nw/home/m.yu/repos/foundry/datasets/toxinpred3/train_pos.csv
train_pos_9,1,/mnt/nw/home/m.yu/repos/foundry/datasets/toxinpred3/train_pos.csv
train_pos_10,1,/mnt/nw/home/m.yu/repos/foundry/datasets/toxinpred3/train_pos.csv
train_pos_11,1,/mnt/nw/home/m.yu/repos/foundry/datasets/toxinpred3/train_pos.csv
train_pos_12,1,/mnt/nw/home/m.yu/repos/foundry/datasets/toxinpred3/train_pos.csv
train_pos_13,1,/mnt/nw/home/m.yu/repos/foundry/datasets/toxinpred3/train_pos.csv
train_pos_14,1,/mnt/nw/home/m.yu/repos/foundry/datasets/toxinpred3/train_pos.csv
train_pos_15,1,/mnt/nw/home/m.yu/repos/foundry/datasets/toxinpred3/train_pos.csv
train_pos_16,1,/mnt/nw/home/m.yu/repos/foundry/datasets/toxinpred3/train_pos.csv
train_pos_17,1,/mnt/nw/home/m.yu/repos/foundry/datasets/toxinpred3/train_pos.csv
train_pos_18,1,/mnt/nw/home/m.yu/repos/foundry/datasets/toxinpred3/train_pos.csv
train_pos_19,1,/mnt/nw/home/m.yu/repos/foundry/datasets/toxinpred3/train_pos.csv
train_pos_20,1,/mnt/nw/home/m.yu/repos/foundry/datasets/toxinpred3/train_pos.csv
train_pos_21,1,/mnt/nw/home/m.yu/repos/foundry/datasets/toxinpred3/train_pos.csv
train_pos_22,1,/mnt/nw/home/m.yu/repos/foundry/datasets/toxinpred3/train_pos.csv
train_pos_23,1,/mnt/nw/home/m.yu/repos/foundry/datasets/toxinpred3/train_pos.csv
train_pos_24,1,/mnt/nw/home/m.yu/repos/foundry/datasets/toxinpred3/train_pos.csv
train_pos_25,1,/mnt/nw/home/m.yu/repos/foundry/datasets/toxinpred3/train_pos.csv
train_pos_26,1,/mnt/nw/home/m.yu/repos/foundry/datasets/toxinpred3/train_pos.csv
train_pos_27,1,/mnt/nw/home/m.yu/repos/foundry/datasets/toxinpred3/train_pos.csv
train_pos_28,1,/mnt/nw/home/m.yu/repos/foundry/datasets/toxinpred3/train_pos.csv
train_pos_29,1,/mnt/nw/home/m.yu/repos/foundry/datasets/toxinpred3/train_pos.csv
train_pos_30,1,/mnt/nw/home/m.yu/repos/foundry/datasets/toxinpred3/train_pos.csv
train_pos_31,1,/mnt/nw/home/m.yu/repos/foundry/datasets/toxinpred3/train_pos.csv
train_pos_32,1,/mnt/nw/home/m.yu/repos/foundry/datasets/toxinpred3/train_pos.csv
train_pos_33,1,/mnt/nw/home/m.yu/repos/foundry/datasets/toxinpred3/train_pos.csv
train_pos_34,1,/mnt/nw/home/m.yu/repos/foundry/datasets/toxinpred3/train_pos.csv
train_pos_35,1,/mnt/nw/home/m.yu/repos/foundry/datasets/toxinpred3/train_pos.csv
train_pos_36,1,/mnt/nw/home/m.yu/repos/foundry/datasets/toxinpred3/train_pos.csv
train_pos_37,1,/mnt/nw/home/m.yu/repos/foundry/datasets/toxinpred3/train_pos.csv
train_pos_38,1,/mnt/nw/home/m.yu/repos/foundry/datasets/toxinpred3/train_pos.csv
train_pos_39,1,/mnt/nw/home/m.yu/repos/foundry/datasets/toxinpred3/train_pos.csv
train_pos_40,1,/mnt/nw/home/m.yu/repos/foundry/datasets/toxinpred3/train_pos.csv
train_pos_41,1,/mnt/nw/home/m.yu/repos/foundry/datasets/toxinpred3/train_pos.csv
train_pos_42,1,/mnt/nw/home/m.yu/repos/foundry/datasets/toxinpred3/train_pos.csv
train_pos_43,1,/mnt/nw/home/m.yu/repos/foundry/datasets/toxinpred3/train_pos.csv
train_pos_44,1,/mnt/nw/home/m.yu/repos/foundry/datasets/toxinpred3/train_pos.csv
train_pos_45,1,/mnt/nw/home/m.yu/repos/foundry/datasets/toxinpred3/train_pos.csv
train_pos_46,1,/mnt/nw/home/m.yu/repos/foundry/datasets/toxinpred3/train_pos.csv
train_pos_47,1,/mnt/nw/home/m.yu/repos/foundry/datasets/toxinpred3/train_pos.csv
train_pos_48,1,/mnt/nw/home/m.yu/repos/foundry/datasets/toxinpred3/train_pos.csv
train_pos_49,1,/mnt/nw/home/m.yu/repos/foundry/datasets/toxinpred3/train_pos.csv
train_pos_50,1,/mnt/nw/home/m.yu/repos/foundry/datasets/toxinpred3/train_pos.csv
train_pos_51,1,/mnt/nw/home/m.yu/repos/foundry/datasets/toxinpred3/train_pos.csv
train_pos_52,1,/mnt/nw/home/m.yu/repos/foundry/datasets/toxinpred3/train_pos.csv
train_pos_53,1,/mnt/nw/home/m.yu/repos/foundry/datasets/toxinpred3/train_pos.csv
train_pos_54,1,/mnt/nw/home/m.yu/repos/foundry/datasets/toxinpred3/train_pos.csv
train_pos_55,1,/mnt/nw/home/m.yu/repos/foundry/datasets/toxinpred3/train_pos.csv
train_pos_56,1,/mnt/nw/home/m.yu/repos/foundry/datasets/toxinpred3/train_pos.csv
train_pos_57,1,/mnt/nw/home/m.yu/repos/foundry/datasets/toxinpred3/train_pos.csv
train_pos_58,1,/mnt/nw/home/m.yu/repos/foundry/datasets/toxinpred3/train_pos.csv
train_pos_59,1,/mnt/nw/home/m.yu/repos/foundry/datasets/toxinpred3/train_pos.csv
train_pos_60,1,/mnt/nw/home/m.yu/repos/foundry/datasets/toxinpred3/train_pos.csv
train_pos_61,1,/mnt/nw/home/m.yu/repos/foundry/datasets/toxinpred3/train_pos.csv
train_pos_62,1,/mnt/nw/home/m.yu/repos/foundry/datasets/toxinpred3/train_pos.csv
train_pos_63,1,/mnt/nw/home/m.yu/repos/foundry/datasets/toxinpred3/train_pos.csv
train_pos_64,1,/mnt/nw/home/m.yu/repos/foundry/datasets/toxinpred3/train_pos.csv
train_pos_65,1,/mnt/nw/home/m.yu/repos/foundry/datasets/toxinpred3/train_pos.csv
train_pos_66,1,/mnt/nw/home/m.yu/repos/foundry/datasets/toxinpred3/train_pos.csv
train_pos_67,1,/mnt/nw/home/m.yu/repos/foundry/datasets/toxinpred3/train_pos.csv
train_pos_68,1,/mnt/nw/home/m.yu/repos/foundry/datasets/toxinpred3/train_pos.csv
train_pos_69,1,/mnt/nw/home/m.yu/repos/foundry/datasets/toxinpred3/train_pos.csv
train_pos_70,1,/mnt/nw/home/m.yu/repos/foundry/datasets/toxinpred3/train_pos.csv
train_pos_71,1,/mnt/nw/home/m.yu/repos/foundry/datasets/toxinpred3/train_pos.csv
train_pos_72,1,/mnt/nw/home/m.yu/repos/foundry/datasets/toxinpred3/train_pos.csv
train_pos_73,1,/mnt/nw/home/m.yu/repos/foundry/datasets/toxinpred3/train_pos.csv
train_pos_74,1,/mnt/nw/home/m.yu/repos/foundry/datasets/toxinpred3/train_pos.csv
train_pos_75,1,/mnt/nw/home/m.yu/repos/foundry/datasets/toxinpred3/train_pos.csv
train_pos_76,1,/mnt/nw/home/m.yu/repos/foundry/datasets/toxinpred3/train_pos.csv
train_pos_77,1,/mnt/nw/home/m.yu/repos/foundry/datasets/toxinpred3/train_pos.csv
train_pos_78,1,/mnt/nw/home/m.yu/repos/foundry/datasets/toxinpred3/train_pos.csv
train_pos_79,1,/mnt/nw/home/m.yu/repos/foundry/datasets/toxinpred3/train_pos.csv
train_pos_80,1,/mnt/nw/home/m.yu/repos/foundry/datasets/toxinpred3/train_pos.csv
train_pos_81,1,/mnt/nw/home/m.yu/repos/foundry/datasets/toxinpred3/train_pos.csv
train_pos_82,1,/mnt/nw/home/m.yu/repos/foundry/datasets/toxinpred3/train_pos.csv
train_pos_83,1,/mnt/nw/home/m.yu/repos/foundry/datasets/toxinpred3/train_pos.csv
train_pos_84,1,/mnt/nw/home/m.yu/repos/foundry/datasets/toxinpred3/train_pos.csv
train_pos_85,1,/mnt/nw/home/m.yu/repos/foundry/datasets/toxinpred3/train_pos.csv
train_pos_86,1,/mnt/nw/home/m.yu/repos/foundry/datasets/toxinpred3/train_pos.csv
train_pos_87,1,/mnt/nw/home/m.yu/repos/foundry/datasets/toxinpred3/train_pos.csv
train_pos_88,1,/mnt/nw/home/m.yu/repos/foundry/datasets/toxinpred3/train_pos.csv
train_pos_89,1,/mnt/nw/home/m.yu/repos/foundry/datasets/toxinpred3/train_pos.csv
train_pos_90,1,/mnt/nw/home/m.yu/repos/foundry/datasets/toxinpred3/train_pos.csv
train_pos_91,1,/mnt/nw/home/m.yu/repos/foundry/datasets/toxinpred3/train_pos.csv
train_pos_92,1,/mnt/nw/home/m.yu/repos/foundry/datasets/toxinpred3/train_pos.csv
train_pos_93,1,/mnt/nw/home/m.yu/repos/foundry/datasets/toxinpred3/train_pos.csv
train_pos_94,1,/mnt/nw/home/m.yu/repos/foundry/datasets/toxinpred3/train_pos.csv
train_pos_95,1,/mnt/nw/home/m.yu/repos/foundry/datasets/toxinpred3/train_pos.csv
train_pos_96,1,/mnt/nw/home/m.yu/repos/foundry/datasets/toxinpred3/train_pos.csv
train_pos_97,1,/mnt/nw/home/m.yu/repos/foundry/datasets/toxinpred3/train_pos.csv
train_pos_98,1,/mnt/nw/home/m.yu/repos/foundry/datasets/toxinpred3/train_pos.csv
train_pos_99,1,/mnt/nw/home/m.yu/repos/foundry/datasets/toxinpred3/train_pos.csv
train_pos_100,1,/mnt/nw/home/m.yu/repos/foundry/datasets/toxinpred3/train_pos.csv
train_pos_101,1,/mnt/nw/home/m.yu/repos/foundry/datasets/toxinpred3/train_pos.csv
train_pos_102,1,/mnt/nw/home/m.yu/repos/foundry/datasets/toxinpred3/train_pos.csv
train_pos_103,1,/mnt/nw/home/m.yu/repos/foundry/datasets/toxinpred3/train_pos.csv
train_pos_104,1,/mnt/nw/home/m.yu/repos/foundry/datasets/toxinpred3/train_pos.csv
train_pos_105,1,/mnt/nw/home/m.yu/repos/foundry/datasets/toxinpred3/train_pos.csv
train_pos_106,1,/mnt/nw/home/m.yu/repos/foundry/datasets/toxinpred3/train_pos.csv
train_pos_107,1,/mnt/nw/home/m.yu/repos/foundry/datasets/toxinpred3/train_pos.csv
train_pos_108,1,/mnt/nw/home/m.yu/repos/foundry/datasets/toxinpred3/train_pos.csv
train_pos_109,1,/mnt/nw/home/m.yu/repos/foundry/datasets/toxinpred3/train_pos.csv
train_pos_110,1,/mnt/nw/home/m.yu/repos/foundry/datasets/toxinpred3/train_pos.csv
train_pos_111,1,/mnt/nw/home/m.yu/repos/foundry/datasets/toxinpred3/train_pos.csv
train_pos_112,1,/mnt/nw/home/m.yu/repos/foundry/datasets/toxinpred3/train_pos.csv
train_pos_113,1,/mnt/nw/home/m.yu/repos/foundry/datasets/toxinpred3/train_pos.csv
train_pos_114,1,/mnt/nw/home/m.yu/repos/foundry/datasets/toxinpred3/train_pos.csv
train_pos_115,1,/mnt/nw/home/m.yu/repos/foundry/datasets/toxinpred3/train_pos.csv
train_pos_116,1,/mnt/nw/home/m.yu/repos/foundry/datasets/toxinpred3/train_pos.csv
train_pos_117,1,/mnt/nw/home/m.yu/repos/foundry/datasets/toxinpred3/train_pos.csv
train_pos_118,1,/mnt/nw/home/m.yu/repos/foundry/datasets/toxinpred3/train_pos.csv
train_pos_119,1,/mnt/nw/home/m.yu/repos/foundry/datasets/toxinpred3/train_pos.csv
train_pos_120,1,/mnt/nw/home/m.yu/repos/foundry/datasets/toxinpred3/train_pos.csv
train_pos_121,1,/mnt/nw/home/m.yu/repos/foundry/datasets/toxinpred3/train_pos.csv
train_pos_122,1,/mnt/nw/home/m.yu/repos/foundry/datasets/toxinpred3/train_pos.csv
train_pos_123,1,/mnt/nw/home/m.yu/repos/foundry/datasets/toxinpred3/train_pos.csv
train_pos_124,1,/mnt/nw/home/m.yu/repos/foundry/datasets/toxinpred3/train_pos.csv
train_pos_125,1,/mnt/nw/home/m.yu/repos/foundry/datasets/toxinpred3/train_pos.csv
train_pos_126,1,/mnt/nw/home/m.yu/repos/foundry/datasets/toxinpred3/train_pos.csv
train_pos_127,1,/mnt/nw/home/m.yu/repos/foundry/datasets/toxinpred3/train_pos.csv
train_pos_128,1,/mnt/nw/home/m.yu/repos/foundry/datasets/toxinpred3/train_pos.csv
train_pos_129,1,/mnt/nw/home/m.yu/repos/foundry/datasets/toxinpred3/train_pos.csv
train_pos_130,1,/mnt/nw/home/m.yu/repos/foundry/datasets/toxinpred3/train_pos.csv
train_pos_131,1,/mnt/nw/home/m.yu/repos/foundry/datasets/toxinpred3/train_pos.csv
train_pos_132,1,/mnt/nw/home/m.yu/repos/foundry/datasets/toxinpred3/train_pos.csv
train_pos_133,1,/mnt/nw/home/m.yu/repos/foundry/datasets/toxinpred3/train_pos.csv
train_pos_134,1,/mnt/nw/home/m.yu/repos/foundry/datasets/toxinpred3/train_pos.csv
train_pos_135,1,/mnt/nw/home/m.yu/repos/foundry/datasets/toxinpred3/train_pos.csv
train_pos_136,1,/mnt/nw/home/m.yu/repos/foundry/datasets/toxinpred3/train_pos.csv
train_pos_137,1,/mnt/nw/home/m.yu/repos/foundry/datasets/toxinpred3/train_pos.csv
train_pos_138,1,/mnt/nw/home/m.yu/repos/foundry/datasets/toxinpred3/train_pos.csv
train_pos_139,1,/mnt/nw/home/m.yu/repos/foundry/datasets/toxinpred3/train_pos.csv
train_pos_140,1,/mnt/nw/home/m.yu/repos/foundry/datasets/toxinpred3/train_pos.csv
train_pos_141,1,/mnt/nw/home/m.yu/repos/foundry/datasets/toxinpred3/train_pos.csv
train_pos_142,1,/mnt/nw/home/m.yu/repos/foundry/datasets/toxinpred3/train_pos.csv
train_pos_143,1,/mnt/nw/home/m.yu/repos/foundry/datasets/toxinpred3/train_pos.csv
train_pos_144,1,/mnt/nw/home/m.yu/repos/foundry/datasets/toxinpred3/train_pos.csv
train_pos_145,1,/mnt/nw/home/m.yu/repos/foundry/datasets/toxinpred3/train_pos.csv
train_pos_146,1,/mnt/nw/home/m.yu/repos/foundry/datasets/toxinpred3/train_pos.csv
train_pos_147,1,/mnt/nw/home/m.yu/repos/foundry/datasets/toxinpred3/train_pos.csv
train_pos_148,1,/mnt/nw/home/m.yu/repos/foundry/datasets/toxinpred3/train_pos.csv
train_pos_149,1,/mnt/nw/home/m.yu/repos/foundry/datasets/toxinpred3/train_pos.csv
train_pos_150,1,/mnt/nw/home/m.yu/repos/foundry/datasets/toxinpred3/train_pos.csv
train_pos_151,1,/mnt/nw/home/m.yu/repos/foundry/datasets/toxinpred3/train_pos.csv
train_pos_152,1,/mnt/nw/home/m.yu/repos/foundry/datasets/toxinpred3/train_pos.csv
train_pos_153,1,/mnt/nw/home/m.yu/repos/foundry/datasets/toxinpred3/train_pos.csv
train_pos_154,1,/mnt/nw/home/m.yu/repos/foundry/datasets/toxinpred3/train_pos.csv
train_pos_155,1,/mnt/nw/home/m.yu/repos/foundry/datasets/toxinpred3/train_pos.csv
train_pos_156,1,/mnt/nw/home/m.yu/repos/foundry/datasets/toxinpred3/train_pos.csv
train_pos_157,1,/mnt/nw/home/m.yu/repos/foundry/datasets/toxinpred3/train_pos.csv
train_pos_158,1,/mnt/nw/home/m.yu/repos/foundry/datasets/toxinpred3/train_pos.csv
train_pos_159,1,/mnt/nw/home/m.yu/repos/foundry/datasets/toxinpred3/train_pos.csv
train_pos_160,1,/mnt/nw/home/m.yu/repos/foundry/datasets/toxinpred3/train_pos.csv
train_pos_161,1,/mnt/nw/home/m.yu/repos/foundry/datasets/toxinpred3/train_pos.csv
train_pos_162,1,/mnt/nw/home/m.yu/repos/foundry/datasets/toxinpred3/train_pos.csv
train_pos_163,1,/mnt/nw/home/m.yu/repos/foundry/datasets/toxinpred3/train_pos.csv
train_pos_164,1,/mnt/nw/home/m.yu/repos/foundry/datasets/toxinpred3/train_pos.csv
train_pos_165,1,/mnt/nw/home/m.yu/repos/foundry/datasets/toxinpred3/train_pos.csv
train_pos_166,1,/mnt/nw/home/m.yu/repos/foundry/datasets/toxinpred3/train_pos.csv
train_pos_167,1,/mnt/nw/home/m.yu/repos/foundry/datasets/toxinpred3/train_pos.csv
train_pos_168,1,/mnt/nw/home/m.yu/repos/foundry/datasets/toxinpred3/train_pos.csv
train_pos_169,1,/mnt/nw/home/m.yu/repos/foundry/datasets/toxinpred3/train_pos.csv
train_pos_170,1,/mnt/nw/home/m.yu/repos/foundry/datasets/toxinpred3/train_pos.csv
train_pos_171,1,/mnt/nw/home/m.yu/repos/foundry/datasets/toxinpred3/train_pos.csv
train_pos_172,1,/mnt/nw/home/m.yu/repos/foundry/datasets/toxinpred3/train_pos.csv
train_pos_173,1,/mnt/nw/home/m.yu/repos/foundry/datasets/toxinpred3/train_pos.csv
train_pos_174,1,/mnt/nw/home/m.yu/repos/foundry/datasets/toxinpred3/train_pos.csv
train_pos_175,1,/mnt/nw/home/m.yu/repos/foundry/datasets/toxinpred3/train_pos.csv
train_pos_176,1,/mnt/nw/home/m.yu/repos/foundry/datasets/toxinpred3/train_pos.csv
train_pos_177,1,/mnt/nw/home/m.yu/repos/foundry/datasets/toxinpred3/train_pos.csv
train_pos_178,1,/mnt/nw/home/m.yu/repos/foundry/datasets/toxinpred3/train_pos.csv
train_pos_179,1,/mnt/nw/home/m.yu/repos/foundry/datasets/toxinpred3/train_pos.csv
train_pos_180,1,/mnt/nw/home/m.yu/repos/foundry/datasets/toxinpred3/train_pos.csv
train_pos_181,1,/mnt/nw/home/m.yu/repos/foundry/datasets/toxinpred3/train_pos.csv
train_pos_182,1,/mnt/nw/home/m.yu/repos/foundry/datasets/toxinpred3/train_pos.csv
train_pos_183,1,/mnt/nw/home/m.yu/repos/foundry/datasets/toxinpred3/train_pos.csv
train_pos_184,1,/mnt/nw/home/m.yu/repos/foundry/datasets/toxinpred3/train_pos.csv
train_pos_185,1,/mnt/nw/home/m.yu/repos/foundry/datasets/toxinpred3/train_pos.csv
train_pos_186,1,/mnt/nw/home/m.yu/repos/foundry/datasets/toxinpred3/train_pos.csv
train_pos_187,1,/mnt/nw/home/m.yu/repos/foundry/datasets/toxinpred3/train_pos.csv
train_pos_188,1,/mnt/nw/home/m.yu/repos/foundry/datasets/toxinpred3/train_pos.csv
train_pos_189,1,/mnt/nw/home/m.yu/repos/foundry/datasets/toxinpred3/train_pos.csv
train_pos_190,1,/mnt/nw/home/m.yu/repos/foundry/datasets/toxinpred3/train_pos.csv
train_pos_191,1,/mnt/nw/home/m.yu/repos/foundry/datasets/toxinpred3/train_pos.csv
train_pos_192,1,/mnt/nw/home/m.yu/repos/foundry/datasets/toxinpred3/train_pos.csv
train_pos_193,1,/mnt/nw/home/m.yu/repos/foundry/datasets/toxinpred3/train_pos.csv
train_pos_194,1,/mnt/nw/home/m.yu/repos/foundry/datasets/toxinpred3/train_pos.csv
train_pos_195,1,/mnt/nw/home/m.yu/repos/foundry/datasets/toxinpred3/train_pos.csv
train_pos_196,1,/mnt/nw/home/m.yu/repos/foundry/datasets/toxinpred3/train_pos.csv
train_pos_197,1,/mnt/nw/home/m.yu/repos/foundry/datasets/toxinpred3/train_pos.csv
train_pos_198,1,/mnt/nw/home/m.yu/repos/foundry/datasets/toxinpred3/train_pos.csv
train_pos_199,1,/mnt/nw/home/m.yu/repos/foundry/datasets/toxinpred3/train_pos.csv
train_pos_200,1,/mnt/nw/home/m.yu/repos/foundry/datasets/toxinpred3/train_pos.csv
train_pos_201,1,/mnt/nw/home/m.yu/repos/foundry/datasets/toxinpred3/train_pos.csv
train_pos_202,1,/mnt/nw/home/m.yu/repos/foundry/datasets/toxinpred3/train_pos.csv
train_pos_203,1,/mnt/nw/home/m.yu/repos/foundry/datasets/toxinpred3/train_pos.csv
train_pos_204,1,/mnt/nw/home/m.yu/repos/foundry/datasets/toxinpred3/train_pos.csv
train_pos_205,1,/mnt/nw/home/m.yu/repos/foundry/datasets/toxinpred3/train_pos.csv
train_pos_206,1,/mnt/nw/home/m.yu/repos/foundry/datasets/toxinpred3/train_pos.csv
train_pos_207,1,/mnt/nw/home/m.yu/repos/foundry/datasets/toxinpred3/train_pos.csv
train_pos_208,1,/mnt/nw/home/m.yu/repos/foundry/datasets/toxinpred3/train_pos.csv
train_pos_209,1,/mnt/nw/home/m.yu/repos/foundry/datasets/toxinpred3/train_pos.csv
train_pos_210,1,/mnt/nw/home/m.yu/repos/foundry/datasets/toxinpred3/train_pos.csv
train_pos_211,1,/mnt/nw/home/m.yu/repos/foundry/datasets/toxinpred3/train_pos.csv
train_pos_212,1,/mnt/nw/home/m.yu/repos/foundry/datasets/toxinpred3/train_pos.csv
train_pos_213,1,/mnt/nw/home/m.yu/repos/foundry/datasets/toxinpred3/train_pos.csv
train_pos_214,1,/mnt/nw/home/m.yu/repos/foundry/datasets/toxinpred3/train_pos.csv
train_pos_215,1,/mnt/nw/home/m.yu/repos/foundry/datasets/toxinpred3/train_pos.csv
train_pos_216,1,/mnt/nw/home/m.yu/repos/foundry/datasets/toxinpred3/train_pos.csv
train_pos_217,1,/mnt/nw/home/m.yu/repos/foundry/datasets/toxinpred3/train_pos.csv
train_pos_218,1,/mnt/nw/home/m.yu/repos/foundry/datasets/toxinpred3/train_pos.csv
train_pos_219,1,/mnt/nw/home/m.yu/repos/foundry/datasets/toxinpred3/train_pos.csv
train_pos_220,1,/mnt/nw/home/m.yu/repos/foundry/datasets/toxinpred3/train_pos.csv
train_pos_221,1,/mnt/nw/home/m.yu/repos/foundry/datasets/toxinpred3/train_pos.csv
train_pos_222,1,/mnt/nw/home/m.yu/repos/foundry/datasets/toxinpred3/train_pos.csv
train_pos_223,1,/mnt/nw/home/m.yu/repos/foundry/datasets/toxinpred3/train_pos.csv
train_pos_224,1,/mnt/nw/home/m.yu/repos/foundry/datasets/toxinpred3/train_pos.csv
train_pos_225,1,/mnt/nw/home/m.yu/repos/foundry/datasets/toxinpred3/train_pos.csv
train_pos_226,1,/mnt/nw/home/m.yu/repos/foundry/datasets/toxinpred3/train_pos.csv
train_pos_227,1,/mnt/nw/home/m.yu/repos/foundry/datasets/toxinpred3/train_pos.csv
train_pos_228,1,/mnt/nw/home/m.yu/repos/foundry/datasets/toxinpred3/train_pos.csv
train_pos_229,1,/mnt/nw/home/m.yu/repos/foundry/datasets/toxinpred3/train_pos.csv
train_pos_230,1,/mnt/nw/home/m.yu/repos/foundry/datasets/toxinpred3/train_pos.csv
train_pos_231,1,/mnt/nw/home/m.yu/repos/foundry/datasets/toxinpred3/train_pos.csv
train_pos_232,1,/mnt/nw/home/m.yu/repos/foundry/datasets/toxinpred3/train_pos.csv
train_pos_233,1,/mnt/nw/home/m.yu/repos/foundry/datasets/toxinpred3/train_pos.csv
train_pos_234,1,/mnt/nw/home/m.yu/repos/foundry/datasets/toxinpred3/train_pos.csv
train_pos_235,1,/mnt/nw/home/m.yu/repos/foundry/datasets/toxinpred3/train_pos.csv
train_pos_236,1,/mnt/nw/home/m.yu/repos/foundry/datasets/toxinpred3/train_pos.csv
train_pos_237,1,/mnt/nw/home/m.yu/repos/foundry/datasets/toxinpred3/train_pos.csv
train_pos_238,1,/mnt/nw/home/m.yu/repos/foundry/datasets/toxinpred3/train_pos.csv
train_pos_239,1,/mnt/nw/home/m.yu/repos/foundry/datasets/toxinpred3/train_pos.csv
train_pos_240,1,/mnt/nw/home/m.yu/repos/foundry/datasets/toxinpred3/train_pos.csv
train_pos_241,1,/mnt/nw/home/m.yu/repos/foundry/datasets/toxinpred3/train_pos.csv
train_pos_242,1,/mnt/nw/home/m.yu/repos/foundry/datasets/toxinpred3/train_pos.csv
train_pos_243,1,/mnt/nw/home/m.yu/repos/foundry/datasets/toxinpred3/train_pos.csv
train_pos_244,1,/mnt/nw/home/m.yu/repos/foundry/datasets/toxinpred3/train_pos.csv
train_pos_245,1,/mnt/nw/home/m.yu/repos/foundry/datasets/toxinpred3/train_pos.csv
train_pos_246,1,/mnt/nw/home/m.yu/repos/foundry/datasets/toxinpred3/train_pos.csv
train_pos_247,1,/mnt/nw/home/m.yu/repos/foundry/datasets/toxinpred3/train_pos.csv
train_pos_248,1,/mnt/nw/home/m.yu/repos/foundry/datasets/toxinpred3/train_pos.csv
train_pos_249,1,/mnt/nw/home/m.yu/repos/foundry/datasets/toxinpred3/train_pos.csv
train_pos_250,1,/mnt/nw/home/m.yu/repos/foundry/datasets/toxinpred3/train_pos.csv
train_pos_251,1,/mnt/nw/home/m.yu/repos/foundry/datasets/toxinpred3/train_pos.csv
train_pos_252,1,/mnt/nw/home/m.yu/repos/foundry/datasets/toxinpred3/train_pos.csv
train_pos_253,1,/mnt/nw/home/m.yu/repos/foundry/datasets/toxinpred3/train_pos.csv
train_pos_254,1,/mnt/nw/home/m.yu/repos/foundry/datasets/toxinpred3/train_pos.csv
train_pos_255,1,/mnt/nw/home/m.yu/repos/foundry/datasets/toxinpred3/train_pos.csv
train_pos_256,1,/mnt/nw/home/m.yu/repos/foundry/datasets/toxinpred3/train_pos.csv
train_pos_257,1,/mnt/nw/home/m.yu/repos/foundry/datasets/toxinpred3/train_pos.csv
train_pos_258,1,/mnt/nw/home/m.yu/repos/foundry/datasets/toxinpred3/train_pos.csv
train_pos_259,1,/mnt/nw/home/m.yu/repos/foundry/datasets/toxinpred3/train_pos.csv
train_pos_260,1,/mnt/nw/home/m.yu/repos/foundry/datasets/toxinpred3/train_pos.csv
train_pos_261,1,/mnt/nw/home/m.yu/repos/foundry/datasets/toxinpred3/train_pos.csv
train_pos_262,1,/mnt/nw/home/m.yu/repos/foundry/datasets/toxinpred3/train_pos.csv
train_pos_263,1,/mnt/nw/home/m.yu/repos/foundry/datasets/toxinpred3/train_pos.csv
train_pos_264,1,/mnt/nw/home/m.yu/repos/foundry/datasets/toxinpred3/train_pos.csv
train_pos_265,1,/mnt/nw/home/m.yu/repos/foundry/datasets/toxinpred3/train_pos.csv
train_pos_266,1,/mnt/nw/home/m.yu/repos/foundry/datasets/toxinpred3/train_pos.csv
train_pos_267,1,/mnt/nw/home/m.yu/repos/foundry/datasets/toxinpred3/train_pos.csv
train_pos_268,1,/mnt/nw/home/m.yu/repos/foundry/datasets/toxinpred3/train_pos.csv
train_pos_269,1,/mnt/nw/home/m.yu/repos/foundry/datasets/toxinpred3/train_pos.csv
train_pos_270,1,/mnt/nw/home/m.yu/repos/foundry/datasets/toxinpred3/train_pos.csv
train_pos_271,1,/mnt/nw/home/m.yu/repos/foundry/datasets/toxinpred3/train_pos.csv
train_pos_272,1,/mnt/nw/home/m.yu/repos/foundry/datasets/toxinpred3/train_pos.csv
train_pos_273,1,/mnt/nw/home/m.yu/repos/foundry/datasets/toxinpred3/train_pos.csv
train_pos_274,1,/mnt/nw/home/m.yu/repos/foundry/datasets/toxinpred3/train_pos.csv
train_pos_275,1,/mnt/nw/home/m.yu/repos/foundry/datasets/toxinpred3/train_pos.csv
train_pos_276,1,/mnt/nw/home/m.yu/repos/foundry/datasets/toxinpred3/train_pos.csv
train_pos_277,1,/mnt/nw/home/m.yu/repos/foundry/datasets/toxinpred3/train_pos.csv
train_pos_278,1,/mnt/nw/home/m.yu/repos/foundry/datasets/toxinpred3/train_pos.csv
train_pos_279,1,/mnt/nw/home/m.yu/repos/foundry/datasets/toxinpred3/train_pos.csv
train_pos_280,1,/mnt/nw/home/m.yu/repos/foundry/datasets/toxinpred3/train_pos.csv
train_pos_281,1,/mnt/nw/home/m.yu/repos/foundry/datasets/toxinpred3/train_pos.csv
train_pos_282,1,/mnt/nw/home/m.yu/repos/foundry/datasets/toxinpred3/train_pos.csv
train_pos_283,1,/mnt/nw/home/m.yu/repos/foundry/datasets/toxinpred3/train_pos.csv
train_pos_284,1,/mnt/nw/home/m.yu/repos/foundry/datasets/toxinpred3/train_pos.csv
train_pos_285,1,/mnt/nw/home/m.yu/repos/foundry/datasets/toxinpred3/train_pos.csv
train_pos_286,1,/mnt/nw/home/m.yu/repos/foundry/datasets/toxinpred3/train_pos.csv
train_pos_287,1,/mnt/nw/home/m.yu/repos/foundry/datasets/toxinpred3/train_pos.csv
train_pos_288,1,/mnt/nw/home/m.yu/repos/foundry/datasets/toxinpred3/train_pos.csv
train_pos_289,1,/mnt/nw/home/m.yu/repos/foundry/datasets/toxinpred3/train_pos.csv
train_pos_290,1,/mnt/nw/home/m.yu/repos/foundry/datasets/toxinpred3/train_pos.csv
train_pos_291,1,/mnt/nw/home/m.yu/repos/foundry/datasets/toxinpred3/train_pos.csv
train_pos_292,1,/mnt/nw/home/m.yu/repos/foundry/datasets/toxinpred3/train_pos.csv
train_pos_293,1,/mnt/nw/home/m.yu/repos/foundry/datasets/toxinpred3/train_pos.csv
train_pos_294,1,/mnt/nw/home/m.yu/repos/foundry/datasets/toxinpred3/train_pos.csv
train_pos_295,1,/mnt/nw/home/m.yu/repos/foundry/datasets/toxinpred3/train_pos.csv
train_pos_296,1,/mnt/nw/home/m.yu/repos/foundry/datasets/toxinpred3/train_pos.csv
train_pos_297,1,/mnt/nw/home/m.yu/repos/foundry/datasets/toxinpred3/train_pos.csv
train_pos_298,1,/mnt/nw/home/m.yu/repos/foundry/datasets/toxinpred3/train_pos.csv
train_pos_299,1,/mnt/nw/home/m.yu/repos/foundry/datasets/toxinpred3/train_pos.csv
train_pos_300,1,/mnt/nw/home/m.yu/repos/foundry/datasets/toxinpred3/train_pos.csv
train_pos_301,1,/mnt/nw/home/m.yu/repos/foundry/datasets/toxinpred3/train_pos.csv
train_pos_302,1,/mnt/nw/home/m.yu/repos/foundry/datasets/toxinpred3/train_pos.csv
train_pos_303,1,/mnt/nw/home/m.yu/repos/foundry/datasets/toxinpred3/train_pos.csv
train_pos_304,1,/mnt/nw/home/m.yu/repos/foundry/datasets/toxinpred3/train_pos.csv
train_pos_305,1,/mnt/nw/home/m.yu/repos/foundry/datasets/toxinpred3/train_pos.csv
train_pos_306,1,/mnt/nw/home/m.yu/repos/foundry/datasets/toxinpred3/train_pos.csv
train_pos_307,1,/mnt/nw/home/m.yu/repos/foundry/datasets/toxinpred3/train_pos.csv
train_pos_308,1,/mnt/nw/home/m.yu/repos/foundry/datasets/toxinpred3/train_pos.csv
train_pos_309,1,/mnt/nw/home/m.yu/repos/foundry/datasets/toxinpred3/train_pos.csv
train_pos_310,1,/mnt/nw/home/m.yu/repos/foundry/datasets/toxinpred3/train_pos.csv
train_pos_311,1,/mnt/nw/home/m.yu/repos/foundry/datasets/toxinpred3/train_pos.csv
train_pos_312,1,/mnt/nw/home/m.yu/repos/foundry/datasets/toxinpred3/train_pos.csv
train_pos_313,1,/mnt/nw/home/m.yu/repos/foundry/datasets/toxinpred3/train_pos.csv
train_pos_314,1,/mnt/nw/home/m.yu/repos/foundry/datasets/toxinpred3/train_pos.csv
train_pos_315,1,/mnt/nw/home/m.yu/repos/foundry/datasets/toxinpred3/train_pos.csv
train_pos_316,1,/mnt/nw/home/m.yu/repos/foundry/datasets/toxinpred3/train_pos.csv
train_pos_317,1,/mnt/nw/home/m.yu/repos/foundry/datasets/toxinpred3/train_pos.csv
train_pos_318,1,/mnt/nw/home/m.yu/repos/foundry/datasets/toxinpred3/train_pos.csv
train_pos_319,1,/mnt/nw/home/m.yu/repos/foundry/datasets/toxinpred3/train_pos.csv
train_pos_320,1,/mnt/nw/home/m.yu/repos/foundry/datasets/toxinpred3/train_pos.csv
train_pos_321,1,/mnt/nw/home/m.yu/repos/foundry/datasets/toxinpred3/train_pos.csv
train_pos_322,1,/mnt/nw/home/m.yu/repos/foundry/datasets/toxinpred3/train_pos.csv
train_pos_323,1,/mnt/nw/home/m.yu/repos/foundry/datasets/toxinpred3/train_pos.csv
train_pos_324,1,/mnt/nw/home/m.yu/repos/foundry/datasets/toxinpred3/train_pos.csv
train_pos_325,1,/mnt/nw/home/m.yu/repos/foundry/datasets/toxinpred3/train_pos.csv
train_pos_326,1,/mnt/nw/home/m.yu/repos/foundry/datasets/toxinpred3/train_pos.csv
train_pos_327,1,/mnt/nw/home/m.yu/repos/foundry/datasets/toxinpred3/train_pos.csv
train_pos_328,1,/mnt/nw/home/m.yu/repos/foundry/datasets/toxinpred3/train_pos.csv
train_pos_329,1,/mnt/nw/home/m.yu/repos/foundry/datasets/toxinpred3/train_pos.csv
train_pos_330,1,/mnt/nw/home/m.yu/repos/foundry/datasets/toxinpred3/train_pos.csv
train_pos_331,1,/mnt/nw/home/m.yu/repos/foundry/datasets/toxinpred3/train_pos.csv
train_pos_332,1,/mnt/nw/home/m.yu/repos/foundry/datasets/toxinpred3/train_pos.csv
train_pos_333,1,/mnt/nw/home/m.yu/repos/foundry/datasets/toxinpred3/train_pos.csv
train_pos_334,1,/mnt/nw/home/m.yu/repos/foundry/datasets/toxinpred3/train_pos.csv
train_pos_335,1,/mnt/nw/home/m.yu/repos/foundry/datasets/toxinpred3/train_pos.csv
train_pos_336,1,/mnt/nw/home/m.yu/repos/foundry/datasets/toxinpred3/train_pos.csv
train_pos_337,1,/mnt/nw/home/m.yu/repos/foundry/datasets/toxinpred3/train_pos.csv
train_pos_338,1,/mnt/nw/home/m.yu/repos/foundry/datasets/toxinpred3/train_pos.csv
train_pos_339,1,/mnt/nw/home/m.yu/repos/foundry/datasets/toxinpred3/train_pos.csv
train_pos_340,1,/mnt/nw/home/m.yu/repos/foundry/datasets/toxinpred3/train_pos.csv
train_pos_341,1,/mnt/nw/home/m.yu/repos/foundry/datasets/toxinpred3/train_pos.csv
train_pos_342,1,/mnt/nw/home/m.yu/repos/foundry/datasets/toxinpred3/train_pos.csv
train_pos_343,1,/mnt/nw/home/m.yu/repos/foundry/datasets/toxinpred3/train_pos.csv
train_pos_344,1,/mnt/nw/home/m.yu/repos/foundry/datasets/toxinpred3/train_pos.csv
train_pos_345,1,/mnt/nw/home/m.yu/repos/foundry/datasets/toxinpred3/train_pos.csv
train_pos_346,1,/mnt/nw/home/m.yu/repos/foundry/datasets/toxinpred3/train_pos.csv
train_pos_347,1,/mnt/nw/home/m.yu/repos/foundry/datasets/toxinpred3/train_pos.csv
train_pos_348,1,/mnt/nw/home/m.yu/repos/foundry/datasets/toxinpred3/train_pos.csv
train_pos_349,1,/mnt/nw/home/m.yu/repos/foundry/datasets/toxinpred3/train_pos.csv
train_pos_350,1,/mnt/nw/home/m.yu/repos/foundry/datasets/toxinpred3/train_pos.csv
train_pos_351,1,/mnt/nw/home/m.yu/repos/foundry/datasets/toxinpred3/train_pos.csv
train_pos_352,1,/mnt/nw/home/m.yu/repos/foundry/datasets/toxinpred3/train_pos.csv
train_pos_353,1,/mnt/nw/home/m.yu/repos/foundry/datasets/toxinpred3/train_pos.csv
train_pos_354,1,/mnt/nw/home/m.yu/repos/foundry/datasets/toxinpred3/train_pos.csv
train_pos_355,1,/mnt/nw/home/m.yu/repos/foundry/datasets/toxinpred3/train_pos.csv
train_pos_356,1,/mnt/nw/home/m.yu/repos/foundry/datasets/toxinpred3/train_pos.csv
train_pos_357,1,/mnt/nw/home/m.yu/repos/foundry/datasets/toxinpred3/train_pos.csv
train_pos_358,1,/mnt/nw/home/m.yu/repos/foundry/datasets/toxinpred3/train_pos.csv
train_pos_359,1,/mnt/nw/home/m.yu/repos/foundry/datasets/toxinpred3/train_pos.csv
train_pos_360,1,/mnt/nw/home/m.yu/repos/foundry/datasets/toxinpred3/train_pos.csv
train_pos_361,1,/mnt/nw/home/m.yu/repos/foundry/datasets/toxinpred3/train_pos.csv
train_pos_362,1,/mnt/nw/home/m.yu/repos/foundry/datasets/toxinpred3/train_pos.csv
train_pos_363,1,/mnt/nw/home/m.yu/repos/foundry/datasets/toxinpred3/train_pos.csv
train_pos_364,1,/mnt/nw/home/m.yu/repos/foundry/datasets/toxinpred3/train_pos.csv
train_pos_365,1,/mnt/nw/home/m.yu/repos/foundry/datasets/toxinpred3/train_pos.csv
train_pos_366,1,/mnt/nw/home/m.yu/repos/foundry/datasets/toxinpred3/train_pos.csv
train_pos_367,1,/mnt/nw/home/m.yu/repos/foundry/datasets/toxinpred3/train_pos.csv
train_pos_368,1,/mnt/nw/home/m.yu/repos/foundry/datasets/toxinpred3/train_pos.csv
train_pos_369,1,/mnt/nw/home/m.yu/repos/foundry/datasets/toxinpred3/train_pos.csv
train_pos_370,1,/mnt/nw/home/m.yu/repos/foundry/datasets/toxinpred3/train_pos.csv
train_pos_371,1,/mnt/nw/home/m.yu/repos/foundry/datasets/toxinpred3/train_pos.csv
train_pos_372,1,/mnt/nw/home/m.yu/repos/foundry/datasets/toxinpred3/train_pos.csv
train_pos_373,1,/mnt/nw/home/m.yu/repos/foundry/datasets/toxinpred3/train_pos.csv
train_pos_374,1,/mnt/nw/home/m.yu/repos/foundry/datasets/toxinpred3/train_pos.csv
train_pos_375,1,/mnt/nw/home/m.yu/repos/foundry/datasets/toxinpred3/train_pos.csv
train_pos_376,1,/mnt/nw/home/m.yu/repos/foundry/datasets/toxinpred3/train_pos.csv
train_pos_377,1,/mnt/nw/home/m.yu/repos/foundry/datasets/toxinpred3/train_pos.csv
train_pos_378,1,/mnt/nw/home/m.yu/repos/foundry/datasets/toxinpred3/train_pos.csv
train_pos_379,1,/mnt/nw/home/m.yu/repos/foundry/datasets/toxinpred3/train_pos.csv
train_pos_380,1,/mnt/nw/home/m.yu/repos/foundry/datasets/toxinpred3/train_pos.csv
train_pos_381,1,/mnt/nw/home/m.yu/repos/foundry/datasets/toxinpred3/train_pos.csv
train_pos_382,1,/mnt/nw/home/m.yu/repos/foundry/datasets/toxinpred3/train_pos.csv
train_pos_383,1,/mnt/nw/home/m.yu/repos/foundry/datasets/toxinpred3/train_pos.csv
train_pos_384,1,/mnt/nw/home/m.yu/repos/foundry/datasets/toxinpred3/train_pos.csv
train_pos_385,1,/mnt/nw/home/m.yu/repos/foundry/datasets/toxinpred3/train_pos.csv
train_pos_386,1,/mnt/nw/home/m.yu/repos/foundry/datasets/toxinpred3/train_pos.csv
train_pos_387,1,/mnt/nw/home/m.yu/repos/foundry/datasets/toxinpred3/train_pos.csv
train_pos_388,1,/mnt/nw/home/m.yu/repos/foundry/datasets/toxinpred3/train_pos.csv
train_pos_389,1,/mnt/nw/home/m.yu/repos/foundry/datasets/toxinpred3/train_pos.csv
train_pos_390,1,/mnt/nw/home/m.yu/repos/foundry/datasets/toxinpred3/train_pos.csv
train_pos_391,1,/mnt/nw/home/m.yu/repos/foundry/datasets/toxinpred3/train_pos.csv
train_pos_392,1,/mnt/nw/home/m.yu/repos/foundry/datasets/toxinpred3/train_pos.csv
train_pos_393,1,/mnt/nw/home/m.yu/repos/foundry/datasets/toxinpred3/train_pos.csv
train_pos_394,1,/mnt/nw/home/m.yu/repos/foundry/datasets/toxinpred3/train_pos.csv
train_pos_395,1,/mnt/nw/home/m.yu/repos/foundry/datasets/toxinpred3/train_pos.csv
train_pos_396,1,/mnt/nw/home/m.yu/repos/foundry/datasets/toxinpred3/train_pos.csv
train_pos_397,1,/mnt/nw/home/m.yu/repos/foundry/datasets/toxinpred3/train_pos.csv
train_pos_398,1,/mnt/nw/home/m.yu/repos/foundry/datasets/toxinpred3/train_pos.csv
train_pos_399,1,/mnt/nw/home/m.yu/repos/foundry/datasets/toxinpred3/train_pos.csv
train_pos_400,1,/mnt/nw/home/m.yu/repos/foundry/datasets/toxinpred3/train_pos.csv
train_pos_401,1,/mnt/nw/home/m.yu/repos/foundry/datasets/toxinpred3/train_pos.csv
train_pos_402,1,/mnt/nw/home/m.yu/repos/foundry/datasets/toxinpred3/train_pos.csv
train_pos_403,1,/mnt/nw/home/m.yu/repos/foundry/datasets/toxinpred3/train_pos.csv
train_pos_404,1,/mnt/nw/home/m.yu/repos/foundry/datasets/toxinpred3/train_pos.csv
train_pos_405,1,/mnt/nw/home/m.yu/repos/foundry/datasets/toxinpred3/train_pos.csv
train_pos_406,1,/mnt/nw/home/m.yu/repos/foundry/datasets/toxinpred3/train_pos.csv
train_pos_407,1,/mnt/nw/home/m.yu/repos/foundry/datasets/toxinpred3/train_pos.csv
train_pos_408,1,/mnt/nw/home/m.yu/repos/foundry/datasets/toxinpred3/train_pos.csv
train_pos_409,1,/mnt/nw/home/m.yu/repos/foundry/datasets/toxinpred3/train_pos.csv
train_pos_410,1,/mnt/nw/home/m.yu/repos/foundry/datasets/toxinpred3/train_pos.csv
train_pos_411,1,/mnt/nw/home/m.yu/repos/foundry/datasets/toxinpred3/train_pos.csv
train_pos_412,1,/mnt/nw/home/m.yu/repos/foundry/datasets/toxinpred3/train_pos.csv
train_pos_413,1,/mnt/nw/home/m.yu/repos/foundry/datasets/toxinpred3/train_pos.csv
train_pos_414,1,/mnt/nw/home/m.yu/repos/foundry/datasets/toxinpred3/train_pos.csv
train_pos_415,1,/mnt/nw/home/m.yu/repos/foundry/datasets/toxinpred3/train_pos.csv
train_pos_416,1,/mnt/nw/home/m.yu/repos/foundry/datasets/toxinpred3/train_pos.csv
train_pos_417,1,/mnt/nw/home/m.yu/repos/foundry/datasets/toxinpred3/train_pos.csv
train_pos_418,1,/mnt/nw/home/m.yu/repos/foundry/datasets/toxinpred3/train_pos.csv
train_pos_419,1,/mnt/nw/home/m.yu/repos/foundry/datasets/toxinpred3/train_pos.csv
train_pos_420,1,/mnt/nw/home/m.yu/repos/foundry/datasets/toxinpred3/train_pos.csv
train_pos_421,1,/mnt/nw/home/m.yu/repos/foundry/datasets/toxinpred3/train_pos.csv
train_pos_422,1,/mnt/nw/home/m.yu/repos/foundry/datasets/toxinpred3/train_pos.csv
train_pos_423,1,/mnt/nw/home/m.yu/repos/foundry/datasets/toxinpred3/train_pos.csv
train_pos_424,1,/mnt/nw/home/m.yu/repos/foundry/datasets/toxinpred3/train_pos.csv
train_pos_425,1,/mnt/nw/home/m.yu/repos/foundry/datasets/toxinpred3/train_pos.csv
train_pos_426,1,/mnt/nw/home/m.yu/repos/foundry/datasets/toxinpred3/train_pos.csv
train_pos_427,1,/mnt/nw/home/m.yu/repos/foundry/datasets/toxinpred3/train_pos.csv
train_pos_428,1,/mnt/nw/home/m.yu/repos/foundry/datasets/toxinpred3/train_pos.csv
train_pos_429,1,/mnt/nw/home/m.yu/repos/foundry/datasets/toxinpred3/train_pos.csv
train_pos_430,1,/mnt/nw/home/m.yu/repos/foundry/datasets/toxinpred3/train_pos.csv
train_pos_431,1,/mnt/nw/home/m.yu/repos/foundry/datasets/toxinpred3/train_pos.csv
train_pos_432,1,/mnt/nw/home/m.yu/repos/foundry/datasets/toxinpred3/train_pos.csv
train_pos_433,1,/mnt/nw/home/m.yu/repos/foundry/datasets/toxinpred3/train_pos.csv
train_pos_434,1,/mnt/nw/home/m.yu/repos/foundry/datasets/toxinpred3/train_pos.csv
train_pos_435,1,/mnt/nw/home/m.yu/repos/foundry/datasets/toxinpred3/train_pos.csv
train_pos_436,1,/mnt/nw/home/m.yu/repos/foundry/datasets/toxinpred3/train_pos.csv
train_pos_437,1,/mnt/nw/home/m.yu/repos/foundry/datasets/toxinpred3/train_pos.csv
train_pos_438,1,/mnt/nw/home/m.yu/repos/foundry/datasets/toxinpred3/train_pos.csv
train_pos_439,1,/mnt/nw/home/m.yu/repos/foundry/datasets/toxinpred3/train_pos.csv
train_pos_440,1,/mnt/nw/home/m.yu/repos/foundry/datasets/toxinpred3/train_pos.csv
train_pos_441,1,/mnt/nw/home/m.yu/repos/foundry/datasets/toxinpred3/train_pos.csv
train_pos_442,1,/mnt/nw/home/m.yu/repos/foundry/datasets/toxinpred3/train_pos.csv
train_pos_443,1,/mnt/nw/home/m.yu/repos/foundry/datasets/toxinpred3/train_pos.csv
train_pos_444,1,/mnt/nw/home/m.yu/repos/foundry/datasets/toxinpred3/train_pos.csv
train_pos_445,1,/mnt/nw/home/m.yu/repos/foundry/datasets/toxinpred3/train_pos.csv
train_pos_446,1,/mnt/nw/home/m.yu/repos/foundry/datasets/toxinpred3/train_pos.csv
train_pos_447,1,/mnt/nw/home/m.yu/repos/foundry/datasets/toxinpred3/train_pos.csv
train_pos_448,1,/mnt/nw/home/m.yu/repos/foundry/datasets/toxinpred3/train_pos.csv
train_pos_449,1,/mnt/nw/home/m.yu/repos/foundry/datasets/toxinpred3/train_pos.csv
train_pos_450,1,/mnt/nw/home/m.yu/repos/foundry/datasets/toxinpred3/train_pos.csv
train_pos_451,1,/mnt/nw/home/m.yu/repos/foundry/datasets/toxinpred3/train_pos.csv
train_pos_452,1,/mnt/nw/home/m.yu/repos/foundry/datasets/toxinpred3/train_pos.csv
train_pos_453,1,/mnt/nw/home/m.yu/repos/foundry/datasets/toxinpred3/train_pos.csv
train_pos_454,1,/mnt/nw/home/m.yu/repos/foundry/datasets/toxinpred3/train_pos.csv
train_pos_455,1,/mnt/nw/home/m.yu/repos/foundry/datasets/toxinpred3/train_pos.csv
train_pos_456,1,/mnt/nw/home/m.yu/repos/foundry/datasets/toxinpred3/train_pos.csv
train_pos_457,1,/mnt/nw/home/m.yu/repos/foundry/datasets/toxinpred3/train_pos.csv
train_pos_458,1,/mnt/nw/home/m.yu/repos/foundry/datasets/toxinpred3/train_pos.csv
train_pos_459,1,/mnt/nw/home/m.yu/repos/foundry/datasets/toxinpred3/train_pos.csv
train_pos_460,1,/mnt/nw/home/m.yu/repos/foundry/datasets/toxinpred3/train_pos.csv
train_pos_461,1,/mnt/nw/home/m.yu/repos/foundry/datasets/toxinpred3/train_pos.csv
train_pos_462,1,/mnt/nw/home/m.yu/repos/foundry/datasets/toxinpred3/train_pos.csv
train_pos_463,1,/mnt/nw/home/m.yu/repos/foundry/datasets/toxinpred3/train_pos.csv
train_pos_464,1,/mnt/nw/home/m.yu/repos/foundry/datasets/toxinpred3/train_pos.csv
train_pos_465,1,/mnt/nw/home/m.yu/repos/foundry/datasets/toxinpred3/train_pos.csv
train_pos_466,1,/mnt/nw/home/m.yu/repos/foundry/datasets/toxinpred3/train_pos.csv
train_pos_467,1,/mnt/nw/home/m.yu/repos/foundry/datasets/toxinpred3/train_pos.csv
train_pos_468,1,/mnt/nw/home/m.yu/repos/foundry/datasets/toxinpred3/train_pos.csv
train_pos_469,1,/mnt/nw/home/m.yu/repos/foundry/datasets/toxinpred3/train_pos.csv
train_pos_470,1,/mnt/nw/home/m.yu/repos/foundry/datasets/toxinpred3/train_pos.csv
train_pos_471,1,/mnt/nw/home/m.yu/repos/foundry/datasets/toxinpred3/train_pos.csv
train_pos_472,1,/mnt/nw/home/m.yu/repos/foundry/datasets/toxinpred3/train_pos.csv
train_pos_473,1,/mnt/nw/home/m.yu/repos/foundry/datasets/toxinpred3/train_pos.csv
train_pos_474,1,/mnt/nw/home/m.yu/repos/foundry/datasets/toxinpred3/train_pos.csv
train_pos_475,1,/mnt/nw/home/m.yu/repos/foundry/datasets/toxinpred3/train_pos.csv
train_pos_476,1,/mnt/nw/home/m.yu/repos/foundry/datasets/toxinpred3/train_pos.csv
train_pos_477,1,/mnt/nw/home/m.yu/repos/foundry/datasets/toxinpred3/train_pos.csv
train_pos_478,1,/mnt/nw/home/m.yu/repos/foundry/datasets/toxinpred3/train_pos.csv
train_pos_479,1,/mnt/nw/home/m.yu/repos/foundry/datasets/toxinpred3/train_pos.csv
train_pos_480,1,/mnt/nw/home/m.yu/repos/foundry/datasets/toxinpred3/train_pos.csv
train_pos_481,1,/mnt/nw/home/m.yu/repos/foundry/datasets/toxinpred3/train_pos.csv
train_pos_482,1,/mnt/nw/home/m.yu/repos/foundry/datasets/toxinpred3/train_pos.csv
train_pos_483,1,/mnt/nw/home/m.yu/repos/foundry/datasets/toxinpred3/train_pos.csv
train_pos_484,1,/mnt/nw/home/m.yu/repos/foundry/datasets/toxinpred3/train_pos.csv
train_pos_485,1,/mnt/nw/home/m.yu/repos/foundry/datasets/toxinpred3/train_pos.csv
train_pos_486,1,/mnt/nw/home/m.yu/repos/foundry/datasets/toxinpred3/train_pos.csv
train_pos_487,1,/mnt/nw/home/m.yu/repos/foundry/datasets/toxinpred3/train_pos.csv
train_pos_488,1,/mnt/nw/home/m.yu/repos/foundry/datasets/toxinpred3/train_pos.csv
train_pos_489,1,/mnt/nw/home/m.yu/repos/foundry/datasets/toxinpred3/train_pos.csv
train_pos_490,1,/mnt/nw/home/m.yu/repos/foundry/datasets/toxinpred3/train_pos.csv
train_pos_491,1,/mnt/nw/home/m.yu/repos/foundry/datasets/toxinpred3/train_pos.csv
train_pos_492,1,/mnt/nw/home/m.yu/repos/foundry/datasets/toxinpred3/train_pos.csv
train_pos_493,1,/mnt/nw/home/m.yu/repos/foundry/datasets/toxinpred3/train_pos.csv
train_pos_494,1,/mnt/nw/home/m.yu/repos/foundry/datasets/toxinpred3/train_pos.csv
train_pos_495,1,/mnt/nw/home/m.yu/repos/foundry/datasets/toxinpred3/train_pos.csv
train_pos_496,1,/mnt/nw/home/m.yu/repos/foundry/datasets/toxinpred3/train_pos.csv
train_pos_497,1,/mnt/nw/home/m.yu/repos/foundry/datasets/toxinpred3/train_pos.csv
train_pos_498,1,/mnt/nw/home/m.yu/repos/foundry/datasets/toxinpred3/train_pos.csv
train_pos_499,1,/mnt/nw/home/m.yu/repos/foundry/datasets/toxinpred3/train_pos.csv
train_pos_500,1,/mnt/nw/home/m.yu/repos/foundry/datasets/toxinpred3/train_pos.csv
train_pos_501,1,/mnt/nw/home/m.yu/repos/foundry/datasets/toxinpred3/train_pos.csv
train_pos_502,1,/mnt/nw/home/m.yu/repos/foundry/datasets/toxinpred3/train_pos.csv
train_pos_503,1,/mnt/nw/home/m.yu/repos/foundry/datasets/toxinpred3/train_pos.csv
train_pos_504,1,/mnt/nw/home/m.yu/repos/foundry/datasets/toxinpred3/train_pos.csv
train_pos_505,1,/mnt/nw/home/m.yu/repos/foundry/datasets/toxinpred3/train_pos.csv
train_pos_506,1,/mnt/nw/home/m.yu/repos/foundry/datasets/toxinpred3/train_pos.csv
train_pos_507,1,/mnt/nw/home/m.yu/repos/foundry/datasets/toxinpred3/train_pos.csv
train_pos_508,1,/mnt/nw/home/m.yu/repos/foundry/datasets/toxinpred3/train_pos.csv
train_pos_509,1,/mnt/nw/home/m.yu/repos/foundry/datasets/toxinpred3/train_pos.csv
train_pos_510,1,/mnt/nw/home/m.yu/repos/foundry/datasets/toxinpred3/train_pos.csv
train_pos_511,1,/mnt/nw/home/m.yu/repos/foundry/datasets/toxinpred3/train_pos.csv
train_pos_512,1,/mnt/nw/home/m.yu/repos/foundry/datasets/toxinpred3/train_pos.csv
train_pos_513,1,/mnt/nw/home/m.yu/repos/foundry/datasets/toxinpred3/train_pos.csv
train_pos_514,1,/mnt/nw/home/m.yu/repos/foundry/datasets/toxinpred3/train_pos.csv
train_pos_515,1,/mnt/nw/home/m.yu/repos/foundry/datasets/toxinpred3/train_pos.csv
train_pos_516,1,/mnt/nw/home/m.yu/repos/foundry/datasets/toxinpred3/train_pos.csv
train_pos_517,1,/mnt/nw/home/m.yu/repos/foundry/datasets/toxinpred3/train_pos.csv
train_pos_518,1,/mnt/nw/home/m.yu/repos/foundry/datasets/toxinpred3/train_pos.csv
train_pos_519,1,/mnt/nw/home/m.yu/repos/foundry/datasets/toxinpred3/train_pos.csv
train_pos_520,1,/mnt/nw/home/m.yu/repos/foundry/datasets/toxinpred3/train_pos.csv
train_pos_521,1,/mnt/nw/home/m.yu/repos/foundry/datasets/toxinpred3/train_pos.csv
train_pos_522,1,/mnt/nw/home/m.yu/repos/foundry/datasets/toxinpred3/train_pos.csv
train_pos_523,1,/mnt/nw/home/m.yu/repos/foundry/datasets/toxinpred3/train_pos.csv
train_pos_524,1,/mnt/nw/home/m.yu/repos/foundry/datasets/toxinpred3/train_pos.csv
train_pos_525,1,/mnt/nw/home/m.yu/repos/foundry/datasets/toxinpred3/train_pos.csv
train_pos_526,1,/mnt/nw/home/m.yu/repos/foundry/datasets/toxinpred3/train_pos.csv
train_pos_527,1,/mnt/nw/home/m.yu/repos/foundry/datasets/toxinpred3/train_pos.csv
train_pos_528,1,/mnt/nw/home/m.yu/repos/foundry/datasets/toxinpred3/train_pos.csv
train_pos_529,1,/mnt/nw/home/m.yu/repos/foundry/datasets/toxinpred3/train_pos.csv
train_pos_530,1,/mnt/nw/home/m.yu/repos/foundry/datasets/toxinpred3/train_pos.csv
train_pos_531,1,/mnt/nw/home/m.yu/repos/foundry/datasets/toxinpred3/train_pos.csv
train_pos_532,1,/mnt/nw/home/m.yu/repos/foundry/datasets/toxinpred3/train_pos.csv
train_pos_533,1,/mnt/nw/home/m.yu/repos/foundry/datasets/toxinpred3/train_pos.csv
train_pos_534,1,/mnt/nw/home/m.yu/repos/foundry/datasets/toxinpred3/train_pos.csv
train_pos_535,1,/mnt/nw/home/m.yu/repos/foundry/datasets/toxinpred3/train_pos.csv
train_pos_536,1,/mnt/nw/home/m.yu/repos/foundry/datasets/toxinpred3/train_pos.csv
train_pos_537,1,/mnt/nw/home/m.yu/repos/foundry/datasets/toxinpred3/train_pos.csv
train_pos_538,1,/mnt/nw/home/m.yu/repos/foundry/datasets/toxinpred3/train_pos.csv
train_pos_539,1,/mnt/nw/home/m.yu/repos/foundry/datasets/toxinpred3/train_pos.csv
train_pos_540,1,/mnt/nw/home/m.yu/repos/foundry/datasets/toxinpred3/train_pos.csv
train_pos_541,1,/mnt/nw/home/m.yu/repos/foundry/datasets/toxinpred3/train_pos.csv
train_pos_542,1,/mnt/nw/home/m.yu/repos/foundry/datasets/toxinpred3/train_pos.csv
train_pos_543,1,/mnt/nw/home/m.yu/repos/foundry/datasets/toxinpred3/train_pos.csv
train_pos_544,1,/mnt/nw/home/m.yu/repos/foundry/datasets/toxinpred3/train_pos.csv
train_pos_545,1,/mnt/nw/home/m.yu/repos/foundry/datasets/toxinpred3/train_pos.csv
train_pos_546,1,/mnt/nw/home/m.yu/repos/foundry/datasets/toxinpred3/train_pos.csv
train_pos_547,1,/mnt/nw/home/m.yu/repos/foundry/datasets/toxinpred3/train_pos.csv
train_pos_548,1,/mnt/nw/home/m.yu/repos/foundry/datasets/toxinpred3/train_pos.csv
train_pos_549,1,/mnt/nw/home/m.yu/repos/foundry/datasets/toxinpred3/train_pos.csv
train_pos_550,1,/mnt/nw/home/m.yu/repos/foundry/datasets/toxinpred3/train_pos.csv
train_pos_551,1,/mnt/nw/home/m.yu/repos/foundry/datasets/toxinpred3/train_pos.csv
train_pos_552,1,/mnt/nw/home/m.yu/repos/foundry/datasets/toxinpred3/train_pos.csv
train_pos_553,1,/mnt/nw/home/m.yu/repos/foundry/datasets/toxinpred3/train_pos.csv
train_pos_554,1,/mnt/nw/home/m.yu/repos/foundry/datasets/toxinpred3/train_pos.csv
train_pos_555,1,/mnt/nw/home/m.yu/repos/foundry/datasets/toxinpred3/train_pos.csv
train_pos_556,1,/mnt/nw/home/m.yu/repos/foundry/datasets/toxinpred3/train_pos.csv
train_pos_557,1,/mnt/nw/home/m.yu/repos/foundry/datasets/toxinpred3/train_pos.csv
train_pos_558,1,/mnt/nw/home/m.yu/repos/foundry/datasets/toxinpred3/train_pos.csv
train_pos_559,1,/mnt/nw/home/m.yu/repos/foundry/datasets/toxinpred3/train_pos.csv
train_pos_560,1,/mnt/nw/home/m.yu/repos/foundry/datasets/toxinpred3/train_pos.csv
train_pos_561,1,/mnt/nw/home/m.yu/repos/foundry/datasets/toxinpred3/train_pos.csv
train_pos_562,1,/mnt/nw/home/m.yu/repos/foundry/datasets/toxinpred3/train_pos.csv
train_pos_563,1,/mnt/nw/home/m.yu/repos/foundry/datasets/toxinpred3/train_pos.csv
train_pos_564,1,/mnt/nw/home/m.yu/repos/foundry/datasets/toxinpred3/train_pos.csv
train_pos_565,1,/mnt/nw/home/m.yu/repos/foundry/datasets/toxinpred3/train_pos.csv
train_pos_566,1,/mnt/nw/home/m.yu/repos/foundry/datasets/toxinpred3/train_pos.csv
train_pos_567,1,/mnt/nw/home/m.yu/repos/foundry/datasets/toxinpred3/train_pos.csv
train_pos_568,1,/mnt/nw/home/m.yu/repos/foundry/datasets/toxinpred3/train_pos.csv
train_pos_569,1,/mnt/nw/home/m.yu/repos/foundry/datasets/toxinpred3/train_pos.csv
train_pos_570,1,/mnt/nw/home/m.yu/repos/foundry/datasets/toxinpred3/train_pos.csv
train_pos_571,1,/mnt/nw/home/m.yu/repos/foundry/datasets/toxinpred3/train_pos.csv
train_pos_572,1,/mnt/nw/home/m.yu/repos/foundry/datasets/toxinpred3/train_pos.csv
train_pos_573,1,/mnt/nw/home/m.yu/repos/foundry/datasets/toxinpred3/train_pos.csv
train_pos_574,1,/mnt/nw/home/m.yu/repos/foundry/datasets/toxinpred3/train_pos.csv
train_pos_575,1,/mnt/nw/home/m.yu/repos/foundry/datasets/toxinpred3/train_pos.csv
train_pos_576,1,/mnt/nw/home/m.yu/repos/foundry/datasets/toxinpred3/train_pos.csv
train_pos_577,1,/mnt/nw/home/m.yu/repos/foundry/datasets/toxinpred3/train_pos.csv
train_pos_578,1,/mnt/nw/home/m.yu/repos/foundry/datasets/toxinpred3/train_pos.csv
train_pos_579,1,/mnt/nw/home/m.yu/repos/foundry/datasets/toxinpred3/train_pos.csv
train_pos_580,1,/mnt/nw/home/m.yu/repos/foundry/datasets/toxinpred3/train_pos.csv
train_pos_581,1,/mnt/nw/home/m.yu/repos/foundry/datasets/toxinpred3/train_pos.csv
train_pos_582,1,/mnt/nw/home/m.yu/repos/foundry/datasets/toxinpred3/train_pos.csv
train_pos_583,1,/mnt/nw/home/m.yu/repos/foundry/datasets/toxinpred3/train_pos.csv
train_pos_584,1,/mnt/nw/home/m.yu/repos/foundry/datasets/toxinpred3/train_pos.csv
train_pos_585,1,/mnt/nw/home/m.yu/repos/foundry/datasets/toxinpred3/train_pos.csv
train_pos_586,1,/mnt/nw/home/m.yu/repos/foundry/datasets/toxinpred3/train_pos.csv
train_pos_587,1,/mnt/nw/home/m.yu/repos/foundry/datasets/toxinpred3/train_pos.csv
train_pos_588,1,/mnt/nw/home/m.yu/repos/foundry/datasets/toxinpred3/train_pos.csv
train_pos_589,1,/mnt/nw/home/m.yu/repos/foundry/datasets/toxinpred3/train_pos.csv
train_pos_590,1,/mnt/nw/home/m.yu/repos/foundry/datasets/toxinpred3/train_pos.csv
train_pos_591,1,/mnt/nw/home/m.yu/repos/foundry/datasets/toxinpred3/train_pos.csv
train_pos_592,1,/mnt/nw/home/m.yu/repos/foundry/datasets/toxinpred3/train_pos.csv
train_pos_593,1,/mnt/nw/home/m.yu/repos/foundry/datasets/toxinpred3/train_pos.csv
train_pos_594,1,/mnt/nw/home/m.yu/repos/foundry/datasets/toxinpred3/train_pos.csv
train_pos_595,1,/mnt/nw/home/m.yu/repos/foundry/datasets/toxinpred3/train_pos.csv
train_pos_596,1,/mnt/nw/home/m.yu/repos/foundry/datasets/toxinpred3/train_pos.csv
train_pos_597,1,/mnt/nw/home/m.yu/repos/foundry/datasets/toxinpred3/train_pos.csv
train_pos_598,1,/mnt/nw/home/m.yu/repos/foundry/datasets/toxinpred3/train_pos.csv
train_pos_599,1,/mnt/nw/home/m.yu/repos/foundry/datasets/toxinpred3/train_pos.csv
train_pos_600,1,/mnt/nw/home/m.yu/repos/foundry/datasets/toxinpred3/train_pos.csv
train_pos_601,1,/mnt/nw/home/m.yu/repos/foundry/datasets/toxinpred3/train_pos.csv
train_pos_602,1,/mnt/nw/home/m.yu/repos/foundry/datasets/toxinpred3/train_pos.csv
train_pos_603,1,/mnt/nw/home/m.yu/repos/foundry/datasets/toxinpred3/train_pos.csv
train_pos_604,1,/mnt/nw/home/m.yu/repos/foundry/datasets/toxinpred3/train_pos.csv
train_pos_605,1,/mnt/nw/home/m.yu/repos/foundry/datasets/toxinpred3/train_pos.csv
train_pos_606,1,/mnt/nw/home/m.yu/repos/foundry/datasets/toxinpred3/train_pos.csv
train_pos_607,1,/mnt/nw/home/m.yu/repos/foundry/datasets/toxinpred3/train_pos.csv
train_pos_608,1,/mnt/nw/home/m.yu/repos/foundry/datasets/toxinpred3/train_pos.csv
train_pos_609,1,/mnt/nw/home/m.yu/repos/foundry/datasets/toxinpred3/train_pos.csv
train_pos_610,1,/mnt/nw/home/m.yu/repos/foundry/datasets/toxinpred3/train_pos.csv
train_pos_611,1,/mnt/nw/home/m.yu/repos/foundry/datasets/toxinpred3/train_pos.csv
train_pos_612,1,/mnt/nw/home/m.yu/repos/foundry/datasets/toxinpred3/train_pos.csv
train_pos_613,1,/mnt/nw/home/m.yu/repos/foundry/datasets/toxinpred3/train_pos.csv
train_pos_614,1,/mnt/nw/home/m.yu/repos/foundry/datasets/toxinpred3/train_pos.csv
train_pos_615,1,/mnt/nw/home/m.yu/repos/foundry/datasets/toxinpred3/train_pos.csv
train_pos_616,1,/mnt/nw/home/m.yu/repos/foundry/datasets/toxinpred3/train_pos.csv
train_pos_617,1,/mnt/nw/home/m.yu/repos/foundry/datasets/toxinpred3/train_pos.csv
train_pos_618,1,/mnt/nw/home/m.yu/repos/foundry/datasets/toxinpred3/train_pos.csv
train_pos_619,1,/mnt/nw/home/m.yu/repos/foundry/datasets/toxinpred3/train_pos.csv
train_pos_620,1,/mnt/nw/home/m.yu/repos/foundry/datasets/toxinpred3/train_pos.csv
train_pos_621,1,/mnt/nw/home/m.yu/repos/foundry/datasets/toxinpred3/train_pos.csv
train_pos_622,1,/mnt/nw/home/m.yu/repos/foundry/datasets/toxinpred3/train_pos.csv
train_pos_623,1,/mnt/nw/home/m.yu/repos/foundry/datasets/toxinpred3/train_pos.csv
train_pos_624,1,/mnt/nw/home/m.yu/repos/foundry/datasets/toxinpred3/train_pos.csv
train_pos_625,1,/mnt/nw/home/m.yu/repos/foundry/datasets/toxinpred3/train_pos.csv
train_pos_626,1,/mnt/nw/home/m.yu/repos/foundry/datasets/toxinpred3/train_pos.csv
train_pos_627,1,/mnt/nw/home/m.yu/repos/foundry/datasets/toxinpred3/train_pos.csv
train_pos_628,1,/mnt/nw/home/m.yu/repos/foundry/datasets/toxinpred3/train_pos.csv
train_pos_629,1,/mnt/nw/home/m.yu/repos/foundry/datasets/toxinpred3/train_pos.csv
train_pos_630,1,/mnt/nw/home/m.yu/repos/foundry/datasets/toxinpred3/train_pos.csv
train_pos_631,1,/mnt/nw/home/m.yu/repos/foundry/datasets/toxinpred3/train_pos.csv
train_pos_632,1,/mnt/nw/home/m.yu/repos/foundry/datasets/toxinpred3/train_pos.csv
train_pos_633,1,/mnt/nw/home/m.yu/repos/foundry/datasets/toxinpred3/train_pos.csv
train_pos_634,1,/mnt/nw/home/m.yu/repos/foundry/datasets/toxinpred3/train_pos.csv
train_pos_635,1,/mnt/nw/home/m.yu/repos/foundry/datasets/toxinpred3/train_pos.csv
train_pos_636,1,/mnt/nw/home/m.yu/repos/foundry/datasets/toxinpred3/train_pos.csv
train_pos_637,1,/mnt/nw/home/m.yu/repos/foundry/datasets/toxinpred3/train_pos.csv
train_pos_638,1,/mnt/nw/home/m.yu/repos/foundry/datasets/toxinpred3/train_pos.csv
train_pos_639,1,/mnt/nw/home/m.yu/repos/foundry/datasets/toxinpred3/train_pos.csv
train_pos_640,1,/mnt/nw/home/m.yu/repos/foundry/datasets/toxinpred3/train_pos.csv
train_pos_641,1,/mnt/nw/home/m.yu/repos/foundry/datasets/toxinpred3/train_pos.csv
train_pos_642,1,/mnt/nw/home/m.yu/repos/foundry/datasets/toxinpred3/train_pos.csv
train_pos_643,1,/mnt/nw/home/m.yu/repos/foundry/datasets/toxinpred3/train_pos.csv
train_pos_644,1,/mnt/nw/home/m.yu/repos/foundry/datasets/toxinpred3/train_pos.csv
train_pos_645,1,/mnt/nw/home/m.yu/repos/foundry/datasets/toxinpred3/train_pos.csv
train_pos_646,1,/mnt/nw/home/m.yu/repos/foundry/datasets/toxinpred3/train_pos.csv
train_pos_647,1,/mnt/nw/home/m.yu/repos/foundry/datasets/toxinpred3/train_pos.csv
train_pos_648,1,/mnt/nw/home/m.yu/repos/foundry/datasets/toxinpred3/train_pos.csv
train_pos_649,1,/mnt/nw/home/m.yu/repos/foundry/datasets/toxinpred3/train_pos.csv
train_pos_650,1,/mnt/nw/home/m.yu/repos/foundry/datasets/toxinpred3/train_pos.csv
train_pos_651,1,/mnt/nw/home/m.yu/repos/foundry/datasets/toxinpred3/train_pos.csv
train_pos_652,1,/mnt/nw/home/m.yu/repos/foundry/datasets/toxinpred3/train_pos.csv
train_pos_653,1,/mnt/nw/home/m.yu/repos/foundry/datasets/toxinpred3/train_pos.csv
train_pos_654,1,/mnt/nw/home/m.yu/repos/foundry/datasets/toxinpred3/train_pos.csv
train_pos_655,1,/mnt/nw/home/m.yu/repos/foundry/datasets/toxinpred3/train_pos.csv
train_pos_656,1,/mnt/nw/home/m.yu/repos/foundry/datasets/toxinpred3/train_pos.csv
train_pos_657,1,/mnt/nw/home/m.yu/repos/foundry/datasets/toxinpred3/train_pos.csv
train_pos_658,1,/mnt/nw/home/m.yu/repos/foundry/datasets/toxinpred3/train_pos.csv
train_pos_659,1,/mnt/nw/home/m.yu/repos/foundry/datasets/toxinpred3/train_pos.csv
train_pos_660,1,/mnt/nw/home/m.yu/repos/foundry/datasets/toxinpred3/train_pos.csv
train_pos_661,1,/mnt/nw/home/m.yu/repos/foundry/datasets/toxinpred3/train_pos.csv
train_pos_662,1,/mnt/nw/home/m.yu/repos/foundry/datasets/toxinpred3/train_pos.csv
train_pos_663,1,/mnt/nw/home/m.yu/repos/foundry/datasets/toxinpred3/train_pos.csv
train_pos_664,1,/mnt/nw/home/m.yu/repos/foundry/datasets/toxinpred3/train_pos.csv
train_pos_665,1,/mnt/nw/home/m.yu/repos/foundry/datasets/toxinpred3/train_pos.csv
train_pos_666,1,/mnt/nw/home/m.yu/repos/foundry/datasets/toxinpred3/train_pos.csv
train_pos_667,1,/mnt/nw/home/m.yu/repos/foundry/datasets/toxinpred3/train_pos.csv
train_pos_668,1,/mnt/nw/home/m.yu/repos/foundry/datasets/toxinpred3/train_pos.csv
train_pos_669,1,/mnt/nw/home/m.yu/repos/foundry/datasets/toxinpred3/train_pos.csv
train_pos_670,1,/mnt/nw/home/m.yu/repos/foundry/datasets/toxinpred3/train_pos.csv
train_pos_671,1,/mnt/nw/home/m.yu/repos/foundry/datasets/toxinpred3/train_pos.csv
train_pos_672,1,/mnt/nw/home/m.yu/repos/foundry/datasets/toxinpred3/train_pos.csv
train_pos_673,1,/mnt/nw/home/m.yu/repos/foundry/datasets/toxinpred3/train_pos.csv
train_pos_674,1,/mnt/nw/home/m.yu/repos/foundry/datasets/toxinpred3/train_pos.csv
train_pos_675,1,/mnt/nw/home/m.yu/repos/foundry/datasets/toxinpred3/train_pos.csv
train_pos_676,1,/mnt/nw/home/m.yu/repos/foundry/datasets/toxinpred3/train_pos.csv
train_pos_677,1,/mnt/nw/home/m.yu/repos/foundry/datasets/toxinpred3/train_pos.csv
train_pos_678,1,/mnt/nw/home/m.yu/repos/foundry/datasets/toxinpred3/train_pos.csv
train_pos_679,1,/mnt/nw/home/m.yu/repos/foundry/datasets/toxinpred3/train_pos.csv
train_pos_680,1,/mnt/nw/home/m.yu/repos/foundry/datasets/toxinpred3/train_pos.csv
train_pos_681,1,/mnt/nw/home/m.yu/repos/foundry/datasets/toxinpred3/train_pos.csv
train_pos_682,1,/mnt/nw/home/m.yu/repos/foundry/datasets/toxinpred3/train_pos.csv
train_pos_683,1,/mnt/nw/home/m.yu/repos/foundry/datasets/toxinpred3/train_pos.csv
train_pos_684,1,/mnt/nw/home/m.yu/repos/foundry/datasets/toxinpred3/train_pos.csv
train_pos_685,1,/mnt/nw/home/m.yu/repos/foundry/datasets/toxinpred3/train_pos.csv
train_pos_686,1,/mnt/nw/home/m.yu/repos/foundry/datasets/toxinpred3/train_pos.csv
train_pos_687,1,/mnt/nw/home/m.yu/repos/foundry/datasets/toxinpred3/train_pos.csv
train_pos_688,1,/mnt/nw/home/m.yu/repos/foundry/datasets/toxinpred3/train_pos.csv
train_pos_689,1,/mnt/nw/home/m.yu/repos/foundry/datasets/toxinpred3/train_pos.csv
train_pos_690,1,/mnt/nw/home/m.yu/repos/foundry/datasets/toxinpred3/train_pos.csv
train_pos_691,1,/mnt/nw/home/m.yu/repos/foundry/datasets/toxinpred3/train_pos.csv
train_pos_692,1,/mnt/nw/home/m.yu/repos/foundry/datasets/toxinpred3/train_pos.csv
train_pos_693,1,/mnt/nw/home/m.yu/repos/foundry/datasets/toxinpred3/train_pos.csv
train_pos_694,1,/mnt/nw/home/m.yu/repos/foundry/datasets/toxinpred3/train_pos.csv
train_pos_695,1,/mnt/nw/home/m.yu/repos/foundry/datasets/toxinpred3/train_pos.csv
train_pos_696,1,/mnt/nw/home/m.yu/repos/foundry/datasets/toxinpred3/train_pos.csv
train_pos_697,1,/mnt/nw/home/m.yu/repos/foundry/datasets/toxinpred3/train_pos.csv
train_pos_698,1,/mnt/nw/home/m.yu/repos/foundry/datasets/toxinpred3/train_pos.csv
train_pos_699,1,/mnt/nw/home/m.yu/repos/foundry/datasets/toxinpred3/train_pos.csv
train_pos_700,1,/mnt/nw/home/m.yu/repos/foundry/datasets/toxinpred3/train_pos.csv
train_pos_701,1,/mnt/nw/home/m.yu/repos/foundry/datasets/toxinpred3/train_pos.csv
train_pos_702,1,/mnt/nw/home/m.yu/repos/foundry/datasets/toxinpred3/train_pos.csv
train_pos_703,1,/mnt/nw/home/m.yu/repos/foundry/datasets/toxinpred3/train_pos.csv
train_pos_704,1,/mnt/nw/home/m.yu/repos/foundry/datasets/toxinpred3/train_pos.csv
train_pos_705,1,/mnt/nw/home/m.yu/repos/foundry/datasets/toxinpred3/train_pos.csv
train_pos_706,1,/mnt/nw/home/m.yu/repos/foundry/datasets/toxinpred3/train_pos.csv
train_pos_707,1,/mnt/nw/home/m.yu/repos/foundry/datasets/toxinpred3/train_pos.csv
train_pos_708,1,/mnt/nw/home/m.yu/repos/foundry/datasets/toxinpred3/train_pos.csv
train_pos_709,1,/mnt/nw/home/m.yu/repos/foundry/datasets/toxinpred3/train_pos.csv
train_pos_710,1,/mnt/nw/home/m.yu/repos/foundry/datasets/toxinpred3/train_pos.csv
train_pos_711,1,/mnt/nw/home/m.yu/repos/foundry/datasets/toxinpred3/train_pos.csv
train_pos_712,1,/mnt/nw/home/m.yu/repos/foundry/datasets/toxinpred3/train_pos.csv
train_pos_713,1,/mnt/nw/home/m.yu/repos/foundry/datasets/toxinpred3/train_pos.csv
train_pos_714,1,/mnt/nw/home/m.yu/repos/foundry/datasets/toxinpred3/train_pos.csv
train_pos_715,1,/mnt/nw/home/m.yu/repos/foundry/datasets/toxinpred3/train_pos.csv
train_pos_716,1,/mnt/nw/home/m.yu/repos/foundry/datasets/toxinpred3/train_pos.csv
train_pos_717,1,/mnt/nw/home/m.yu/repos/foundry/datasets/toxinpred3/train_pos.csv
train_pos_718,1,/mnt/nw/home/m.yu/repos/foundry/datasets/toxinpred3/train_pos.csv
train_pos_719,1,/mnt/nw/home/m.yu/repos/foundry/datasets/toxinpred3/train_pos.csv
train_pos_720,1,/mnt/nw/home/m.yu/repos/foundry/datasets/toxinpred3/train_pos.csv
train_pos_721,1,/mnt/nw/home/m.yu/repos/foundry/datasets/toxinpred3/train_pos.csv
train_pos_722,1,/mnt/nw/home/m.yu/repos/foundry/datasets/toxinpred3/train_pos.csv
train_pos_723,1,/mnt/nw/home/m.yu/repos/foundry/datasets/toxinpred3/train_pos.csv
train_pos_724,1,/mnt/nw/home/m.yu/repos/foundry/datasets/toxinpred3/train_pos.csv
train_pos_725,1,/mnt/nw/home/m.yu/repos/foundry/datasets/toxinpred3/train_pos.csv
train_pos_726,1,/mnt/nw/home/m.yu/repos/foundry/datasets/toxinpred3/train_pos.csv
train_pos_727,1,/mnt/nw/home/m.yu/repos/foundry/datasets/toxinpred3/train_pos.csv
train_pos_728,1,/mnt/nw/home/m.yu/repos/foundry/datasets/toxinpred3/train_pos.csv
train_pos_729,1,/mnt/nw/home/m.yu/repos/foundry/datasets/toxinpred3/train_pos.csv
train_pos_730,1,/mnt/nw/home/m.yu/repos/foundry/datasets/toxinpred3/train_pos.csv
train_pos_731,1,/mnt/nw/home/m.yu/repos/foundry/datasets/toxinpred3/train_pos.csv
train_pos_732,1,/mnt/nw/home/m.yu/repos/foundry/datasets/toxinpred3/train_pos.csv
train_pos_733,1,/mnt/nw/home/m.yu/repos/foundry/datasets/toxinpred3/train_pos.csv
train_pos_734,1,/mnt/nw/home/m.yu/repos/foundry/datasets/toxinpred3/train_pos.csv
train_pos_735,1,/mnt/nw/home/m.yu/repos/foundry/datasets/toxinpred3/train_pos.csv
train_pos_736,1,/mnt/nw/home/m.yu/repos/foundry/datasets/toxinpred3/train_pos.csv
train_pos_737,1,/mnt/nw/home/m.yu/repos/foundry/datasets/toxinpred3/train_pos.csv
train_pos_738,1,/mnt/nw/home/m.yu/repos/foundry/datasets/toxinpred3/train_pos.csv
train_pos_739,1,/mnt/nw/home/m.yu/repos/foundry/datasets/toxinpred3/train_pos.csv
train_pos_740,1,/mnt/nw/home/m.yu/repos/foundry/datasets/toxinpred3/train_pos.csv
train_pos_741,1,/mnt/nw/home/m.yu/repos/foundry/datasets/toxinpred3/train_pos.csv
train_pos_742,1,/mnt/nw/home/m.yu/repos/foundry/datasets/toxinpred3/train_pos.csv
train_pos_743,1,/mnt/nw/home/m.yu/repos/foundry/datasets/toxinpred3/train_pos.csv
train_pos_744,1,/mnt/nw/home/m.yu/repos/foundry/datasets/toxinpred3/train_pos.csv
train_pos_745,1,/mnt/nw/home/m.yu/repos/foundry/datasets/toxinpred3/train_pos.csv
train_pos_746,1,/mnt/nw/home/m.yu/repos/foundry/datasets/toxinpred3/train_pos.csv
train_pos_747,1,/mnt/nw/home/m.yu/repos/foundry/datasets/toxinpred3/train_pos.csv
train_pos_748,1,/mnt/nw/home/m.yu/repos/foundry/datasets/toxinpred3/train_pos.csv
train_pos_749,1,/mnt/nw/home/m.yu/repos/foundry/datasets/toxinpred3/train_pos.csv
train_pos_750,1,/mnt/nw/home/m.yu/repos/foundry/datasets/toxinpred3/train_pos.csv
train_pos_751,1,/mnt/nw/home/m.yu/repos/foundry/datasets/toxinpred3/train_pos.csv
train_pos_752,1,/mnt/nw/home/m.yu/repos/foundry/datasets/toxinpred3/train_pos.csv
train_pos_753,1,/mnt/nw/home/m.yu/repos/foundry/datasets/toxinpred3/train_pos.csv
train_pos_754,1,/mnt/nw/home/m.yu/repos/foundry/datasets/toxinpred3/train_pos.csv
train_pos_755,1,/mnt/nw/home/m.yu/repos/foundry/datasets/toxinpred3/train_pos.csv
train_pos_756,1,/mnt/nw/home/m.yu/repos/foundry/datasets/toxinpred3/train_pos.csv
train_pos_757,1,/mnt/nw/home/m.yu/repos/foundry/datasets/toxinpred3/train_pos.csv
train_pos_758,1,/mnt/nw/home/m.yu/repos/foundry/datasets/toxinpred3/train_pos.csv
train_pos_759,1,/mnt/nw/home/m.yu/repos/foundry/datasets/toxinpred3/train_pos.csv
train_pos_760,1,/mnt/nw/home/m.yu/repos/foundry/datasets/toxinpred3/train_pos.csv
train_pos_761,1,/mnt/nw/home/m.yu/repos/foundry/datasets/toxinpred3/train_pos.csv
train_pos_762,1,/mnt/nw/home/m.yu/repos/foundry/datasets/toxinpred3/train_pos.csv
train_pos_763,1,/mnt/nw/home/m.yu/repos/foundry/datasets/toxinpred3/train_pos.csv
train_pos_764,1,/mnt/nw/home/m.yu/repos/foundry/datasets/toxinpred3/train_pos.csv
train_pos_765,1,/mnt/nw/home/m.yu/repos/foundry/datasets/toxinpred3/train_pos.csv
train_pos_766,1,/mnt/nw/home/m.yu/repos/foundry/datasets/toxinpred3/train_pos.csv
train_pos_767,1,/mnt/nw/home/m.yu/repos/foundry/datasets/toxinpred3/train_pos.csv
train_pos_768,1,/mnt/nw/home/m.yu/repos/foundry/datasets/toxinpred3/train_pos.csv
train_pos_769,1,/mnt/nw/home/m.yu/repos/foundry/datasets/toxinpred3/train_pos.csv
train_pos_770,1,/mnt/nw/home/m.yu/repos/foundry/datasets/toxinpred3/train_pos.csv
train_pos_771,1,/mnt/nw/home/m.yu/repos/foundry/datasets/toxinpred3/train_pos.csv
train_pos_772,1,/mnt/nw/home/m.yu/repos/foundry/datasets/toxinpred3/train_pos.csv
train_pos_773,1,/mnt/nw/home/m.yu/repos/foundry/datasets/toxinpred3/train_pos.csv
train_pos_774,1,/mnt/nw/home/m.yu/repos/foundry/datasets/toxinpred3/train_pos.csv
train_pos_775,1,/mnt/nw/home/m.yu/repos/foundry/datasets/toxinpred3/train_pos.csv
train_pos_776,1,/mnt/nw/home/m.yu/repos/foundry/datasets/toxinpred3/train_pos.csv
train_pos_777,1,/mnt/nw/home/m.yu/repos/foundry/datasets/toxinpred3/train_pos.csv
train_pos_778,1,/mnt/nw/home/m.yu/repos/foundry/datasets/toxinpred3/train_pos.csv
train_pos_779,1,/mnt/nw/home/m.yu/repos/foundry/datasets/toxinpred3/train_pos.csv
train_pos_780,1,/mnt/nw/home/m.yu/repos/foundry/datasets/toxinpred3/train_pos.csv
train_pos_781,1,/mnt/nw/home/m.yu/repos/foundry/datasets/toxinpred3/train_pos.csv
train_pos_782,1,/mnt/nw/home/m.yu/repos/foundry/datasets/toxinpred3/train_pos.csv
train_pos_783,1,/mnt/nw/home/m.yu/repos/foundry/datasets/toxinpred3/train_pos.csv
train_pos_784,1,/mnt/nw/home/m.yu/repos/foundry/datasets/toxinpred3/train_pos.csv
train_pos_785,1,/mnt/nw/home/m.yu/repos/foundry/datasets/toxinpred3/train_pos.csv
train_pos_786,1,/mnt/nw/home/m.yu/repos/foundry/datasets/toxinpred3/train_pos.csv
train_pos_787,1,/mnt/nw/home/m.yu/repos/foundry/datasets/toxinpred3/train_pos.csv
train_pos_788,1,/mnt/nw/home/m.yu/repos/foundry/datasets/toxinpred3/train_pos.csv
train_pos_789,1,/mnt/nw/home/m.yu/repos/foundry/datasets/toxinpred3/train_pos.csv
train_pos_790,1,/mnt/nw/home/m.yu/repos/foundry/datasets/toxinpred3/train_pos.csv
train_pos_791,1,/mnt/nw/home/m.yu/repos/foundry/datasets/toxinpred3/train_pos.csv
train_pos_792,1,/mnt/nw/home/m.yu/repos/foundry/datasets/toxinpred3/train_pos.csv
train_pos_793,1,/mnt/nw/home/m.yu/repos/foundry/datasets/toxinpred3/train_pos.csv
train_pos_794,1,/mnt/nw/home/m.yu/repos/foundry/datasets/toxinpred3/train_pos.csv
train_pos_795,1,/mnt/nw/home/m.yu/repos/foundry/datasets/toxinpred3/train_pos.csv
train_pos_796,1,/mnt/nw/home/m.yu/repos/foundry/datasets/toxinpred3/train_pos.csv
train_pos_797,1,/mnt/nw/home/m.yu/repos/foundry/datasets/toxinpred3/train_pos.csv
train_pos_798,1,/mnt/nw/home/m.yu/repos/foundry/datasets/toxinpred3/train_pos.csv
train_pos_799,1,/mnt/nw/home/m.yu/repos/foundry/datasets/toxinpred3/train_pos.csv
train_pos_800,1,/mnt/nw/home/m.yu/repos/foundry/datasets/toxinpred3/train_pos.csv
train_pos_801,1,/mnt/nw/home/m.yu/repos/foundry/datasets/toxinpred3/train_pos.csv
train_pos_802,1,/mnt/nw/home/m.yu/repos/foundry/datasets/toxinpred3/train_pos.csv
train_pos_803,1,/mnt/nw/home/m.yu/repos/foundry/datasets/toxinpred3/train_pos.csv
train_pos_804,1,/mnt/nw/home/m.yu/repos/foundry/datasets/toxinpred3/train_pos.csv
train_pos_805,1,/mnt/nw/home/m.yu/repos/foundry/datasets/toxinpred3/train_pos.csv
train_pos_806,1,/mnt/nw/home/m.yu/repos/foundry/datasets/toxinpred3/train_pos.csv
train_pos_807,1,/mnt/nw/home/m.yu/repos/foundry/datasets/toxinpred3/train_pos.csv
train_pos_808,1,/mnt/nw/home/m.yu/repos/foundry/datasets/toxinpred3/train_pos.csv
train_pos_809,1,/mnt/nw/home/m.yu/repos/foundry/datasets/toxinpred3/train_pos.csv
train_pos_810,1,/mnt/nw/home/m.yu/repos/foundry/datasets/toxinpred3/train_pos.csv
train_pos_811,1,/mnt/nw/home/m.yu/repos/foundry/datasets/toxinpred3/train_pos.csv
train_pos_812,1,/mnt/nw/home/m.yu/repos/foundry/datasets/toxinpred3/train_pos.csv
train_pos_813,1,/mnt/nw/home/m.yu/repos/foundry/datasets/toxinpred3/train_pos.csv
train_pos_814,1,/mnt/nw/home/m.yu/repos/foundry/datasets/toxinpred3/train_pos.csv
train_pos_815,1,/mnt/nw/home/m.yu/repos/foundry/datasets/toxinpred3/train_pos.csv
train_pos_816,1,/mnt/nw/home/m.yu/repos/foundry/datasets/toxinpred3/train_pos.csv
train_pos_817,1,/mnt/nw/home/m.yu/repos/foundry/datasets/toxinpred3/train_pos.csv
train_pos_818,1,/mnt/nw/home/m.yu/repos/foundry/datasets/toxinpred3/train_pos.csv
train_pos_819,1,/mnt/nw/home/m.yu/repos/foundry/datasets/toxinpred3/train_pos.csv
train_pos_820,1,/mnt/nw/home/m.yu/repos/foundry/datasets/toxinpred3/train_pos.csv
train_pos_821,1,/mnt/nw/home/m.yu/repos/foundry/datasets/toxinpred3/train_pos.csv
train_pos_822,1,/mnt/nw/home/m.yu/repos/foundry/datasets/toxinpred3/train_pos.csv
train_pos_823,1,/mnt/nw/home/m.yu/repos/foundry/datasets/toxinpred3/train_pos.csv
train_pos_824,1,/mnt/nw/home/m.yu/repos/foundry/datasets/toxinpred3/train_pos.csv
train_pos_825,1,/mnt/nw/home/m.yu/repos/foundry/datasets/toxinpred3/train_pos.csv
train_pos_826,1,/mnt/nw/home/m.yu/repos/foundry/datasets/toxinpred3/train_pos.csv
train_pos_827,1,/mnt/nw/home/m.yu/repos/foundry/datasets/toxinpred3/train_pos.csv
train_pos_828,1,/mnt/nw/home/m.yu/repos/foundry/datasets/toxinpred3/train_pos.csv
train_pos_829,1,/mnt/nw/home/m.yu/repos/foundry/datasets/toxinpred3/train_pos.csv
train_pos_830,1,/mnt/nw/home/m.yu/repos/foundry/datasets/toxinpred3/train_pos.csv
train_pos_831,1,/mnt/nw/home/m.yu/repos/foundry/datasets/toxinpred3/train_pos.csv
train_pos_832,1,/mnt/nw/home/m.yu/repos/foundry/datasets/toxinpred3/train_pos.csv
train_pos_833,1,/mnt/nw/home/m.yu/repos/foundry/datasets/toxinpred3/train_pos.csv
train_pos_834,1,/mnt/nw/home/m.yu/repos/foundry/datasets/toxinpred3/train_pos.csv
train_pos_835,1,/mnt/nw/home/m.yu/repos/foundry/datasets/toxinpred3/train_pos.csv
train_pos_836,1,/mnt/nw/home/m.yu/repos/foundry/datasets/toxinpred3/train_pos.csv
train_pos_837,1,/mnt/nw/home/m.yu/repos/foundry/datasets/toxinpred3/train_pos.csv
train_pos_838,1,/mnt/nw/home/m.yu/repos/foundry/datasets/toxinpred3/train_pos.csv
train_pos_839,1,/mnt/nw/home/m.yu/repos/foundry/datasets/toxinpred3/train_pos.csv
train_pos_840,1,/mnt/nw/home/m.yu/repos/foundry/datasets/toxinpred3/train_pos.csv
train_pos_841,1,/mnt/nw/home/m.yu/repos/foundry/datasets/toxinpred3/train_pos.csv
train_pos_842,1,/mnt/nw/home/m.yu/repos/foundry/datasets/toxinpred3/train_pos.csv
train_pos_843,1,/mnt/nw/home/m.yu/repos/foundry/datasets/toxinpred3/train_pos.csv
train_pos_844,1,/mnt/nw/home/m.yu/repos/foundry/datasets/toxinpred3/train_pos.csv
train_pos_845,1,/mnt/nw/home/m.yu/repos/foundry/datasets/toxinpred3/train_pos.csv
train_pos_846,1,/mnt/nw/home/m.yu/repos/foundry/datasets/toxinpred3/train_pos.csv
train_pos_847,1,/mnt/nw/home/m.yu/repos/foundry/datasets/toxinpred3/train_pos.csv
train_pos_848,1,/mnt/nw/home/m.yu/repos/foundry/datasets/toxinpred3/train_pos.csv
train_pos_849,1,/mnt/nw/home/m.yu/repos/foundry/datasets/toxinpred3/train_pos.csv
train_pos_850,1,/mnt/nw/home/m.yu/repos/foundry/datasets/toxinpred3/train_pos.csv
train_pos_851,1,/mnt/nw/home/m.yu/repos/foundry/datasets/toxinpred3/train_pos.csv
train_pos_852,1,/mnt/nw/home/m.yu/repos/foundry/datasets/toxinpred3/train_pos.csv
train_pos_853,1,/mnt/nw/home/m.yu/repos/foundry/datasets/toxinpred3/train_pos.csv
train_pos_854,1,/mnt/nw/home/m.yu/repos/foundry/datasets/toxinpred3/train_pos.csv
train_pos_855,1,/mnt/nw/home/m.yu/repos/foundry/datasets/toxinpred3/train_pos.csv
train_pos_856,1,/mnt/nw/home/m.yu/repos/foundry/datasets/toxinpred3/train_pos.csv
train_pos_857,1,/mnt/nw/home/m.yu/repos/foundry/datasets/toxinpred3/train_pos.csv
train_pos_858,1,/mnt/nw/home/m.yu/repos/foundry/datasets/toxinpred3/train_pos.csv
train_pos_859,1,/mnt/nw/home/m.yu/repos/foundry/datasets/toxinpred3/train_pos.csv
train_pos_860,1,/mnt/nw/home/m.yu/repos/foundry/datasets/toxinpred3/train_pos.csv
train_pos_861,1,/mnt/nw/home/m.yu/repos/foundry/datasets/toxinpred3/train_pos.csv
train_pos_862,1,/mnt/nw/home/m.yu/repos/foundry/datasets/toxinpred3/train_pos.csv
train_pos_863,1,/mnt/nw/home/m.yu/repos/foundry/datasets/toxinpred3/train_pos.csv
train_pos_864,1,/mnt/nw/home/m.yu/repos/foundry/datasets/toxinpred3/train_pos.csv
train_pos_865,1,/mnt/nw/home/m.yu/repos/foundry/datasets/toxinpred3/train_pos.csv
train_pos_866,1,/mnt/nw/home/m.yu/repos/foundry/datasets/toxinpred3/train_pos.csv
train_pos_867,1,/mnt/nw/home/m.yu/repos/foundry/datasets/toxinpred3/train_pos.csv
train_pos_868,1,/mnt/nw/home/m.yu/repos/foundry/datasets/toxinpred3/train_pos.csv
train_pos_869,1,/mnt/nw/home/m.yu/repos/foundry/datasets/toxinpred3/train_pos.csv
train_pos_870,1,/mnt/nw/home/m.yu/repos/foundry/datasets/toxinpred3/train_pos.csv
train_pos_871,1,/mnt/nw/home/m.yu/repos/foundry/datasets/toxinpred3/train_pos.csv
train_pos_872,1,/mnt/nw/home/m.yu/repos/foundry/datasets/toxinpred3/train_pos.csv
train_pos_873,1,/mnt/nw/home/m.yu/repos/foundry/datasets/toxinpred3/train_pos.csv
train_pos_874,1,/mnt/nw/home/m.yu/repos/foundry/datasets/toxinpred3/train_pos.csv
train_pos_875,1,/mnt/nw/home/m.yu/repos/foundry/datasets/toxinpred3/train_pos.csv
train_pos_876,1,/mnt/nw/home/m.yu/repos/foundry/datasets/toxinpred3/train_pos.csv
train_pos_877,1,/mnt/nw/home/m.yu/repos/foundry/datasets/toxinpred3/train_pos.csv
train_pos_878,1,/mnt/nw/home/m.yu/repos/foundry/datasets/toxinpred3/train_pos.csv
train_pos_879,1,/mnt/nw/home/m.yu/repos/foundry/datasets/toxinpred3/train_pos.csv
train_pos_880,1,/mnt/nw/home/m.yu/repos/foundry/datasets/toxinpred3/train_pos.csv
train_pos_881,1,/mnt/nw/home/m.yu/repos/foundry/datasets/toxinpred3/train_pos.csv
train_pos_882,1,/mnt/nw/home/m.yu/repos/foundry/datasets/toxinpred3/train_pos.csv
train_pos_883,1,/mnt/nw/home/m.yu/repos/foundry/datasets/toxinpred3/train_pos.csv
train_pos_884,1,/mnt/nw/home/m.yu/repos/foundry/datasets/toxinpred3/train_pos.csv
train_pos_885,1,/mnt/nw/home/m.yu/repos/foundry/datasets/toxinpred3/train_pos.csv
train_pos_886,1,/mnt/nw/home/m.yu/repos/foundry/datasets/toxinpred3/train_pos.csv
train_pos_887,1,/mnt/nw/home/m.yu/repos/foundry/datasets/toxinpred3/train_pos.csv
train_pos_888,1,/mnt/nw/home/m.yu/repos/foundry/datasets/toxinpred3/train_pos.csv
train_pos_889,1,/mnt/nw/home/m.yu/repos/foundry/datasets/toxinpred3/train_pos.csv
train_pos_890,1,/mnt/nw/home/m.yu/repos/foundry/datasets/toxinpred3/train_pos.csv
train_pos_891,1,/mnt/nw/home/m.yu/repos/foundry/datasets/toxinpred3/train_pos.csv
train_pos_892,1,/mnt/nw/home/m.yu/repos/foundry/datasets/toxinpred3/train_pos.csv
train_pos_893,1,/mnt/nw/home/m.yu/repos/foundry/datasets/toxinpred3/train_pos.csv
train_pos_894,1,/mnt/nw/home/m.yu/repos/foundry/datasets/toxinpred3/train_pos.csv
train_pos_895,1,/mnt/nw/home/m.yu/repos/foundry/datasets/toxinpred3/train_pos.csv
train_pos_896,1,/mnt/nw/home/m.yu/repos/foundry/datasets/toxinpred3/train_pos.csv
train_pos_897,1,/mnt/nw/home/m.yu/repos/foundry/datasets/toxinpred3/train_pos.csv
train_pos_898,1,/mnt/nw/home/m.yu/repos/foundry/datasets/toxinpred3/train_pos.csv
train_pos_899,1,/mnt/nw/home/m.yu/repos/foundry/datasets/toxinpred3/train_pos.csv
train_pos_900,1,/mnt/nw/home/m.yu/repos/foundry/datasets/toxinpred3/train_pos.csv
train_pos_901,1,/mnt/nw/home/m.yu/repos/foundry/datasets/toxinpred3/train_pos.csv
train_pos_902,1,/mnt/nw/home/m.yu/repos/foundry/datasets/toxinpred3/train_pos.csv
train_pos_903,1,/mnt/nw/home/m.yu/repos/foundry/datasets/toxinpred3/train_pos.csv
train_pos_904,1,/mnt/nw/home/m.yu/repos/foundry/datasets/toxinpred3/train_pos.csv
train_pos_905,1,/mnt/nw/home/m.yu/repos/foundry/datasets/toxinpred3/train_pos.csv
train_pos_906,1,/mnt/nw/home/m.yu/repos/foundry/datasets/toxinpred3/train_pos.csv
train_pos_907,1,/mnt/nw/home/m.yu/repos/foundry/datasets/toxinpred3/train_pos.csv
train_pos_908,1,/mnt/nw/home/m.yu/repos/foundry/datasets/toxinpred3/train_pos.csv
train_pos_909,1,/mnt/nw/home/m.yu/repos/foundry/datasets/toxinpred3/train_pos.csv
train_pos_910,1,/mnt/nw/home/m.yu/repos/foundry/datasets/toxinpred3/train_pos.csv
train_pos_911,1,/mnt/nw/home/m.yu/repos/foundry/datasets/toxinpred3/train_pos.csv
train_pos_912,1,/mnt/nw/home/m.yu/repos/foundry/datasets/toxinpred3/train_pos.csv
train_pos_913,1,/mnt/nw/home/m.yu/repos/foundry/datasets/toxinpred3/train_pos.csv
train_pos_914,1,/mnt/nw/home/m.yu/repos/foundry/datasets/toxinpred3/train_pos.csv
train_pos_915,1,/mnt/nw/home/m.yu/repos/foundry/datasets/toxinpred3/train_pos.csv
train_pos_916,1,/mnt/nw/home/m.yu/repos/foundry/datasets/toxinpred3/train_pos.csv
train_pos_917,1,/mnt/nw/home/m.yu/repos/foundry/datasets/toxinpred3/train_pos.csv
train_pos_918,1,/mnt/nw/home/m.yu/repos/foundry/datasets/toxinpred3/train_pos.csv
train_pos_919,1,/mnt/nw/home/m.yu/repos/foundry/datasets/toxinpred3/train_pos.csv
train_pos_920,1,/mnt/nw/home/m.yu/repos/foundry/datasets/toxinpred3/train_pos.csv
train_pos_921,1,/mnt/nw/home/m.yu/repos/foundry/datasets/toxinpred3/train_pos.csv
train_pos_922,1,/mnt/nw/home/m.yu/repos/foundry/datasets/toxinpred3/train_pos.csv
train_pos_923,1,/mnt/nw/home/m.yu/repos/foundry/datasets/toxinpred3/train_pos.csv
train_pos_924,1,/mnt/nw/home/m.yu/repos/foundry/datasets/toxinpred3/train_pos.csv
train_pos_925,1,/mnt/nw/home/m.yu/repos/foundry/datasets/toxinpred3/train_pos.csv
train_pos_926,1,/mnt/nw/home/m.yu/repos/foundry/datasets/toxinpred3/train_pos.csv
train_pos_927,1,/mnt/nw/home/m.yu/repos/foundry/datasets/toxinpred3/train_pos.csv
train_pos_928,1,/mnt/nw/home/m.yu/repos/foundry/datasets/toxinpred3/train_pos.csv
train_pos_929,1,/mnt/nw/home/m.yu/repos/foundry/datasets/toxinpred3/train_pos.csv
train_pos_930,1,/mnt/nw/home/m.yu/repos/foundry/datasets/toxinpred3/train_pos.csv
train_pos_931,1,/mnt/nw/home/m.yu/repos/foundry/datasets/toxinpred3/train_pos.csv
train_pos_932,1,/mnt/nw/home/m.yu/repos/foundry/datasets/toxinpred3/train_pos.csv
train_pos_933,1,/mnt/nw/home/m.yu/repos/foundry/datasets/toxinpred3/train_pos.csv
train_pos_934,1,/mnt/nw/home/m.yu/repos/foundry/datasets/toxinpred3/train_pos.csv
train_pos_935,1,/mnt/nw/home/m.yu/repos/foundry/datasets/toxinpred3/train_pos.csv
train_pos_936,1,/mnt/nw/home/m.yu/repos/foundry/datasets/toxinpred3/train_pos.csv
train_pos_937,1,/mnt/nw/home/m.yu/repos/foundry/datasets/toxinpred3/train_pos.csv
train_pos_938,1,/mnt/nw/home/m.yu/repos/foundry/datasets/toxinpred3/train_pos.csv
train_pos_939,1,/mnt/nw/home/m.yu/repos/foundry/datasets/toxinpred3/train_pos.csv
train_pos_940,1,/mnt/nw/home/m.yu/repos/foundry/datasets/toxinpred3/train_pos.csv
train_pos_941,1,/mnt/nw/home/m.yu/repos/foundry/datasets/toxinpred3/train_pos.csv
train_pos_942,1,/mnt/nw/home/m.yu/repos/foundry/datasets/toxinpred3/train_pos.csv
train_pos_943,1,/mnt/nw/home/m.yu/repos/foundry/datasets/toxinpred3/train_pos.csv
train_pos_944,1,/mnt/nw/home/m.yu/repos/foundry/datasets/toxinpred3/train_pos.csv
train_pos_945,1,/mnt/nw/home/m.yu/repos/foundry/datasets/toxinpred3/train_pos.csv
train_pos_946,1,/mnt/nw/home/m.yu/repos/foundry/datasets/toxinpred3/train_pos.csv
train_pos_947,1,/mnt/nw/home/m.yu/repos/foundry/datasets/toxinpred3/train_pos.csv
train_pos_948,1,/mnt/nw/home/m.yu/repos/foundry/datasets/toxinpred3/train_pos.csv
train_pos_949,1,/mnt/nw/home/m.yu/repos/foundry/datasets/toxinpred3/train_pos.csv
train_pos_950,1,/mnt/nw/home/m.yu/repos/foundry/datasets/toxinpred3/train_pos.csv
train_pos_951,1,/mnt/nw/home/m.yu/repos/foundry/datasets/toxinpred3/train_pos.csv
train_pos_952,1,/mnt/nw/home/m.yu/repos/foundry/datasets/toxinpred3/train_pos.csv
train_pos_953,1,/mnt/nw/home/m.yu/repos/foundry/datasets/toxinpred3/train_pos.csv
train_pos_954,1,/mnt/nw/home/m.yu/repos/foundry/datasets/toxinpred3/train_pos.csv
train_pos_955,1,/mnt/nw/home/m.yu/repos/foundry/datasets/toxinpred3/train_pos.csv
train_pos_956,1,/mnt/nw/home/m.yu/repos/foundry/datasets/toxinpred3/train_pos.csv
train_pos_957,1,/mnt/nw/home/m.yu/repos/foundry/datasets/toxinpred3/train_pos.csv
train_pos_958,1,/mnt/nw/home/m.yu/repos/foundry/datasets/toxinpred3/train_pos.csv
train_pos_959,1,/mnt/nw/home/m.yu/repos/foundry/datasets/toxinpred3/train_pos.csv
train_pos_960,1,/mnt/nw/home/m.yu/repos/foundry/datasets/toxinpred3/train_pos.csv
train_pos_961,1,/mnt/nw/home/m.yu/repos/foundry/datasets/toxinpred3/train_pos.csv
train_pos_962,1,/mnt/nw/home/m.yu/repos/foundry/datasets/toxinpred3/train_pos.csv
train_pos_963,1,/mnt/nw/home/m.yu/repos/foundry/datasets/toxinpred3/train_pos.csv
train_pos_964,1,/mnt/nw/home/m.yu/repos/foundry/datasets/toxinpred3/train_pos.csv
train_pos_965,1,/mnt/nw/home/m.yu/repos/foundry/datasets/toxinpred3/train_pos.csv
train_pos_966,1,/mnt/nw/home/m.yu/repos/foundry/datasets/toxinpred3/train_pos.csv
train_pos_967,1,/mnt/nw/home/m.yu/repos/foundry/datasets/toxinpred3/train_pos.csv
train_pos_968,1,/mnt/nw/home/m.yu/repos/foundry/datasets/toxinpred3/train_pos.csv
train_pos_969,1,/mnt/nw/home/m.yu/repos/foundry/datasets/toxinpred3/train_pos.csv
train_pos_970,1,/mnt/nw/home/m.yu/repos/foundry/datasets/toxinpred3/train_pos.csv
train_pos_971,1,/mnt/nw/home/m.yu/repos/foundry/datasets/toxinpred3/train_pos.csv
train_pos_972,1,/mnt/nw/home/m.yu/repos/foundry/datasets/toxinpred3/train_pos.csv
train_pos_973,1,/mnt/nw/home/m.yu/repos/foundry/datasets/toxinpred3/train_pos.csv
train_pos_974,1,/mnt/nw/home/m.yu/repos/foundry/datasets/toxinpred3/train_pos.csv
train_pos_975,1,/mnt/nw/home/m.yu/repos/foundry/datasets/toxinpred3/train_pos.csv
train_pos_976,1,/mnt/nw/home/m.yu/repos/foundry/datasets/toxinpred3/train_pos.csv
train_pos_977,1,/mnt/nw/home/m.yu/repos/foundry/datasets/toxinpred3/train_pos.csv
train_pos_978,1,/mnt/nw/home/m.yu/repos/foundry/datasets/toxinpred3/train_pos.csv
train_pos_979,1,/mnt/nw/home/m.yu/repos/foundry/datasets/toxinpred3/train_pos.csv
train_pos_980,1,/mnt/nw/home/m.yu/repos/foundry/datasets/toxinpred3/train_pos.csv
train_pos_981,1,/mnt/nw/home/m.yu/repos/foundry/datasets/toxinpred3/train_pos.csv
train_pos_982,1,/mnt/nw/home/m.yu/repos/foundry/datasets/toxinpred3/train_pos.csv
train_pos_983,1,/mnt/nw/home/m.yu/repos/foundry/datasets/toxinpred3/train_pos.csv
train_pos_984,1,/mnt/nw/home/m.yu/repos/foundry/datasets/toxinpred3/train_pos.csv
train_pos_985,1,/mnt/nw/home/m.yu/repos/foundry/datasets/toxinpred3/train_pos.csv
train_pos_986,1,/mnt/nw/home/m.yu/repos/foundry/datasets/toxinpred3/train_pos.csv
train_pos_987,1,/mnt/nw/home/m.yu/repos/foundry/datasets/toxinpred3/train_pos.csv
train_pos_988,1,/mnt/nw/home/m.yu/repos/foundry/datasets/toxinpred3/train_pos.csv
train_pos_989,1,/mnt/nw/home/m.yu/repos/foundry/datasets/toxinpred3/train_pos.csv
train_pos_990,1,/mnt/nw/home/m.yu/repos/foundry/datasets/toxinpred3/train_pos.csv
train_pos_991,1,/mnt/nw/home/m.yu/repos/foundry/datasets/toxinpred3/train_pos.csv
train_pos_992,1,/mnt/nw/home/m.yu/repos/foundry/datasets/toxinpred3/train_pos.csv
train_pos_993,1,/mnt/nw/home/m.yu/repos/foundry/datasets/toxinpred3/train_pos.csv
train_pos_994,1,/mnt/nw/home/m.yu/repos/foundry/datasets/toxinpred3/train_pos.csv
train_pos_995,1,/mnt/nw/home/m.yu/repos/foundry/datasets/toxinpred3/train_pos.csv
train_pos_996,1,/mnt/nw/home/m.yu/repos/foundry/datasets/toxinpred3/train_pos.csv
train_pos_997,1,/mnt/nw/home/m.yu/repos/foundry/datasets/toxinpred3/train_pos.csv
train_pos_998,1,/mnt/nw/home/m.yu/repos/foundry/datasets/toxinpred3/train_pos.csv
train_pos_999,1,/mnt/nw/home/m.yu/repos/foundry/datasets/toxinpred3/train_pos.csv
train_pos_1000,1,/mnt/nw/home/m.yu/repos/foundry/datasets/toxinpred3/train_pos.csv
train_pos_1001,1,/mnt/nw/home/m.yu/repos/foundry/datasets/toxinpred3/train_pos.csv
train_pos_1002,1,/mnt/nw/home/m.yu/repos/foundry/datasets/toxinpred3/train_pos.csv
train_pos_1003,1,/mnt/nw/home/m.yu/repos/foundry/datasets/toxinpred3/train_pos.csv
train_pos_1004,1,/mnt/nw/home/m.yu/repos/foundry/datasets/toxinpred3/train_pos.csv
train_pos_1005,1,/mnt/nw/home/m.yu/repos/foundry/datasets/toxinpred3/train_pos.csv
train_pos_1006,1,/mnt/nw/home/m.yu/repos/foundry/datasets/toxinpred3/train_pos.csv
train_pos_1007,1,/mnt/nw/home/m.yu/repos/foundry/datasets/toxinpred3/train_pos.csv
train_pos_1008,1,/mnt/nw/home/m.yu/repos/foundry/datasets/toxinpred3/train_pos.csv
train_pos_1009,1,/mnt/nw/home/m.yu/repos/foundry/datasets/toxinpred3/train_pos.csv
train_pos_1010,1,/mnt/nw/home/m.yu/repos/foundry/datasets/toxinpred3/train_pos.csv
train_pos_1011,1,/mnt/nw/home/m.yu/repos/foundry/datasets/toxinpred3/train_pos.csv
train_pos_1012,1,/mnt/nw/home/m.yu/repos/foundry/datasets/toxinpred3/train_pos.csv
train_pos_1013,1,/mnt/nw/home/m.yu/repos/foundry/datasets/toxinpred3/train_pos.csv
train_pos_1014,1,/mnt/nw/home/m.yu/repos/foundry/datasets/toxinpred3/train_pos.csv
train_pos_1015,1,/mnt/nw/home/m.yu/repos/foundry/datasets/toxinpred3/train_pos.csv
train_pos_1016,1,/mnt/nw/home/m.yu/repos/foundry/datasets/toxinpred3/train_pos.csv
train_pos_1017,1,/mnt/nw/home/m.yu/repos/foundry/datasets/toxinpred3/train_pos.csv
train_pos_1018,1,/mnt/nw/home/m.yu/repos/foundry/datasets/toxinpred3/train_pos.csv
train_pos_1019,1,/mnt/nw/home/m.yu/repos/foundry/datasets/toxinpred3/train_pos.csv
train_pos_1020,1,/mnt/nw/home/m.yu/repos/foundry/datasets/toxinpred3/train_pos.csv
train_pos_1021,1,/mnt/nw/home/m.yu/repos/foundry/datasets/toxinpred3/train_pos.csv
train_pos_1022,1,/mnt/nw/home/m.yu/repos/foundry/datasets/toxinpred3/train_pos.csv
train_pos_1023,1,/mnt/nw/home/m.yu/repos/foundry/datasets/toxinpred3/train_pos.csv
train_pos_1024,1,/mnt/nw/home/m.yu/repos/foundry/datasets/toxinpred3/train_pos.csv
train_pos_1025,1,/mnt/nw/home/m.yu/repos/foundry/datasets/toxinpred3/train_pos.csv
train_pos_1026,1,/mnt/nw/home/m.yu/repos/foundry/datasets/toxinpred3/train_pos.csv
train_pos_1027,1,/mnt/nw/home/m.yu/repos/foundry/datasets/toxinpred3/train_pos.csv
train_pos_1028,1,/mnt/nw/home/m.yu/repos/foundry/datasets/toxinpred3/train_pos.csv
train_pos_1029,1,/mnt/nw/home/m.yu/repos/foundry/datasets/toxinpred3/train_pos.csv
train_pos_1030,1,/mnt/nw/home/m.yu/repos/foundry/datasets/toxinpred3/train_pos.csv
train_pos_1031,1,/mnt/nw/home/m.yu/repos/foundry/datasets/toxinpred3/train_pos.csv
train_pos_1032,1,/mnt/nw/home/m.yu/repos/foundry/datasets/toxinpred3/train_pos.csv
train_pos_1033,1,/mnt/nw/home/m.yu/repos/foundry/datasets/toxinpred3/train_pos.csv
train_pos_1034,1,/mnt/nw/home/m.yu/repos/foundry/datasets/toxinpred3/train_pos.csv
train_pos_1035,1,/mnt/nw/home/m.yu/repos/foundry/datasets/toxinpred3/train_pos.csv
train_pos_1036,1,/mnt/nw/home/m.yu/repos/foundry/datasets/toxinpred3/train_pos.csv
train_pos_1037,1,/mnt/nw/home/m.yu/repos/foundry/datasets/toxinpred3/train_pos.csv
train_pos_1038,1,/mnt/nw/home/m.yu/repos/foundry/datasets/toxinpred3/train_pos.csv
train_pos_1039,1,/mnt/nw/home/m.yu/repos/foundry/datasets/toxinpred3/train_pos.csv
train_pos_1040,1,/mnt/nw/home/m.yu/repos/foundry/datasets/toxinpred3/train_pos.csv
train_pos_1041,1,/mnt/nw/home/m.yu/repos/foundry/datasets/toxinpred3/train_pos.csv
train_pos_1042,1,/mnt/nw/home/m.yu/repos/foundry/datasets/toxinpred3/train_pos.csv
train_pos_1043,1,/mnt/nw/home/m.yu/repos/foundry/datasets/toxinpred3/train_pos.csv
train_pos_1044,1,/mnt/nw/home/m.yu/repos/foundry/datasets/toxinpred3/train_pos.csv
train_pos_1045,1,/mnt/nw/home/m.yu/repos/foundry/datasets/toxinpred3/train_pos.csv
train_pos_1046,1,/mnt/nw/home/m.yu/repos/foundry/datasets/toxinpred3/train_pos.csv
train_pos_1047,1,/mnt/nw/home/m.yu/repos/foundry/datasets/toxinpred3/train_pos.csv
train_pos_1048,1,/mnt/nw/home/m.yu/repos/foundry/datasets/toxinpred3/train_pos.csv
train_pos_1049,1,/mnt/nw/home/m.yu/repos/foundry/datasets/toxinpred3/train_pos.csv
train_pos_1050,1,/mnt/nw/home/m.yu/repos/foundry/datasets/toxinpred3/train_pos.csv
train_pos_1051,1,/mnt/nw/home/m.yu/repos/foundry/datasets/toxinpred3/train_pos.csv
train_pos_1052,1,/mnt/nw/home/m.yu/repos/foundry/datasets/toxinpred3/train_pos.csv
train_pos_1053,1,/mnt/nw/home/m.yu/repos/foundry/datasets/toxinpred3/train_pos.csv
train_pos_1054,1,/mnt/nw/home/m.yu/repos/foundry/datasets/toxinpred3/train_pos.csv
train_pos_1055,1,/mnt/nw/home/m.yu/repos/foundry/datasets/toxinpred3/train_pos.csv
train_pos_1056,1,/mnt/nw/home/m.yu/repos/foundry/datasets/toxinpred3/train_pos.csv
train_pos_1057,1,/mnt/nw/home/m.yu/repos/foundry/datasets/toxinpred3/train_pos.csv
train_pos_1058,1,/mnt/nw/home/m.yu/repos/foundry/datasets/toxinpred3/train_pos.csv
train_pos_1059,1,/mnt/nw/home/m.yu/repos/foundry/datasets/toxinpred3/train_pos.csv
train_pos_1060,1,/mnt/nw/home/m.yu/repos/foundry/datasets/toxinpred3/train_pos.csv
train_pos_1061,1,/mnt/nw/home/m.yu/repos/foundry/datasets/toxinpred3/train_pos.csv
train_pos_1062,1,/mnt/nw/home/m.yu/repos/foundry/datasets/toxinpred3/train_pos.csv
train_pos_1063,1,/mnt/nw/home/m.yu/repos/foundry/datasets/toxinpred3/train_pos.csv
train_pos_1064,1,/mnt/nw/home/m.yu/repos/foundry/datasets/toxinpred3/train_pos.csv
train_pos_1065,1,/mnt/nw/home/m.yu/repos/foundry/datasets/toxinpred3/train_pos.csv
train_pos_1066,1,/mnt/nw/home/m.yu/repos/foundry/datasets/toxinpred3/train_pos.csv
train_pos_1067,1,/mnt/nw/home/m.yu/repos/foundry/datasets/toxinpred3/train_pos.csv
train_pos_1068,1,/mnt/nw/home/m.yu/repos/foundry/datasets/toxinpred3/train_pos.csv
train_pos_1069,1,/mnt/nw/home/m.yu/repos/foundry/datasets/toxinpred3/train_pos.csv
train_pos_1070,1,/mnt/nw/home/m.yu/repos/foundry/datasets/toxinpred3/train_pos.csv
train_pos_1071,1,/mnt/nw/home/m.yu/repos/foundry/datasets/toxinpred3/train_pos.csv
train_pos_1072,1,/mnt/nw/home/m.yu/repos/foundry/datasets/toxinpred3/train_pos.csv
train_pos_1073,1,/mnt/nw/home/m.yu/repos/foundry/datasets/toxinpred3/train_pos.csv
train_pos_1074,1,/mnt/nw/home/m.yu/repos/foundry/datasets/toxinpred3/train_pos.csv
train_pos_1075,1,/mnt/nw/home/m.yu/repos/foundry/datasets/toxinpred3/train_pos.csv
train_pos_1076,1,/mnt/nw/home/m.yu/repos/foundry/datasets/toxinpred3/train_pos.csv
train_pos_1077,1,/mnt/nw/home/m.yu/repos/foundry/datasets/toxinpred3/train_pos.csv
train_pos_1078,1,/mnt/nw/home/m.yu/repos/foundry/datasets/toxinpred3/train_pos.csv
train_pos_1079,1,/mnt/nw/home/m.yu/repos/foundry/datasets/toxinpred3/train_pos.csv
train_pos_1080,1,/mnt/nw/home/m.yu/repos/foundry/datasets/toxinpred3/train_pos.csv
train_pos_1081,1,/mnt/nw/home/m.yu/repos/foundry/datasets/toxinpred3/train_pos.csv
train_pos_1082,1,/mnt/nw/home/m.yu/repos/foundry/datasets/toxinpred3/train_pos.csv
train_pos_1083,1,/mnt/nw/home/m.yu/repos/foundry/datasets/toxinpred3/train_pos.csv
train_pos_1084,1,/mnt/nw/home/m.yu/repos/foundry/datasets/toxinpred3/train_pos.csv
train_pos_1085,1,/mnt/nw/home/m.yu/repos/foundry/datasets/toxinpred3/train_pos.csv
train_pos_1086,1,/mnt/nw/home/m.yu/repos/foundry/datasets/toxinpred3/train_pos.csv
train_pos_1087,1,/mnt/nw/home/m.yu/repos/foundry/datasets/toxinpred3/train_pos.csv
train_pos_1088,1,/mnt/nw/home/m.yu/repos/foundry/datasets/toxinpred3/train_pos.csv
train_pos_1089,1,/mnt/nw/home/m.yu/repos/foundry/datasets/toxinpred3/train_pos.csv
train_pos_1090,1,/mnt/nw/home/m.yu/repos/foundry/datasets/toxinpred3/train_pos.csv
train_pos_1091,1,/mnt/nw/home/m.yu/repos/foundry/datasets/toxinpred3/train_pos.csv
train_pos_1092,1,/mnt/nw/home/m.yu/repos/foundry/datasets/toxinpred3/train_pos.csv
train_pos_1093,1,/mnt/nw/home/m.yu/repos/foundry/datasets/toxinpred3/train_pos.csv
train_pos_1094,1,/mnt/nw/home/m.yu/repos/foundry/datasets/toxinpred3/train_pos.csv
train_pos_1095,1,/mnt/nw/home/m.yu/repos/foundry/datasets/toxinpred3/train_pos.csv
train_pos_1096,1,/mnt/nw/home/m.yu/repos/foundry/datasets/toxinpred3/train_pos.csv
train_pos_1097,1,/mnt/nw/home/m.yu/repos/foundry/datasets/toxinpred3/train_pos.csv
train_pos_1098,1,/mnt/nw/home/m.yu/repos/foundry/datasets/toxinpred3/train_pos.csv
train_pos_1099,1,/mnt/nw/home/m.yu/repos/foundry/datasets/toxinpred3/train_pos.csv
train_pos_1100,1,/mnt/nw/home/m.yu/repos/foundry/datasets/toxinpred3/train_pos.csv
train_pos_1101,1,/mnt/nw/home/m.yu/repos/foundry/datasets/toxinpred3/train_pos.csv
train_pos_1102,1,/mnt/nw/home/m.yu/repos/foundry/datasets/toxinpred3/train_pos.csv
train_pos_1103,1,/mnt/nw/home/m.yu/repos/foundry/datasets/toxinpred3/train_pos.csv
train_pos_1104,1,/mnt/nw/home/m.yu/repos/foundry/datasets/toxinpred3/train_pos.csv
train_pos_1105,1,/mnt/nw/home/m.yu/repos/foundry/datasets/toxinpred3/train_pos.csv
train_pos_1106,1,/mnt/nw/home/m.yu/repos/foundry/datasets/toxinpred3/train_pos.csv
train_pos_1107,1,/mnt/nw/home/m.yu/repos/foundry/datasets/toxinpred3/train_pos.csv
train_pos_1108,1,/mnt/nw/home/m.yu/repos/foundry/datasets/toxinpred3/train_pos.csv
train_pos_1109,1,/mnt/nw/home/m.yu/repos/foundry/datasets/toxinpred3/train_pos.csv
train_pos_1110,1,/mnt/nw/home/m.yu/repos/foundry/datasets/toxinpred3/train_pos.csv
train_pos_1111,1,/mnt/nw/home/m.yu/repos/foundry/datasets/toxinpred3/train_pos.csv
train_pos_1112,1,/mnt/nw/home/m.yu/repos/foundry/datasets/toxinpred3/train_pos.csv
train_pos_1113,1,/mnt/nw/home/m.yu/repos/foundry/datasets/toxinpred3/train_pos.csv
train_pos_1114,1,/mnt/nw/home/m.yu/repos/foundry/datasets/toxinpred3/train_pos.csv
train_pos_1115,1,/mnt/nw/home/m.yu/repos/foundry/datasets/toxinpred3/train_pos.csv
train_pos_1116,1,/mnt/nw/home/m.yu/repos/foundry/datasets/toxinpred3/train_pos.csv
train_pos_1117,1,/mnt/nw/home/m.yu/repos/foundry/datasets/toxinpred3/train_pos.csv
train_pos_1118,1,/mnt/nw/home/m.yu/repos/foundry/datasets/toxinpred3/train_pos.csv
train_pos_1119,1,/mnt/nw/home/m.yu/repos/foundry/datasets/toxinpred3/train_pos.csv
train_pos_1120,1,/mnt/nw/home/m.yu/repos/foundry/datasets/toxinpred3/train_pos.csv
train_pos_1121,1,/mnt/nw/home/m.yu/repos/foundry/datasets/toxinpred3/train_pos.csv
train_pos_1122,1,/mnt/nw/home/m.yu/repos/foundry/datasets/toxinpred3/train_pos.csv
train_pos_1123,1,/mnt/nw/home/m.yu/repos/foundry/datasets/toxinpred3/train_pos.csv
train_pos_1124,1,/mnt/nw/home/m.yu/repos/foundry/datasets/toxinpred3/train_pos.csv
train_pos_1125,1,/mnt/nw/home/m.yu/repos/foundry/datasets/toxinpred3/train_pos.csv
train_pos_1126,1,/mnt/nw/home/m.yu/repos/foundry/datasets/toxinpred3/train_pos.csv
train_pos_1127,1,/mnt/nw/home/m.yu/repos/foundry/datasets/toxinpred3/train_pos.csv
train_pos_1128,1,/mnt/nw/home/m.yu/repos/foundry/datasets/toxinpred3/train_pos.csv
train_pos_1129,1,/mnt/nw/home/m.yu/repos/foundry/datasets/toxinpred3/train_pos.csv
train_pos_1130,1,/mnt/nw/home/m.yu/repos/foundry/datasets/toxinpred3/train_pos.csv
train_pos_1131,1,/mnt/nw/home/m.yu/repos/foundry/datasets/toxinpred3/train_pos.csv
train_pos_1132,1,/mnt/nw/home/m.yu/repos/foundry/datasets/toxinpred3/train_pos.csv
train_pos_1133,1,/mnt/nw/home/m.yu/repos/foundry/datasets/toxinpred3/train_pos.csv
train_pos_1134,1,/mnt/nw/home/m.yu/repos/foundry/datasets/toxinpred3/train_pos.csv
train_pos_1135,1,/mnt/nw/home/m.yu/repos/foundry/datasets/toxinpred3/train_pos.csv
train_pos_1136,1,/mnt/nw/home/m.yu/repos/foundry/datasets/toxinpred3/train_pos.csv
train_pos_1137,1,/mnt/nw/home/m.yu/repos/foundry/datasets/toxinpred3/train_pos.csv
train_pos_1138,1,/mnt/nw/home/m.yu/repos/foundry/datasets/toxinpred3/train_pos.csv
train_pos_1139,1,/mnt/nw/home/m.yu/repos/foundry/datasets/toxinpred3/train_pos.csv
train_pos_1140,1,/mnt/nw/home/m.yu/repos/foundry/datasets/toxinpred3/train_pos.csv
train_pos_1141,1,/mnt/nw/home/m.yu/repos/foundry/datasets/toxinpred3/train_pos.csv
train_pos_1142,1,/mnt/nw/home/m.yu/repos/foundry/datasets/toxinpred3/train_pos.csv
train_pos_1143,1,/mnt/nw/home/m.yu/repos/foundry/datasets/toxinpred3/train_pos.csv
train_pos_1144,1,/mnt/nw/home/m.yu/repos/foundry/datasets/toxinpred3/train_pos.csv
train_pos_1145,1,/mnt/nw/home/m.yu/repos/foundry/datasets/toxinpred3/train_pos.csv
train_pos_1146,1,/mnt/nw/home/m.yu/repos/foundry/datasets/toxinpred3/train_pos.csv
train_pos_1147,1,/mnt/nw/home/m.yu/repos/foundry/datasets/toxinpred3/train_pos.csv
train_pos_1148,1,/mnt/nw/home/m.yu/repos/foundry/datasets/toxinpred3/train_pos.csv
train_pos_1149,1,/mnt/nw/home/m.yu/repos/foundry/datasets/toxinpred3/train_pos.csv
train_pos_1150,1,/mnt/nw/home/m.yu/repos/foundry/datasets/toxinpred3/train_pos.csv
train_pos_1151,1,/mnt/nw/home/m.yu/repos/foundry/datasets/toxinpred3/train_pos.csv
train_pos_1152,1,/mnt/nw/home/m.yu/repos/foundry/datasets/toxinpred3/train_pos.csv
train_pos_1153,1,/mnt/nw/home/m.yu/repos/foundry/datasets/toxinpred3/train_pos.csv
train_pos_1154,1,/mnt/nw/home/m.yu/repos/foundry/datasets/toxinpred3/train_pos.csv
train_pos_1155,1,/mnt/nw/home/m.yu/repos/foundry/datasets/toxinpred3/train_pos.csv
train_pos_1156,1,/mnt/nw/home/m.yu/repos/foundry/datasets/toxinpred3/train_pos.csv
train_pos_1157,1,/mnt/nw/home/m.yu/repos/foundry/datasets/toxinpred3/train_pos.csv
train_pos_1158,1,/mnt/nw/home/m.yu/repos/foundry/datasets/toxinpred3/train_pos.csv
train_pos_1159,1,/mnt/nw/home/m.yu/repos/foundry/datasets/toxinpred3/train_pos.csv
train_pos_1160,1,/mnt/nw/home/m.yu/repos/foundry/datasets/toxinpred3/train_pos.csv
train_pos_1161,1,/mnt/nw/home/m.yu/repos/foundry/datasets/toxinpred3/train_pos.csv
train_pos_1162,1,/mnt/nw/home/m.yu/repos/foundry/datasets/toxinpred3/train_pos.csv
train_pos_1163,1,/mnt/nw/home/m.yu/repos/foundry/datasets/toxinpred3/train_pos.csv
train_pos_1164,1,/mnt/nw/home/m.yu/repos/foundry/datasets/toxinpred3/train_pos.csv
train_pos_1165,1,/mnt/nw/home/m.yu/repos/foundry/datasets/toxinpred3/train_pos.csv
train_pos_1166,1,/mnt/nw/home/m.yu/repos/foundry/datasets/toxinpred3/train_pos.csv
train_pos_1167,1,/mnt/nw/home/m.yu/repos/foundry/datasets/toxinpred3/train_pos.csv
train_pos_1168,1,/mnt/nw/home/m.yu/repos/foundry/datasets/toxinpred3/train_pos.csv
train_pos_1169,1,/mnt/nw/home/m.yu/repos/foundry/datasets/toxinpred3/train_pos.csv
train_pos_1170,1,/mnt/nw/home/m.yu/repos/foundry/datasets/toxinpred3/train_pos.csv
train_pos_1171,1,/mnt/nw/home/m.yu/repos/foundry/datasets/toxinpred3/train_pos.csv
train_pos_1172,1,/mnt/nw/home/m.yu/repos/foundry/datasets/toxinpred3/train_pos.csv
train_pos_1173,1,/mnt/nw/home/m.yu/repos/foundry/datasets/toxinpred3/train_pos.csv
train_pos_1174,1,/mnt/nw/home/m.yu/repos/foundry/datasets/toxinpred3/train_pos.csv
train_pos_1175,1,/mnt/nw/home/m.yu/repos/foundry/datasets/toxinpred3/train_pos.csv
train_pos_1176,1,/mnt/nw/home/m.yu/repos/foundry/datasets/toxinpred3/train_pos.csv
train_pos_1177,1,/mnt/nw/home/m.yu/repos/foundry/datasets/toxinpred3/train_pos.csv
train_pos_1178,1,/mnt/nw/home/m.yu/repos/foundry/datasets/toxinpred3/train_pos.csv
train_pos_1179,1,/mnt/nw/home/m.yu/repos/foundry/datasets/toxinpred3/train_pos.csv
train_pos_1180,1,/mnt/nw/home/m.yu/repos/foundry/datasets/toxinpred3/train_pos.csv
train_pos_1181,1,/mnt/nw/home/m.yu/repos/foundry/datasets/toxinpred3/train_pos.csv
train_pos_1182,1,/mnt/nw/home/m.yu/repos/foundry/datasets/toxinpred3/train_pos.csv
train_pos_1183,1,/mnt/nw/home/m.yu/repos/foundry/datasets/toxinpred3/train_pos.csv
train_pos_1184,1,/mnt/nw/home/m.yu/repos/foundry/datasets/toxinpred3/train_pos.csv
train_pos_1185,1,/mnt/nw/home/m.yu/repos/foundry/datasets/toxinpred3/train_pos.csv
train_pos_1186,1,/mnt/nw/home/m.yu/repos/foundry/datasets/toxinpred3/train_pos.csv
train_pos_1187,1,/mnt/nw/home/m.yu/repos/foundry/datasets/toxinpred3/train_pos.csv
train_pos_1188,1,/mnt/nw/home/m.yu/repos/foundry/datasets/toxinpred3/train_pos.csv
train_pos_1189,1,/mnt/nw/home/m.yu/repos/foundry/datasets/toxinpred3/train_pos.csv
train_pos_1190,1,/mnt/nw/home/m.yu/repos/foundry/datasets/toxinpred3/train_pos.csv
train_pos_1191,1,/mnt/nw/home/m.yu/repos/foundry/datasets/toxinpred3/train_pos.csv
train_pos_1192,1,/mnt/nw/home/m.yu/repos/foundry/datasets/toxinpred3/train_pos.csv
train_pos_1193,1,/mnt/nw/home/m.yu/repos/foundry/datasets/toxinpred3/train_pos.csv
train_pos_1194,1,/mnt/nw/home/m.yu/repos/foundry/datasets/toxinpred3/train_pos.csv
train_pos_1195,1,/mnt/nw/home/m.yu/repos/foundry/datasets/toxinpred3/train_pos.csv
train_pos_1196,1,/mnt/nw/home/m.yu/repos/foundry/datasets/toxinpred3/train_pos.csv
train_pos_1197,1,/mnt/nw/home/m.yu/repos/foundry/datasets/toxinpred3/train_pos.csv
train_pos_1198,1,/mnt/nw/home/m.yu/repos/foundry/datasets/toxinpred3/train_pos.csv
train_pos_1199,1,/mnt/nw/home/m.yu/repos/foundry/datasets/toxinpred3/train_pos.csv
train_pos_1200,1,/mnt/nw/home/m.yu/repos/foundry/datasets/toxinpred3/train_pos.csv
train_pos_1201,1,/mnt/nw/home/m.yu/repos/foundry/datasets/toxinpred3/train_pos.csv
train_pos_1202,1,/mnt/nw/home/m.yu/repos/foundry/datasets/toxinpred3/train_pos.csv
train_pos_1203,1,/mnt/nw/home/m.yu/repos/foundry/datasets/toxinpred3/train_pos.csv
train_pos_1204,1,/mnt/nw/home/m.yu/repos/foundry/datasets/toxinpred3/train_pos.csv
train_pos_1205,1,/mnt/nw/home/m.yu/repos/foundry/datasets/toxinpred3/train_pos.csv
train_pos_1206,1,/mnt/nw/home/m.yu/repos/foundry/datasets/toxinpred3/train_pos.csv
train_pos_1207,1,/mnt/nw/home/m.yu/repos/foundry/datasets/toxinpred3/train_pos.csv
train_pos_1208,1,/mnt/nw/home/m.yu/repos/foundry/datasets/toxinpred3/train_pos.csv
train_pos_1209,1,/mnt/nw/home/m.yu/repos/foundry/datasets/toxinpred3/train_pos.csv
train_pos_1210,1,/mnt/nw/home/m.yu/repos/foundry/datasets/toxinpred3/train_pos.csv
train_pos_1211,1,/mnt/nw/home/m.yu/repos/foundry/datasets/toxinpred3/train_pos.csv
train_pos_1212,1,/mnt/nw/home/m.yu/repos/foundry/datasets/toxinpred3/train_pos.csv
train_pos_1213,1,/mnt/nw/home/m.yu/repos/foundry/datasets/toxinpred3/train_pos.csv
train_pos_1214,1,/mnt/nw/home/m.yu/repos/foundry/datasets/toxinpred3/train_pos.csv
train_pos_1215,1,/mnt/nw/home/m.yu/repos/foundry/datasets/toxinpred3/train_pos.csv
train_pos_1216,1,/mnt/nw/home/m.yu/repos/foundry/datasets/toxinpred3/train_pos.csv
train_pos_1217,1,/mnt/nw/home/m.yu/repos/foundry/datasets/toxinpred3/train_pos.csv
train_pos_1218,1,/mnt/nw/home/m.yu/repos/foundry/datasets/toxinpred3/train_pos.csv
train_pos_1219,1,/mnt/nw/home/m.yu/repos/foundry/datasets/toxinpred3/train_pos.csv
train_pos_1220,1,/mnt/nw/home/m.yu/repos/foundry/datasets/toxinpred3/train_pos.csv
train_pos_1221,1,/mnt/nw/home/m.yu/repos/foundry/datasets/toxinpred3/train_pos.csv
train_pos_1222,1,/mnt/nw/home/m.yu/repos/foundry/datasets/toxinpred3/train_pos.csv
train_pos_1223,1,/mnt/nw/home/m.yu/repos/foundry/datasets/toxinpred3/train_pos.csv
train_pos_1224,1,/mnt/nw/home/m.yu/repos/foundry/datasets/toxinpred3/train_pos.csv
train_pos_1225,1,/mnt/nw/home/m.yu/repos/foundry/datasets/toxinpred3/train_pos.csv
train_pos_1226,1,/mnt/nw/home/m.yu/repos/foundry/datasets/toxinpred3/train_pos.csv
train_pos_1227,1,/mnt/nw/home/m.yu/repos/foundry/datasets/toxinpred3/train_pos.csv
train_pos_1228,1,/mnt/nw/home/m.yu/repos/foundry/datasets/toxinpred3/train_pos.csv
train_pos_1229,1,/mnt/nw/home/m.yu/repos/foundry/datasets/toxinpred3/train_pos.csv
train_pos_1230,1,/mnt/nw/home/m.yu/repos/foundry/datasets/toxinpred3/train_pos.csv
train_pos_1231,1,/mnt/nw/home/m.yu/repos/foundry/datasets/toxinpred3/train_pos.csv
train_pos_1232,1,/mnt/nw/home/m.yu/repos/foundry/datasets/toxinpred3/train_pos.csv
train_pos_1233,1,/mnt/nw/home/m.yu/repos/foundry/datasets/toxinpred3/train_pos.csv
train_pos_1234,1,/mnt/nw/home/m.yu/repos/foundry/datasets/toxinpred3/train_pos.csv
train_pos_1235,1,/mnt/nw/home/m.yu/repos/foundry/datasets/toxinpred3/train_pos.csv
train_pos_1236,1,/mnt/nw/home/m.yu/repos/foundry/datasets/toxinpred3/train_pos.csv
train_pos_1237,1,/mnt/nw/home/m.yu/repos/foundry/datasets/toxinpred3/train_pos.csv
train_pos_1238,1,/mnt/nw/home/m.yu/repos/foundry/datasets/toxinpred3/train_pos.csv
train_pos_1239,1,/mnt/nw/home/m.yu/repos/foundry/datasets/toxinpred3/train_pos.csv
train_pos_1240,1,/mnt/nw/home/m.yu/repos/foundry/datasets/toxinpred3/train_pos.csv
train_pos_1241,1,/mnt/nw/home/m.yu/repos/foundry/datasets/toxinpred3/train_pos.csv
train_pos_1242,1,/mnt/nw/home/m.yu/repos/foundry/datasets/toxinpred3/train_pos.csv
train_pos_1243,1,/mnt/nw/home/m.yu/repos/foundry/datasets/toxinpred3/train_pos.csv
train_pos_1244,1,/mnt/nw/home/m.yu/repos/foundry/datasets/toxinpred3/train_pos.csv
train_pos_1245,1,/mnt/nw/home/m.yu/repos/foundry/datasets/toxinpred3/train_pos.csv
train_pos_1246,1,/mnt/nw/home/m.yu/repos/foundry/datasets/toxinpred3/train_pos.csv
train_pos_1247,1,/mnt/nw/home/m.yu/repos/foundry/datasets/toxinpred3/train_pos.csv
train_pos_1248,1,/mnt/nw/home/m.yu/repos/foundry/datasets/toxinpred3/train_pos.csv
train_pos_1249,1,/mnt/nw/home/m.yu/repos/foundry/datasets/toxinpred3/train_pos.csv
train_pos_1250,1,/mnt/nw/home/m.yu/repos/foundry/datasets/toxinpred3/train_pos.csv
train_pos_1251,1,/mnt/nw/home/m.yu/repos/foundry/datasets/toxinpred3/train_pos.csv
train_pos_1252,1,/mnt/nw/home/m.yu/repos/foundry/datasets/toxinpred3/train_pos.csv
train_pos_1253,1,/mnt/nw/home/m.yu/repos/foundry/datasets/toxinpred3/train_pos.csv
train_pos_1254,1,/mnt/nw/home/m.yu/repos/foundry/datasets/toxinpred3/train_pos.csv
train_pos_1255,1,/mnt/nw/home/m.yu/repos/foundry/datasets/toxinpred3/train_pos.csv
train_pos_1256,1,/mnt/nw/home/m.yu/repos/foundry/datasets/toxinpred3/train_pos.csv
train_pos_1257,1,/mnt/nw/home/m.yu/repos/foundry/datasets/toxinpred3/train_pos.csv
train_pos_1258,1,/mnt/nw/home/m.yu/repos/foundry/datasets/toxinpred3/train_pos.csv
train_pos_1259,1,/mnt/nw/home/m.yu/repos/foundry/datasets/toxinpred3/train_pos.csv
train_pos_1260,1,/mnt/nw/home/m.yu/repos/foundry/datasets/toxinpred3/train_pos.csv
train_pos_1261,1,/mnt/nw/home/m.yu/repos/foundry/datasets/toxinpred3/train_pos.csv
train_pos_1262,1,/mnt/nw/home/m.yu/repos/foundry/datasets/toxinpred3/train_pos.csv
train_pos_1263,1,/mnt/nw/home/m.yu/repos/foundry/datasets/toxinpred3/train_pos.csv
train_pos_1264,1,/mnt/nw/home/m.yu/repos/foundry/datasets/toxinpred3/train_pos.csv
train_pos_1265,1,/mnt/nw/home/m.yu/repos/foundry/datasets/toxinpred3/train_pos.csv
train_pos_1266,1,/mnt/nw/home/m.yu/repos/foundry/datasets/toxinpred3/train_pos.csv
train_pos_1267,1,/mnt/nw/home/m.yu/repos/foundry/datasets/toxinpred3/train_pos.csv
train_pos_1268,1,/mnt/nw/home/m.yu/repos/foundry/datasets/toxinpred3/train_pos.csv
train_pos_1269,1,/mnt/nw/home/m.yu/repos/foundry/datasets/toxinpred3/train_pos.csv
train_pos_1270,1,/mnt/nw/home/m.yu/repos/foundry/datasets/toxinpred3/train_pos.csv
train_pos_1271,1,/mnt/nw/home/m.yu/repos/foundry/datasets/toxinpred3/train_pos.csv
train_pos_1272,1,/mnt/nw/home/m.yu/repos/foundry/datasets/toxinpred3/train_pos.csv
train_pos_1273,1,/mnt/nw/home/m.yu/repos/foundry/datasets/toxinpred3/train_pos.csv
train_pos_1274,1,/mnt/nw/home/m.yu/repos/foundry/datasets/toxinpred3/train_pos.csv
train_pos_1275,1,/mnt/nw/home/m.yu/repos/foundry/datasets/toxinpred3/train_pos.csv
train_pos_1276,1,/mnt/nw/home/m.yu/repos/foundry/datasets/toxinpred3/train_pos.csv
train_pos_1277,1,/mnt/nw/home/m.yu/repos/foundry/datasets/toxinpred3/train_pos.csv
train_pos_1278,1,/mnt/nw/home/m.yu/repos/foundry/datasets/toxinpred3/train_pos.csv
train_pos_1279,1,/mnt/nw/home/m.yu/repos/foundry/datasets/toxinpred3/train_pos.csv
train_pos_1280,1,/mnt/nw/home/m.yu/repos/foundry/datasets/toxinpred3/train_pos.csv
train_pos_1281,1,/mnt/nw/home/m.yu/repos/foundry/datasets/toxinpred3/train_pos.csv
train_pos_1282,1,/mnt/nw/home/m.yu/repos/foundry/datasets/toxinpred3/train_pos.csv
train_pos_1283,1,/mnt/nw/home/m.yu/repos/foundry/datasets/toxinpred3/train_pos.csv
train_pos_1284,1,/mnt/nw/home/m.yu/repos/foundry/datasets/toxinpred3/train_pos.csv
train_pos_1285,1,/mnt/nw/home/m.yu/repos/foundry/datasets/toxinpred3/train_pos.csv
train_pos_1286,1,/mnt/nw/home/m.yu/repos/foundry/datasets/toxinpred3/train_pos.csv
train_pos_1287,1,/mnt/nw/home/m.yu/repos/foundry/datasets/toxinpred3/train_pos.csv
train_pos_1288,1,/mnt/nw/home/m.yu/repos/foundry/datasets/toxinpred3/train_pos.csv
train_pos_1289,1,/mnt/nw/home/m.yu/repos/foundry/datasets/toxinpred3/train_pos.csv
train_pos_1290,1,/mnt/nw/home/m.yu/repos/foundry/datasets/toxinpred3/train_pos.csv
train_pos_1291,1,/mnt/nw/home/m.yu/repos/foundry/datasets/toxinpred3/train_pos.csv
train_pos_1292,1,/mnt/nw/home/m.yu/repos/foundry/datasets/toxinpred3/train_pos.csv
train_pos_1293,1,/mnt/nw/home/m.yu/repos/foundry/datasets/toxinpred3/train_pos.csv
train_pos_1294,1,/mnt/nw/home/m.yu/repos/foundry/datasets/toxinpred3/train_pos.csv
train_pos_1295,1,/mnt/nw/home/m.yu/repos/foundry/datasets/toxinpred3/train_pos.csv
train_pos_1296,1,/mnt/nw/home/m.yu/repos/foundry/datasets/toxinpred3/train_pos.csv
train_pos_1297,1,/mnt/nw/home/m.yu/repos/foundry/datasets/toxinpred3/train_pos.csv
train_pos_1298,1,/mnt/nw/home/m.yu/repos/foundry/datasets/toxinpred3/train_pos.csv
train_pos_1299,1,/mnt/nw/home/m.yu/repos/foundry/datasets/toxinpred3/train_pos.csv
train_pos_1300,1,/mnt/nw/home/m.yu/repos/foundry/datasets/toxinpred3/train_pos.csv
train_pos_1301,1,/mnt/nw/home/m.yu/repos/foundry/datasets/toxinpred3/train_pos.csv
train_pos_1302,1,/mnt/nw/home/m.yu/repos/foundry/datasets/toxinpred3/train_pos.csv
train_pos_1303,1,/mnt/nw/home/m.yu/repos/foundry/datasets/toxinpred3/train_pos.csv
train_pos_1304,1,/mnt/nw/home/m.yu/repos/foundry/datasets/toxinpred3/train_pos.csv
train_pos_1305,1,/mnt/nw/home/m.yu/repos/foundry/datasets/toxinpred3/train_pos.csv
train_pos_1306,1,/mnt/nw/home/m.yu/repos/foundry/datasets/toxinpred3/train_pos.csv
train_pos_1307,1,/mnt/nw/home/m.yu/repos/foundry/datasets/toxinpred3/train_pos.csv
train_pos_1308,1,/mnt/nw/home/m.yu/repos/foundry/datasets/toxinpred3/train_pos.csv
train_pos_1309,1,/mnt/nw/home/m.yu/repos/foundry/datasets/toxinpred3/train_pos.csv
train_pos_1310,1,/mnt/nw/home/m.yu/repos/foundry/datasets/toxinpred3/train_pos.csv
train_pos_1311,1,/mnt/nw/home/m.yu/repos/foundry/datasets/toxinpred3/train_pos.csv
train_pos_1312,1,/mnt/nw/home/m.yu/repos/foundry/datasets/toxinpred3/train_pos.csv
train_pos_1313,1,/mnt/nw/home/m.yu/repos/foundry/datasets/toxinpred3/train_pos.csv
train_pos_1314,1,/mnt/nw/home/m.yu/repos/foundry/datasets/toxinpred3/train_pos.csv
train_pos_1315,1,/mnt/nw/home/m.yu/repos/foundry/datasets/toxinpred3/train_pos.csv
train_pos_1316,1,/mnt/nw/home/m.yu/repos/foundry/datasets/toxinpred3/train_pos.csv
train_pos_1317,1,/mnt/nw/home/m.yu/repos/foundry/datasets/toxinpred3/train_pos.csv
train_pos_1318,1,/mnt/nw/home/m.yu/repos/foundry/datasets/toxinpred3/train_pos.csv
train_pos_1319,1,/mnt/nw/home/m.yu/repos/foundry/datasets/toxinpred3/train_pos.csv
train_pos_1320,1,/mnt/nw/home/m.yu/repos/foundry/datasets/toxinpred3/train_pos.csv
train_pos_1321,1,/mnt/nw/home/m.yu/repos/foundry/datasets/toxinpred3/train_pos.csv
train_pos_1322,1,/mnt/nw/home/m.yu/repos/foundry/datasets/toxinpred3/train_pos.csv
train_pos_1323,1,/mnt/nw/home/m.yu/repos/foundry/datasets/toxinpred3/train_pos.csv
train_pos_1324,1,/mnt/nw/home/m.yu/repos/foundry/datasets/toxinpred3/train_pos.csv
train_pos_1325,1,/mnt/nw/home/m.yu/repos/foundry/datasets/toxinpred3/train_pos.csv
train_pos_1326,1,/mnt/nw/home/m.yu/repos/foundry/datasets/toxinpred3/train_pos.csv
train_pos_1327,1,/mnt/nw/home/m.yu/repos/foundry/datasets/toxinpred3/train_pos.csv
train_pos_1328,1,/mnt/nw/home/m.yu/repos/foundry/datasets/toxinpred3/train_pos.csv
train_pos_1329,1,/mnt/nw/home/m.yu/repos/foundry/datasets/toxinpred3/train_pos.csv
train_pos_1330,1,/mnt/nw/home/m.yu/repos/foundry/datasets/toxinpred3/train_pos.csv
train_pos_1331,1,/mnt/nw/home/m.yu/repos/foundry/datasets/toxinpred3/train_pos.csv
train_pos_1332,1,/mnt/nw/home/m.yu/repos/foundry/datasets/toxinpred3/train_pos.csv
train_pos_1333,1,/mnt/nw/home/m.yu/repos/foundry/datasets/toxinpred3/train_pos.csv
train_pos_1334,1,/mnt/nw/home/m.yu/repos/foundry/datasets/toxinpred3/train_pos.csv
train_pos_1335,1,/mnt/nw/home/m.yu/repos/foundry/datasets/toxinpred3/train_pos.csv
train_pos_1336,1,/mnt/nw/home/m.yu/repos/foundry/datasets/toxinpred3/train_pos.csv
train_pos_1337,1,/mnt/nw/home/m.yu/repos/foundry/datasets/toxinpred3/train_pos.csv
train_pos_1338,1,/mnt/nw/home/m.yu/repos/foundry/datasets/toxinpred3/train_pos.csv
train_pos_1339,1,/mnt/nw/home/m.yu/repos/foundry/datasets/toxinpred3/train_pos.csv
train_pos_1340,1,/mnt/nw/home/m.yu/repos/foundry/datasets/toxinpred3/train_pos.csv
train_pos_1341,1,/mnt/nw/home/m.yu/repos/foundry/datasets/toxinpred3/train_pos.csv
train_pos_1342,1,/mnt/nw/home/m.yu/repos/foundry/datasets/toxinpred3/train_pos.csv
train_pos_1343,1,/mnt/nw/home/m.yu/repos/foundry/datasets/toxinpred3/train_pos.csv
train_pos_1344,1,/mnt/nw/home/m.yu/repos/foundry/datasets/toxinpred3/train_pos.csv
train_pos_1345,1,/mnt/nw/home/m.yu/repos/foundry/datasets/toxinpred3/train_pos.csv
train_pos_1346,1,/mnt/nw/home/m.yu/repos/foundry/datasets/toxinpred3/train_pos.csv
train_pos_1347,1,/mnt/nw/home/m.yu/repos/foundry/datasets/toxinpred3/train_pos.csv
train_pos_1348,1,/mnt/nw/home/m.yu/repos/foundry/datasets/toxinpred3/train_pos.csv
train_pos_1349,1,/mnt/nw/home/m.yu/repos/foundry/datasets/toxinpred3/train_pos.csv
train_pos_1350,1,/mnt/nw/home/m.yu/repos/foundry/datasets/toxinpred3/train_pos.csv
train_pos_1351,1,/mnt/nw/home/m.yu/repos/foundry/datasets/toxinpred3/train_pos.csv
train_pos_1352,1,/mnt/nw/home/m.yu/repos/foundry/datasets/toxinpred3/train_pos.csv
train_pos_1353,1,/mnt/nw/home/m.yu/repos/foundry/datasets/toxinpred3/train_pos.csv
train_pos_1354,1,/mnt/nw/home/m.yu/repos/foundry/datasets/toxinpred3/train_pos.csv
train_pos_1355,1,/mnt/nw/home/m.yu/repos/foundry/datasets/toxinpred3/train_pos.csv
train_pos_1356,1,/mnt/nw/home/m.yu/repos/foundry/datasets/toxinpred3/train_pos.csv
train_pos_1357,1,/mnt/nw/home/m.yu/repos/foundry/datasets/toxinpred3/train_pos.csv
train_pos_1358,1,/mnt/nw/home/m.yu/repos/foundry/datasets/toxinpred3/train_pos.csv
train_pos_1359,1,/mnt/nw/home/m.yu/repos/foundry/datasets/toxinpred3/train_pos.csv
train_pos_1360,1,/mnt/nw/home/m.yu/repos/foundry/datasets/toxinpred3/train_pos.csv
train_pos_1361,1,/mnt/nw/home/m.yu/repos/foundry/datasets/toxinpred3/train_pos.csv
train_pos_1362,1,/mnt/nw/home/m.yu/repos/foundry/datasets/toxinpred3/train_pos.csv
train_pos_1363,1,/mnt/nw/home/m.yu/repos/foundry/datasets/toxinpred3/train_pos.csv
train_pos_1364,1,/mnt/nw/home/m.yu/repos/foundry/datasets/toxinpred3/train_pos.csv
train_pos_1365,1,/mnt/nw/home/m.yu/repos/foundry/datasets/toxinpred3/train_pos.csv
train_pos_1366,1,/mnt/nw/home/m.yu/repos/foundry/datasets/toxinpred3/train_pos.csv
train_pos_1367,1,/mnt/nw/home/m.yu/repos/foundry/datasets/toxinpred3/train_pos.csv
train_pos_1368,1,/mnt/nw/home/m.yu/repos/foundry/datasets/toxinpred3/train_pos.csv
train_pos_1369,1,/mnt/nw/home/m.yu/repos/foundry/datasets/toxinpred3/train_pos.csv
train_pos_1370,1,/mnt/nw/home/m.yu/repos/foundry/datasets/toxinpred3/train_pos.csv
train_pos_1371,1,/mnt/nw/home/m.yu/repos/foundry/datasets/toxinpred3/train_pos.csv
train_pos_1372,1,/mnt/nw/home/m.yu/repos/foundry/datasets/toxinpred3/train_pos.csv
train_pos_1373,1,/mnt/nw/home/m.yu/repos/foundry/datasets/toxinpred3/train_pos.csv
train_pos_1374,1,/mnt/nw/home/m.yu/repos/foundry/datasets/toxinpred3/train_pos.csv
train_pos_1375,1,/mnt/nw/home/m.yu/repos/foundry/datasets/toxinpred3/train_pos.csv
train_pos_1376,1,/mnt/nw/home/m.yu/repos/foundry/datasets/toxinpred3/train_pos.csv
train_pos_1377,1,/mnt/nw/home/m.yu/repos/foundry/datasets/toxinpred3/train_pos.csv
train_pos_1378,1,/mnt/nw/home/m.yu/repos/foundry/datasets/toxinpred3/train_pos.csv
train_pos_1379,1,/mnt/nw/home/m.yu/repos/foundry/datasets/toxinpred3/train_pos.csv
train_pos_1380,1,/mnt/nw/home/m.yu/repos/foundry/datasets/toxinpred3/train_pos.csv
train_pos_1381,1,/mnt/nw/home/m.yu/repos/foundry/datasets/toxinpred3/train_pos.csv
train_pos_1382,1,/mnt/nw/home/m.yu/repos/foundry/datasets/toxinpred3/train_pos.csv
train_pos_1383,1,/mnt/nw/home/m.yu/repos/foundry/datasets/toxinpred3/train_pos.csv
train_pos_1384,1,/mnt/nw/home/m.yu/repos/foundry/datasets/toxinpred3/train_pos.csv
train_pos_1385,1,/mnt/nw/home/m.yu/repos/foundry/datasets/toxinpred3/train_pos.csv
train_pos_1386,1,/mnt/nw/home/m.yu/repos/foundry/datasets/toxinpred3/train_pos.csv
train_pos_1387,1,/mnt/nw/home/m.yu/repos/foundry/datasets/toxinpred3/train_pos.csv
train_pos_1388,1,/mnt/nw/home/m.yu/repos/foundry/datasets/toxinpred3/train_pos.csv
train_pos_1389,1,/mnt/nw/home/m.yu/repos/foundry/datasets/toxinpred3/train_pos.csv
train_pos_1390,1,/mnt/nw/home/m.yu/repos/foundry/datasets/toxinpred3/train_pos.csv
train_pos_1391,1,/mnt/nw/home/m.yu/repos/foundry/datasets/toxinpred3/train_pos.csv
train_pos_1392,1,/mnt/nw/home/m.yu/repos/foundry/datasets/toxinpred3/train_pos.csv
train_pos_1393,1,/mnt/nw/home/m.yu/repos/foundry/datasets/toxinpred3/train_pos.csv
train_pos_1394,1,/mnt/nw/home/m.yu/repos/foundry/datasets/toxinpred3/train_pos.csv
train_pos_1395,1,/mnt/nw/home/m.yu/repos/foundry/datasets/toxinpred3/train_pos.csv
train_pos_1396,1,/mnt/nw/home/m.yu/repos/foundry/datasets/toxinpred3/train_pos.csv
train_pos_1397,1,/mnt/nw/home/m.yu/repos/foundry/datasets/toxinpred3/train_pos.csv
train_pos_1398,1,/mnt/nw/home/m.yu/repos/foundry/datasets/toxinpred3/train_pos.csv
train_pos_1399,1,/mnt/nw/home/m.yu/repos/foundry/datasets/toxinpred3/train_pos.csv
train_pos_1400,1,/mnt/nw/home/m.yu/repos/foundry/datasets/toxinpred3/train_pos.csv
train_pos_1401,1,/mnt/nw/home/m.yu/repos/foundry/datasets/toxinpred3/train_pos.csv
train_pos_1402,1,/mnt/nw/home/m.yu/repos/foundry/datasets/toxinpred3/train_pos.csv
train_pos_1403,1,/mnt/nw/home/m.yu/repos/foundry/datasets/toxinpred3/train_pos.csv
train_pos_1404,1,/mnt/nw/home/m.yu/repos/foundry/datasets/toxinpred3/train_pos.csv
train_pos_1405,1,/mnt/nw/home/m.yu/repos/foundry/datasets/toxinpred3/train_pos.csv
train_pos_1406,1,/mnt/nw/home/m.yu/repos/foundry/datasets/toxinpred3/train_pos.csv
train_pos_1407,1,/mnt/nw/home/m.yu/repos/foundry/datasets/toxinpred3/train_pos.csv
train_pos_1408,1,/mnt/nw/home/m.yu/repos/foundry/datasets/toxinpred3/train_pos.csv
train_pos_1409,1,/mnt/nw/home/m.yu/repos/foundry/datasets/toxinpred3/train_pos.csv
train_pos_1410,1,/mnt/nw/home/m.yu/repos/foundry/datasets/toxinpred3/train_pos.csv
train_pos_1411,1,/mnt/nw/home/m.yu/repos/foundry/datasets/toxinpred3/train_pos.csv
train_pos_1412,1,/mnt/nw/home/m.yu/repos/foundry/datasets/toxinpred3/train_pos.csv
train_pos_1413,1,/mnt/nw/home/m.yu/repos/foundry/datasets/toxinpred3/train_pos.csv
train_pos_1414,1,/mnt/nw/home/m.yu/repos/foundry/datasets/toxinpred3/train_pos.csv
train_pos_1415,1,/mnt/nw/home/m.yu/repos/foundry/datasets/toxinpred3/train_pos.csv
train_pos_1416,1,/mnt/nw/home/m.yu/repos/foundry/datasets/toxinpred3/train_pos.csv
train_pos_1417,1,/mnt/nw/home/m.yu/repos/foundry/datasets/toxinpred3/train_pos.csv
train_pos_1418,1,/mnt/nw/home/m.yu/repos/foundry/datasets/toxinpred3/train_pos.csv
train_pos_1419,1,/mnt/nw/home/m.yu/repos/foundry/datasets/toxinpred3/train_pos.csv
train_pos_1420,1,/mnt/nw/home/m.yu/repos/foundry/datasets/toxinpred3/train_pos.csv
train_pos_1421,1,/mnt/nw/home/m.yu/repos/foundry/datasets/toxinpred3/train_pos.csv
train_pos_1422,1,/mnt/nw/home/m.yu/repos/foundry/datasets/toxinpred3/train_pos.csv
train_pos_1423,1,/mnt/nw/home/m.yu/repos/foundry/datasets/toxinpred3/train_pos.csv
train_pos_1424,1,/mnt/nw/home/m.yu/repos/foundry/datasets/toxinpred3/train_pos.csv
train_pos_1425,1,/mnt/nw/home/m.yu/repos/foundry/datasets/toxinpred3/train_pos.csv
train_pos_1426,1,/mnt/nw/home/m.yu/repos/foundry/datasets/toxinpred3/train_pos.csv
train_pos_1427,1,/mnt/nw/home/m.yu/repos/foundry/datasets/toxinpred3/train_pos.csv
train_pos_1428,1,/mnt/nw/home/m.yu/repos/foundry/datasets/toxinpred3/train_pos.csv
train_pos_1429,1,/mnt/nw/home/m.yu/repos/foundry/datasets/toxinpred3/train_pos.csv
train_pos_1430,1,/mnt/nw/home/m.yu/repos/foundry/datasets/toxinpred3/train_pos.csv
train_pos_1431,1,/mnt/nw/home/m.yu/repos/foundry/datasets/toxinpred3/train_pos.csv
train_pos_1432,1,/mnt/nw/home/m.yu/repos/foundry/datasets/toxinpred3/train_pos.csv
train_pos_1433,1,/mnt/nw/home/m.yu/repos/foundry/datasets/toxinpred3/train_pos.csv
train_pos_1434,1,/mnt/nw/home/m.yu/repos/foundry/datasets/toxinpred3/train_pos.csv
train_pos_1435,1,/mnt/nw/home/m.yu/repos/foundry/datasets/toxinpred3/train_pos.csv
train_pos_1436,1,/mnt/nw/home/m.yu/repos/foundry/datasets/toxinpred3/train_pos.csv
train_pos_1437,1,/mnt/nw/home/m.yu/repos/foundry/datasets/toxinpred3/train_pos.csv
train_pos_1438,1,/mnt/nw/home/m.yu/repos/foundry/datasets/toxinpred3/train_pos.csv
train_pos_1439,1,/mnt/nw/home/m.yu/repos/foundry/datasets/toxinpred3/train_pos.csv
train_pos_1440,1,/mnt/nw/home/m.yu/repos/foundry/datasets/toxinpred3/train_pos.csv
train_pos_1441,1,/mnt/nw/home/m.yu/repos/foundry/datasets/toxinpred3/train_pos.csv
train_pos_1442,1,/mnt/nw/home/m.yu/repos/foundry/datasets/toxinpred3/train_pos.csv
train_pos_1443,1,/mnt/nw/home/m.yu/repos/foundry/datasets/toxinpred3/train_pos.csv
train_pos_1444,1,/mnt/nw/home/m.yu/repos/foundry/datasets/toxinpred3/train_pos.csv
train_pos_1445,1,/mnt/nw/home/m.yu/repos/foundry/datasets/toxinpred3/train_pos.csv
train_pos_1446,1,/mnt/nw/home/m.yu/repos/foundry/datasets/toxinpred3/train_pos.csv
train_pos_1447,1,/mnt/nw/home/m.yu/repos/foundry/datasets/toxinpred3/train_pos.csv
train_pos_1448,1,/mnt/nw/home/m.yu/repos/foundry/datasets/toxinpred3/train_pos.csv
train_pos_1449,1,/mnt/nw/home/m.yu/repos/foundry/datasets/toxinpred3/train_pos.csv
train_pos_1450,1,/mnt/nw/home/m.yu/repos/foundry/datasets/toxinpred3/train_pos.csv
train_pos_1451,1,/mnt/nw/home/m.yu/repos/foundry/datasets/toxinpred3/train_pos.csv
train_pos_1452,1,/mnt/nw/home/m.yu/repos/foundry/datasets/toxinpred3/train_pos.csv
train_pos_1453,1,/mnt/nw/home/m.yu/repos/foundry/datasets/toxinpred3/train_pos.csv
train_pos_1454,1,/mnt/nw/home/m.yu/repos/foundry/datasets/toxinpred3/train_pos.csv
train_pos_1455,1,/mnt/nw/home/m.yu/repos/foundry/datasets/toxinpred3/train_pos.csv
train_pos_1456,1,/mnt/nw/home/m.yu/repos/foundry/datasets/toxinpred3/train_pos.csv
train_pos_1457,1,/mnt/nw/home/m.yu/repos/foundry/datasets/toxinpred3/train_pos.csv
train_pos_1458,1,/mnt/nw/home/m.yu/repos/foundry/datasets/toxinpred3/train_pos.csv
train_pos_1459,1,/mnt/nw/home/m.yu/repos/foundry/datasets/toxinpred3/train_pos.csv
train_pos_1460,1,/mnt/nw/home/m.yu/repos/foundry/datasets/toxinpred3/train_pos.csv
train_pos_1461,1,/mnt/nw/home/m.yu/repos/foundry/datasets/toxinpred3/train_pos.csv
train_pos_1462,1,/mnt/nw/home/m.yu/repos/foundry/datasets/toxinpred3/train_pos.csv
train_pos_1463,1,/mnt/nw/home/m.yu/repos/foundry/datasets/toxinpred3/train_pos.csv
train_pos_1464,1,/mnt/nw/home/m.yu/repos/foundry/datasets/toxinpred3/train_pos.csv
train_pos_1465,1,/mnt/nw/home/m.yu/repos/foundry/datasets/toxinpred3/train_pos.csv
train_pos_1466,1,/mnt/nw/home/m.yu/repos/foundry/datasets/toxinpred3/train_pos.csv
train_pos_1467,1,/mnt/nw/home/m.yu/repos/foundry/datasets/toxinpred3/train_pos.csv
train_pos_1468,1,/mnt/nw/home/m.yu/repos/foundry/datasets/toxinpred3/train_pos.csv
train_pos_1469,1,/mnt/nw/home/m.yu/repos/foundry/datasets/toxinpred3/train_pos.csv
train_pos_1470,1,/mnt/nw/home/m.yu/repos/foundry/datasets/toxinpred3/train_pos.csv
train_pos_1471,1,/mnt/nw/home/m.yu/repos/foundry/datasets/toxinpred3/train_pos.csv
train_pos_1472,1,/mnt/nw/home/m.yu/repos/foundry/datasets/toxinpred3/train_pos.csv
train_pos_1473,1,/mnt/nw/home/m.yu/repos/foundry/datasets/toxinpred3/train_pos.csv
train_pos_1474,1,/mnt/nw/home/m.yu/repos/foundry/datasets/toxinpred3/train_pos.csv
train_pos_1475,1,/mnt/nw/home/m.yu/repos/foundry/datasets/toxinpred3/train_pos.csv
train_pos_1476,1,/mnt/nw/home/m.yu/repos/foundry/datasets/toxinpred3/train_pos.csv
train_pos_1477,1,/mnt/nw/home/m.yu/repos/foundry/datasets/toxinpred3/train_pos.csv
train_pos_1478,1,/mnt/nw/home/m.yu/repos/foundry/datasets/toxinpred3/train_pos.csv
train_pos_1479,1,/mnt/nw/home/m.yu/repos/foundry/datasets/toxinpred3/train_pos.csv
train_pos_1480,1,/mnt/nw/home/m.yu/repos/foundry/datasets/toxinpred3/train_pos.csv
train_pos_1481,1,/mnt/nw/home/m.yu/repos/foundry/datasets/toxinpred3/train_pos.csv
train_pos_1482,1,/mnt/nw/home/m.yu/repos/foundry/datasets/toxinpred3/train_pos.csv
train_pos_1483,1,/mnt/nw/home/m.yu/repos/foundry/datasets/toxinpred3/train_pos.csv
train_pos_1484,1,/mnt/nw/home/m.yu/repos/foundry/datasets/toxinpred3/train_pos.csv
train_pos_1485,1,/mnt/nw/home/m.yu/repos/foundry/datasets/toxinpred3/train_pos.csv
train_pos_1486,1,/mnt/nw/home/m.yu/repos/foundry/datasets/toxinpred3/train_pos.csv
train_pos_1487,1,/mnt/nw/home/m.yu/repos/foundry/datasets/toxinpred3/train_pos.csv
train_pos_1488,1,/mnt/nw/home/m.yu/repos/foundry/datasets/toxinpred3/train_pos.csv
train_pos_1489,1,/mnt/nw/home/m.yu/repos/foundry/datasets/toxinpred3/train_pos.csv
train_pos_1490,1,/mnt/nw/home/m.yu/repos/foundry/datasets/toxinpred3/train_pos.csv
train_pos_1491,1,/mnt/nw/home/m.yu/repos/foundry/datasets/toxinpred3/train_pos.csv
train_pos_1492,1,/mnt/nw/home/m.yu/repos/foundry/datasets/toxinpred3/train_pos.csv
train_pos_1493,1,/mnt/nw/home/m.yu/repos/foundry/datasets/toxinpred3/train_pos.csv
train_pos_1494,1,/mnt/nw/home/m.yu/repos/foundry/datasets/toxinpred3/train_pos.csv
train_pos_1495,1,/mnt/nw/home/m.yu/repos/foundry/datasets/toxinpred3/train_pos.csv
train_pos_1496,1,/mnt/nw/home/m.yu/repos/foundry/datasets/toxinpred3/train_pos.csv
train_pos_1497,1,/mnt/nw/home/m.yu/repos/foundry/datasets/toxinpred3/train_pos.csv
train_pos_1498,1,/mnt/nw/home/m.yu/repos/foundry/datasets/toxinpred3/train_pos.csv
train_pos_1499,1,/mnt/nw/home/m.yu/repos/foundry/datasets/toxinpred3/train_pos.csv
train_pos_1500,1,/mnt/nw/home/m.yu/repos/foundry/datasets/toxinpred3/train_pos.csv
train_pos_1501,1,/mnt/nw/home/m.yu/repos/foundry/datasets/toxinpred3/train_pos.csv
train_pos_1502,1,/mnt/nw/home/m.yu/repos/foundry/datasets/toxinpred3/train_pos.csv
train_pos_1503,1,/mnt/nw/home/m.yu/repos/foundry/datasets/toxinpred3/train_pos.csv
train_pos_1504,1,/mnt/nw/home/m.yu/repos/foundry/datasets/toxinpred3/train_pos.csv
train_pos_1505,1,/mnt/nw/home/m.yu/repos/foundry/datasets/toxinpred3/train_pos.csv
train_pos_1506,1,/mnt/nw/home/m.yu/repos/foundry/datasets/toxinpred3/train_pos.csv
train_pos_1507,1,/mnt/nw/home/m.yu/repos/foundry/datasets/toxinpred3/train_pos.csv
train_pos_1508,1,/mnt/nw/home/m.yu/repos/foundry/datasets/toxinpred3/train_pos.csv
train_pos_1509,1,/mnt/nw/home/m.yu/repos/foundry/datasets/toxinpred3/train_pos.csv
train_pos_1510,1,/mnt/nw/home/m.yu/repos/foundry/datasets/toxinpred3/train_pos.csv
train_pos_1511,1,/mnt/nw/home/m.yu/repos/foundry/datasets/toxinpred3/train_pos.csv
train_pos_1512,1,/mnt/nw/home/m.yu/repos/foundry/datasets/toxinpred3/train_pos.csv
train_pos_1513,1,/mnt/nw/home/m.yu/repos/foundry/datasets/toxinpred3/train_pos.csv
train_pos_1514,1,/mnt/nw/home/m.yu/repos/foundry/datasets/toxinpred3/train_pos.csv
train_pos_1515,1,/mnt/nw/home/m.yu/repos/foundry/datasets/toxinpred3/train_pos.csv
train_pos_1516,1,/mnt/nw/home/m.yu/repos/foundry/datasets/toxinpred3/train_pos.csv
train_pos_1517,1,/mnt/nw/home/m.yu/repos/foundry/datasets/toxinpred3/train_pos.csv
train_pos_1518,1,/mnt/nw/home/m.yu/repos/foundry/datasets/toxinpred3/train_pos.csv
train_pos_1519,1,/mnt/nw/home/m.yu/repos/foundry/datasets/toxinpred3/train_pos.csv
train_pos_1520,1,/mnt/nw/home/m.yu/repos/foundry/datasets/toxinpred3/train_pos.csv
train_pos_1521,1,/mnt/nw/home/m.yu/repos/foundry/datasets/toxinpred3/train_pos.csv
train_pos_1522,1,/mnt/nw/home/m.yu/repos/foundry/datasets/toxinpred3/train_pos.csv
train_pos_1523,1,/mnt/nw/home/m.yu/repos/foundry/datasets/toxinpred3/train_pos.csv
train_pos_1524,1,/mnt/nw/home/m.yu/repos/foundry/datasets/toxinpred3/train_pos.csv
train_pos_1525,1,/mnt/nw/home/m.yu/repos/foundry/datasets/toxinpred3/train_pos.csv
train_pos_1526,1,/mnt/nw/home/m.yu/repos/foundry/datasets/toxinpred3/train_pos.csv
train_pos_1527,1,/mnt/nw/home/m.yu/repos/foundry/datasets/toxinpred3/train_pos.csv
train_pos_1528,1,/mnt/nw/home/m.yu/repos/foundry/datasets/toxinpred3/train_pos.csv
train_pos_1529,1,/mnt/nw/home/m.yu/repos/foundry/datasets/toxinpred3/train_pos.csv
train_pos_1530,1,/mnt/nw/home/m.yu/repos/foundry/datasets/toxinpred3/train_pos.csv
train_pos_1531,1,/mnt/nw/home/m.yu/repos/foundry/datasets/toxinpred3/train_pos.csv
train_pos_1532,1,/mnt/nw/home/m.yu/repos/foundry/datasets/toxinpred3/train_pos.csv
train_pos_1533,1,/mnt/nw/home/m.yu/repos/foundry/datasets/toxinpred3/train_pos.csv
train_pos_1534,1,/mnt/nw/home/m.yu/repos/foundry/datasets/toxinpred3/train_pos.csv
train_pos_1535,1,/mnt/nw/home/m.yu/repos/foundry/datasets/toxinpred3/train_pos.csv
train_pos_1536,1,/mnt/nw/home/m.yu/repos/foundry/datasets/toxinpred3/train_pos.csv
train_pos_1537,1,/mnt/nw/home/m.yu/repos/foundry/datasets/toxinpred3/train_pos.csv
train_pos_1538,1,/mnt/nw/home/m.yu/repos/foundry/datasets/toxinpred3/train_pos.csv
train_pos_1539,1,/mnt/nw/home/m.yu/repos/foundry/datasets/toxinpred3/train_pos.csv
train_pos_1540,1,/mnt/nw/home/m.yu/repos/foundry/datasets/toxinpred3/train_pos.csv
train_pos_1541,1,/mnt/nw/home/m.yu/repos/foundry/datasets/toxinpred3/train_pos.csv
train_pos_1542,1,/mnt/nw/home/m.yu/repos/foundry/datasets/toxinpred3/train_pos.csv
train_pos_1543,1,/mnt/nw/home/m.yu/repos/foundry/datasets/toxinpred3/train_pos.csv
train_pos_1544,1,/mnt/nw/home/m.yu/repos/foundry/datasets/toxinpred3/train_pos.csv
train_pos_1545,1,/mnt/nw/home/m.yu/repos/foundry/datasets/toxinpred3/train_pos.csv
train_pos_1546,1,/mnt/nw/home/m.yu/repos/foundry/datasets/toxinpred3/train_pos.csv
train_pos_1547,1,/mnt/nw/home/m.yu/repos/foundry/datasets/toxinpred3/train_pos.csv
train_pos_1548,1,/mnt/nw/home/m.yu/repos/foundry/datasets/toxinpred3/train_pos.csv
train_pos_1549,1,/mnt/nw/home/m.yu/repos/foundry/datasets/toxinpred3/train_pos.csv
train_pos_1550,1,/mnt/nw/home/m.yu/repos/foundry/datasets/toxinpred3/train_pos.csv
train_pos_1551,1,/mnt/nw/home/m.yu/repos/foundry/datasets/toxinpred3/train_pos.csv
train_pos_1552,1,/mnt/nw/home/m.yu/repos/foundry/datasets/toxinpred3/train_pos.csv
train_pos_1553,1,/mnt/nw/home/m.yu/repos/foundry/datasets/toxinpred3/train_pos.csv
train_pos_1554,1,/mnt/nw/home/m.yu/repos/foundry/datasets/toxinpred3/train_pos.csv
train_pos_1555,1,/mnt/nw/home/m.yu/repos/foundry/datasets/toxinpred3/train_pos.csv
train_pos_1556,1,/mnt/nw/home/m.yu/repos/foundry/datasets/toxinpred3/train_pos.csv
train_pos_1557,1,/mnt/nw/home/m.yu/repos/foundry/datasets/toxinpred3/train_pos.csv
train_pos_1558,1,/mnt/nw/home/m.yu/repos/foundry/datasets/toxinpred3/train_pos.csv
train_pos_1559,1,/mnt/nw/home/m.yu/repos/foundry/datasets/toxinpred3/train_pos.csv
train_pos_1560,1,/mnt/nw/home/m.yu/repos/foundry/datasets/toxinpred3/train_pos.csv
train_pos_1561,1,/mnt/nw/home/m.yu/repos/foundry/datasets/toxinpred3/train_pos.csv
train_pos_1562,1,/mnt/nw/home/m.yu/repos/foundry/datasets/toxinpred3/train_pos.csv
train_pos_1563,1,/mnt/nw/home/m.yu/repos/foundry/datasets/toxinpred3/train_pos.csv
train_pos_1564,1,/mnt/nw/home/m.yu/repos/foundry/datasets/toxinpred3/train_pos.csv
train_pos_1565,1,/mnt/nw/home/m.yu/repos/foundry/datasets/toxinpred3/train_pos.csv
train_pos_1566,1,/mnt/nw/home/m.yu/repos/foundry/datasets/toxinpred3/train_pos.csv
train_pos_1567,1,/mnt/nw/home/m.yu/repos/foundry/datasets/toxinpred3/train_pos.csv
train_pos_1568,1,/mnt/nw/home/m.yu/repos/foundry/datasets/toxinpred3/train_pos.csv
train_pos_1569,1,/mnt/nw/home/m.yu/repos/foundry/datasets/toxinpred3/train_pos.csv
train_pos_1570,1,/mnt/nw/home/m.yu/repos/foundry/datasets/toxinpred3/train_pos.csv
train_pos_1571,1,/mnt/nw/home/m.yu/repos/foundry/datasets/toxinpred3/train_pos.csv
train_pos_1572,1,/mnt/nw/home/m.yu/repos/foundry/datasets/toxinpred3/train_pos.csv
train_pos_1573,1,/mnt/nw/home/m.yu/repos/foundry/datasets/toxinpred3/train_pos.csv
train_pos_1574,1,/mnt/nw/home/m.yu/repos/foundry/datasets/toxinpred3/train_pos.csv
train_pos_1575,1,/mnt/nw/home/m.yu/repos/foundry/datasets/toxinpred3/train_pos.csv
train_pos_1576,1,/mnt/nw/home/m.yu/repos/foundry/datasets/toxinpred3/train_pos.csv
train_pos_1577,1,/mnt/nw/home/m.yu/repos/foundry/datasets/toxinpred3/train_pos.csv
train_pos_1578,1,/mnt/nw/home/m.yu/repos/foundry/datasets/toxinpred3/train_pos.csv
train_pos_1579,1,/mnt/nw/home/m.yu/repos/foundry/datasets/toxinpred3/train_pos.csv
train_pos_1580,1,/mnt/nw/home/m.yu/repos/foundry/datasets/toxinpred3/train_pos.csv
train_pos_1581,1,/mnt/nw/home/m.yu/repos/foundry/datasets/toxinpred3/train_pos.csv
train_pos_1582,1,/mnt/nw/home/m.yu/repos/foundry/datasets/toxinpred3/train_pos.csv
train_pos_1583,1,/mnt/nw/home/m.yu/repos/foundry/datasets/toxinpred3/train_pos.csv
train_pos_1584,1,/mnt/nw/home/m.yu/repos/foundry/datasets/toxinpred3/train_pos.csv
train_pos_1585,1,/mnt/nw/home/m.yu/repos/foundry/datasets/toxinpred3/train_pos.csv
train_pos_1586,1,/mnt/nw/home/m.yu/repos/foundry/datasets/toxinpred3/train_pos.csv
train_pos_1587,1,/mnt/nw/home/m.yu/repos/foundry/datasets/toxinpred3/train_pos.csv
train_pos_1588,1,/mnt/nw/home/m.yu/repos/foundry/datasets/toxinpred3/train_pos.csv
train_pos_1589,1,/mnt/nw/home/m.yu/repos/foundry/datasets/toxinpred3/train_pos.csv
train_pos_1590,1,/mnt/nw/home/m.yu/repos/foundry/datasets/toxinpred3/train_pos.csv
train_pos_1591,1,/mnt/nw/home/m.yu/repos/foundry/datasets/toxinpred3/train_pos.csv
train_pos_1592,1,/mnt/nw/home/m.yu/repos/foundry/datasets/toxinpred3/train_pos.csv
train_pos_1593,1,/mnt/nw/home/m.yu/repos/foundry/datasets/toxinpred3/train_pos.csv
train_pos_1594,1,/mnt/nw/home/m.yu/repos/foundry/datasets/toxinpred3/train_pos.csv
train_pos_1595,1,/mnt/nw/home/m.yu/repos/foundry/datasets/toxinpred3/train_pos.csv
train_pos_1596,1,/mnt/nw/home/m.yu/repos/foundry/datasets/toxinpred3/train_pos.csv
train_pos_1597,1,/mnt/nw/home/m.yu/repos/foundry/datasets/toxinpred3/train_pos.csv
train_pos_1598,1,/mnt/nw/home/m.yu/repos/foundry/datasets/toxinpred3/train_pos.csv
train_pos_1599,1,/mnt/nw/home/m.yu/repos/foundry/datasets/toxinpred3/train_pos.csv
train_pos_1600,1,/mnt/nw/home/m.yu/repos/foundry/datasets/toxinpred3/train_pos.csv
train_pos_1601,1,/mnt/nw/home/m.yu/repos/foundry/datasets/toxinpred3/train_pos.csv
train_pos_1602,1,/mnt/nw/home/m.yu/repos/foundry/datasets/toxinpred3/train_pos.csv
train_pos_1603,1,/mnt/nw/home/m.yu/repos/foundry/datasets/toxinpred3/train_pos.csv
train_pos_1604,1,/mnt/nw/home/m.yu/repos/foundry/datasets/toxinpred3/train_pos.csv
train_pos_1605,1,/mnt/nw/home/m.yu/repos/foundry/datasets/toxinpred3/train_pos.csv
train_pos_1606,1,/mnt/nw/home/m.yu/repos/foundry/datasets/toxinpred3/train_pos.csv
train_pos_1607,1,/mnt/nw/home/m.yu/repos/foundry/datasets/toxinpred3/train_pos.csv
train_pos_1608,1,/mnt/nw/home/m.yu/repos/foundry/datasets/toxinpred3/train_pos.csv
train_pos_1609,1,/mnt/nw/home/m.yu/repos/foundry/datasets/toxinpred3/train_pos.csv
train_pos_1610,1,/mnt/nw/home/m.yu/repos/foundry/datasets/toxinpred3/train_pos.csv
train_pos_1611,1,/mnt/nw/home/m.yu/repos/foundry/datasets/toxinpred3/train_pos.csv
train_pos_1612,1,/mnt/nw/home/m.yu/repos/foundry/datasets/toxinpred3/train_pos.csv
train_pos_1613,1,/mnt/nw/home/m.yu/repos/foundry/datasets/toxinpred3/train_pos.csv
train_pos_1614,1,/mnt/nw/home/m.yu/repos/foundry/datasets/toxinpred3/train_pos.csv
train_pos_1615,1,/mnt/nw/home/m.yu/repos/foundry/datasets/toxinpred3/train_pos.csv
train_pos_1616,1,/mnt/nw/home/m.yu/repos/foundry/datasets/toxinpred3/train_pos.csv
train_pos_1617,1,/mnt/nw/home/m.yu/repos/foundry/datasets/toxinpred3/train_pos.csv
train_pos_1618,1,/mnt/nw/home/m.yu/repos/foundry/datasets/toxinpred3/train_pos.csv
train_pos_1619,1,/mnt/nw/home/m.yu/repos/foundry/datasets/toxinpred3/train_pos.csv
train_pos_1620,1,/mnt/nw/home/m.yu/repos/foundry/datasets/toxinpred3/train_pos.csv
train_pos_1621,1,/mnt/nw/home/m.yu/repos/foundry/datasets/toxinpred3/train_pos.csv
train_pos_1622,1,/mnt/nw/home/m.yu/repos/foundry/datasets/toxinpred3/train_pos.csv
train_pos_1623,1,/mnt/nw/home/m.yu/repos/foundry/datasets/toxinpred3/train_pos.csv
train_pos_1624,1,/mnt/nw/home/m.yu/repos/foundry/datasets/toxinpred3/train_pos.csv
train_pos_1625,1,/mnt/nw/home/m.yu/repos/foundry/datasets/toxinpred3/train_pos.csv
train_pos_1626,1,/mnt/nw/home/m.yu/repos/foundry/datasets/toxinpred3/train_pos.csv
train_pos_1627,1,/mnt/nw/home/m.yu/repos/foundry/datasets/toxinpred3/train_pos.csv
train_pos_1628,1,/mnt/nw/home/m.yu/repos/foundry/datasets/toxinpred3/train_pos.csv
train_pos_1629,1,/mnt/nw/home/m.yu/repos/foundry/datasets/toxinpred3/train_pos.csv
train_pos_1630,1,/mnt/nw/home/m.yu/repos/foundry/datasets/toxinpred3/train_pos.csv
train_pos_1631,1,/mnt/nw/home/m.yu/repos/foundry/datasets/toxinpred3/train_pos.csv
train_pos_1632,1,/mnt/nw/home/m.yu/repos/foundry/datasets/toxinpred3/train_pos.csv
train_pos_1633,1,/mnt/nw/home/m.yu/repos/foundry/datasets/toxinpred3/train_pos.csv
train_pos_1634,1,/mnt/nw/home/m.yu/repos/foundry/datasets/toxinpred3/train_pos.csv
train_pos_1635,1,/mnt/nw/home/m.yu/repos/foundry/datasets/toxinpred3/train_pos.csv
train_pos_1636,1,/mnt/nw/home/m.yu/repos/foundry/datasets/toxinpred3/train_pos.csv
train_pos_1637,1,/mnt/nw/home/m.yu/repos/foundry/datasets/toxinpred3/train_pos.csv
train_pos_1638,1,/mnt/nw/home/m.yu/repos/foundry/datasets/toxinpred3/train_pos.csv
train_pos_1639,1,/mnt/nw/home/m.yu/repos/foundry/datasets/toxinpred3/train_pos.csv
train_pos_1640,1,/mnt/nw/home/m.yu/repos/foundry/datasets/toxinpred3/train_pos.csv
train_pos_1641,1,/mnt/nw/home/m.yu/repos/foundry/datasets/toxinpred3/train_pos.csv
train_pos_1642,1,/mnt/nw/home/m.yu/repos/foundry/datasets/toxinpred3/train_pos.csv
train_pos_1643,1,/mnt/nw/home/m.yu/repos/foundry/datasets/toxinpred3/train_pos.csv
train_pos_1644,1,/mnt/nw/home/m.yu/repos/foundry/datasets/toxinpred3/train_pos.csv
train_pos_1645,1,/mnt/nw/home/m.yu/repos/foundry/datasets/toxinpred3/train_pos.csv
train_pos_1646,1,/mnt/nw/home/m.yu/repos/foundry/datasets/toxinpred3/train_pos.csv
train_pos_1647,1,/mnt/nw/home/m.yu/repos/foundry/datasets/toxinpred3/train_pos.csv
train_pos_1648,1,/mnt/nw/home/m.yu/repos/foundry/datasets/toxinpred3/train_pos.csv
train_pos_1649,1,/mnt/nw/home/m.yu/repos/foundry/datasets/toxinpred3/train_pos.csv
train_pos_1650,1,/mnt/nw/home/m.yu/repos/foundry/datasets/toxinpred3/train_pos.csv
train_pos_1651,1,/mnt/nw/home/m.yu/repos/foundry/datasets/toxinpred3/train_pos.csv
train_pos_1652,1,/mnt/nw/home/m.yu/repos/foundry/datasets/toxinpred3/train_pos.csv
train_pos_1653,1,/mnt/nw/home/m.yu/repos/foundry/datasets/toxinpred3/train_pos.csv
train_pos_1654,1,/mnt/nw/home/m.yu/repos/foundry/datasets/toxinpred3/train_pos.csv
train_pos_1655,1,/mnt/nw/home/m.yu/repos/foundry/datasets/toxinpred3/train_pos.csv
train_pos_1656,1,/mnt/nw/home/m.yu/repos/foundry/datasets/toxinpred3/train_pos.csv
train_pos_1657,1,/mnt/nw/home/m.yu/repos/foundry/datasets/toxinpred3/train_pos.csv
train_pos_1658,1,/mnt/nw/home/m.yu/repos/foundry/datasets/toxinpred3/train_pos.csv
train_pos_1659,1,/mnt/nw/home/m.yu/repos/foundry/datasets/toxinpred3/train_pos.csv
train_pos_1660,1,/mnt/nw/home/m.yu/repos/foundry/datasets/toxinpred3/train_pos.csv
train_pos_1661,1,/mnt/nw/home/m.yu/repos/foundry/datasets/toxinpred3/train_pos.csv
train_pos_1662,1,/mnt/nw/home/m.yu/repos/foundry/datasets/toxinpred3/train_pos.csv
train_pos_1663,1,/mnt/nw/home/m.yu/repos/foundry/datasets/toxinpred3/train_pos.csv
train_pos_1664,1,/mnt/nw/home/m.yu/repos/foundry/datasets/toxinpred3/train_pos.csv
train_pos_1665,1,/mnt/nw/home/m.yu/repos/foundry/datasets/toxinpred3/train_pos.csv
train_pos_1666,1,/mnt/nw/home/m.yu/repos/foundry/datasets/toxinpred3/train_pos.csv
train_pos_1667,1,/mnt/nw/home/m.yu/repos/foundry/datasets/toxinpred3/train_pos.csv
train_pos_1668,1,/mnt/nw/home/m.yu/repos/foundry/datasets/toxinpred3/train_pos.csv
train_pos_1669,1,/mnt/nw/home/m.yu/repos/foundry/datasets/toxinpred3/train_pos.csv
train_pos_1670,1,/mnt/nw/home/m.yu/repos/foundry/datasets/toxinpred3/train_pos.csv
train_pos_1671,1,/mnt/nw/home/m.yu/repos/foundry/datasets/toxinpred3/train_pos.csv
train_pos_1672,1,/mnt/nw/home/m.yu/repos/foundry/datasets/toxinpred3/train_pos.csv
train_pos_1673,1,/mnt/nw/home/m.yu/repos/foundry/datasets/toxinpred3/train_pos.csv
train_pos_1674,1,/mnt/nw/home/m.yu/repos/foundry/datasets/toxinpred3/train_pos.csv
train_pos_1675,1,/mnt/nw/home/m.yu/repos/foundry/datasets/toxinpred3/train_pos.csv
train_pos_1676,1,/mnt/nw/home/m.yu/repos/foundry/datasets/toxinpred3/train_pos.csv
train_pos_1677,1,/mnt/nw/home/m.yu/repos/foundry/datasets/toxinpred3/train_pos.csv
train_pos_1678,1,/mnt/nw/home/m.yu/repos/foundry/datasets/toxinpred3/train_pos.csv
train_pos_1679,1,/mnt/nw/home/m.yu/repos/foundry/datasets/toxinpred3/train_pos.csv
train_pos_1680,1,/mnt/nw/home/m.yu/repos/foundry/datasets/toxinpred3/train_pos.csv
train_pos_1681,1,/mnt/nw/home/m.yu/repos/foundry/datasets/toxinpred3/train_pos.csv
train_pos_1682,1,/mnt/nw/home/m.yu/repos/foundry/datasets/toxinpred3/train_pos.csv
train_pos_1683,1,/mnt/nw/home/m.yu/repos/foundry/datasets/toxinpred3/train_pos.csv
train_pos_1684,1,/mnt/nw/home/m.yu/repos/foundry/datasets/toxinpred3/train_pos.csv
train_pos_1685,1,/mnt/nw/home/m.yu/repos/foundry/datasets/toxinpred3/train_pos.csv
train_pos_1686,1,/mnt/nw/home/m.yu/repos/foundry/datasets/toxinpred3/train_pos.csv
train_pos_1687,1,/mnt/nw/home/m.yu/repos/foundry/datasets/toxinpred3/train_pos.csv
train_pos_1688,1,/mnt/nw/home/m.yu/repos/foundry/datasets/toxinpred3/train_pos.csv
train_pos_1689,1,/mnt/nw/home/m.yu/repos/foundry/datasets/toxinpred3/train_pos.csv
train_pos_1690,1,/mnt/nw/home/m.yu/repos/foundry/datasets/toxinpred3/train_pos.csv
train_pos_1691,1,/mnt/nw/home/m.yu/repos/foundry/datasets/toxinpred3/train_pos.csv
train_pos_1692,1,/mnt/nw/home/m.yu/repos/foundry/datasets/toxinpred3/train_pos.csv
train_pos_1693,1,/mnt/nw/home/m.yu/repos/foundry/datasets/toxinpred3/train_pos.csv
train_pos_1694,1,/mnt/nw/home/m.yu/repos/foundry/datasets/toxinpred3/train_pos.csv
train_pos_1695,1,/mnt/nw/home/m.yu/repos/foundry/datasets/toxinpred3/train_pos.csv
train_pos_1696,1,/mnt/nw/home/m.yu/repos/foundry/datasets/toxinpred3/train_pos.csv
train_pos_1697,1,/mnt/nw/home/m.yu/repos/foundry/datasets/toxinpred3/train_pos.csv
train_pos_1698,1,/mnt/nw/home/m.yu/repos/foundry/datasets/toxinpred3/train_pos.csv
train_pos_1699,1,/mnt/nw/home/m.yu/repos/foundry/datasets/toxinpred3/train_pos.csv
train_pos_1700,1,/mnt/nw/home/m.yu/repos/foundry/datasets/toxinpred3/train_pos.csv
train_pos_1701,1,/mnt/nw/home/m.yu/repos/foundry/datasets/toxinpred3/train_pos.csv
train_pos_1702,1,/mnt/nw/home/m.yu/repos/foundry/datasets/toxinpred3/train_pos.csv
train_pos_1703,1,/mnt/nw/home/m.yu/repos/foundry/datasets/toxinpred3/train_pos.csv
train_pos_1704,1,/mnt/nw/home/m.yu/repos/foundry/datasets/toxinpred3/train_pos.csv
train_pos_1705,1,/mnt/nw/home/m.yu/repos/foundry/datasets/toxinpred3/train_pos.csv
train_pos_1706,1,/mnt/nw/home/m.yu/repos/foundry/datasets/toxinpred3/train_pos.csv
train_pos_1707,1,/mnt/nw/home/m.yu/repos/foundry/datasets/toxinpred3/train_pos.csv
train_pos_1708,1,/mnt/nw/home/m.yu/repos/foundry/datasets/toxinpred3/train_pos.csv
train_pos_1709,1,/mnt/nw/home/m.yu/repos/foundry/datasets/toxinpred3/train_pos.csv
train_pos_1710,1,/mnt/nw/home/m.yu/repos/foundry/datasets/toxinpred3/train_pos.csv
train_pos_1711,1,/mnt/nw/home/m.yu/repos/foundry/datasets/toxinpred3/train_pos.csv
train_pos_1712,1,/mnt/nw/home/m.yu/repos/foundry/datasets/toxinpred3/train_pos.csv
train_pos_1713,1,/mnt/nw/home/m.yu/repos/foundry/datasets/toxinpred3/train_pos.csv
train_pos_1714,1,/mnt/nw/home/m.yu/repos/foundry/datasets/toxinpred3/train_pos.csv
train_pos_1715,1,/mnt/nw/home/m.yu/repos/foundry/datasets/toxinpred3/train_pos.csv
train_pos_1716,1,/mnt/nw/home/m.yu/repos/foundry/datasets/toxinpred3/train_pos.csv
train_pos_1717,1,/mnt/nw/home/m.yu/repos/foundry/datasets/toxinpred3/train_pos.csv
train_pos_1718,1,/mnt/nw/home/m.yu/repos/foundry/datasets/toxinpred3/train_pos.csv
train_pos_1719,1,/mnt/nw/home/m.yu/repos/foundry/datasets/toxinpred3/train_pos.csv
train_pos_1720,1,/mnt/nw/home/m.yu/repos/foundry/datasets/toxinpred3/train_pos.csv
train_pos_1721,1,/mnt/nw/home/m.yu/repos/foundry/datasets/toxinpred3/train_pos.csv
train_pos_1722,1,/mnt/nw/home/m.yu/repos/foundry/datasets/toxinpred3/train_pos.csv
train_pos_1723,1,/mnt/nw/home/m.yu/repos/foundry/datasets/toxinpred3/train_pos.csv
train_pos_1724,1,/mnt/nw/home/m.yu/repos/foundry/datasets/toxinpred3/train_pos.csv
train_pos_1725,1,/mnt/nw/home/m.yu/repos/foundry/datasets/toxinpred3/train_pos.csv
train_pos_1726,1,/mnt/nw/home/m.yu/repos/foundry/datasets/toxinpred3/train_pos.csv
train_pos_1727,1,/mnt/nw/home/m.yu/repos/foundry/datasets/toxinpred3/train_pos.csv
train_pos_1728,1,/mnt/nw/home/m.yu/repos/foundry/datasets/toxinpred3/train_pos.csv
train_pos_1729,1,/mnt/nw/home/m.yu/repos/foundry/datasets/toxinpred3/train_pos.csv
train_pos_1730,1,/mnt/nw/home/m.yu/repos/foundry/datasets/toxinpred3/train_pos.csv
train_pos_1731,1,/mnt/nw/home/m.yu/repos/foundry/datasets/toxinpred3/train_pos.csv
train_pos_1732,1,/mnt/nw/home/m.yu/repos/foundry/datasets/toxinpred3/train_pos.csv
train_pos_1733,1,/mnt/nw/home/m.yu/repos/foundry/datasets/toxinpred3/train_pos.csv
train_pos_1734,1,/mnt/nw/home/m.yu/repos/foundry/datasets/toxinpred3/train_pos.csv
train_pos_1735,1,/mnt/nw/home/m.yu/repos/foundry/datasets/toxinpred3/train_pos.csv
train_pos_1736,1,/mnt/nw/home/m.yu/repos/foundry/datasets/toxinpred3/train_pos.csv
train_pos_1737,1,/mnt/nw/home/m.yu/repos/foundry/datasets/toxinpred3/train_pos.csv
train_pos_1738,1,/mnt/nw/home/m.yu/repos/foundry/datasets/toxinpred3/train_pos.csv
train_pos_1739,1,/mnt/nw/home/m.yu/repos/foundry/datasets/toxinpred3/train_pos.csv
train_pos_1740,1,/mnt/nw/home/m.yu/repos/foundry/datasets/toxinpred3/train_pos.csv
train_pos_1741,1,/mnt/nw/home/m.yu/repos/foundry/datasets/toxinpred3/train_pos.csv
train_pos_1742,1,/mnt/nw/home/m.yu/repos/foundry/datasets/toxinpred3/train_pos.csv
train_pos_1743,1,/mnt/nw/home/m.yu/repos/foundry/datasets/toxinpred3/train_pos.csv
train_pos_1744,1,/mnt/nw/home/m.yu/repos/foundry/datasets/toxinpred3/train_pos.csv
train_pos_1745,1,/mnt/nw/home/m.yu/repos/foundry/datasets/toxinpred3/train_pos.csv
train_pos_1746,1,/mnt/nw/home/m.yu/repos/foundry/datasets/toxinpred3/train_pos.csv
train_pos_1747,1,/mnt/nw/home/m.yu/repos/foundry/datasets/toxinpred3/train_pos.csv
train_pos_1748,1,/mnt/nw/home/m.yu/repos/foundry/datasets/toxinpred3/train_pos.csv
train_pos_1749,1,/mnt/nw/home/m.yu/repos/foundry/datasets/toxinpred3/train_pos.csv
train_pos_1750,1,/mnt/nw/home/m.yu/repos/foundry/datasets/toxinpred3/train_pos.csv
train_pos_1751,1,/mnt/nw/home/m.yu/repos/foundry/datasets/toxinpred3/train_pos.csv
train_pos_1752,1,/mnt/nw/home/m.yu/repos/foundry/datasets/toxinpred3/train_pos.csv
train_pos_1753,1,/mnt/nw/home/m.yu/repos/foundry/datasets/toxinpred3/train_pos.csv
train_pos_1754,1,/mnt/nw/home/m.yu/repos/foundry/datasets/toxinpred3/train_pos.csv
train_pos_1755,1,/mnt/nw/home/m.yu/repos/foundry/datasets/toxinpred3/train_pos.csv
train_pos_1756,1,/mnt/nw/home/m.yu/repos/foundry/datasets/toxinpred3/train_pos.csv
train_pos_1757,1,/mnt/nw/home/m.yu/repos/foundry/datasets/toxinpred3/train_pos.csv
train_pos_1758,1,/mnt/nw/home/m.yu/repos/foundry/datasets/toxinpred3/train_pos.csv
train_pos_1759,1,/mnt/nw/home/m.yu/repos/foundry/datasets/toxinpred3/train_pos.csv
train_pos_1760,1,/mnt/nw/home/m.yu/repos/foundry/datasets/toxinpred3/train_pos.csv
train_pos_1761,1,/mnt/nw/home/m.yu/repos/foundry/datasets/toxinpred3/train_pos.csv
train_pos_1762,1,/mnt/nw/home/m.yu/repos/foundry/datasets/toxinpred3/train_pos.csv
train_pos_1763,1,/mnt/nw/home/m.yu/repos/foundry/datasets/toxinpred3/train_pos.csv
train_pos_1764,1,/mnt/nw/home/m.yu/repos/foundry/datasets/toxinpred3/train_pos.csv
train_pos_1765,1,/mnt/nw/home/m.yu/repos/foundry/datasets/toxinpred3/train_pos.csv
train_pos_1766,1,/mnt/nw/home/m.yu/repos/foundry/datasets/toxinpred3/train_pos.csv
train_pos_1767,1,/mnt/nw/home/m.yu/repos/foundry/datasets/toxinpred3/train_pos.csv
train_pos_1768,1,/mnt/nw/home/m.yu/repos/foundry/datasets/toxinpred3/train_pos.csv
train_pos_1769,1,/mnt/nw/home/m.yu/repos/foundry/datasets/toxinpred3/train_pos.csv
train_pos_1770,1,/mnt/nw/home/m.yu/repos/foundry/datasets/toxinpred3/train_pos.csv
train_pos_1771,1,/mnt/nw/home/m.yu/repos/foundry/datasets/toxinpred3/train_pos.csv
train_pos_1772,1,/mnt/nw/home/m.yu/repos/foundry/datasets/toxinpred3/train_pos.csv
train_pos_1773,1,/mnt/nw/home/m.yu/repos/foundry/datasets/toxinpred3/train_pos.csv
train_pos_1774,1,/mnt/nw/home/m.yu/repos/foundry/datasets/toxinpred3/train_pos.csv
train_pos_1775,1,/mnt/nw/home/m.yu/repos/foundry/datasets/toxinpred3/train_pos.csv
train_pos_1776,1,/mnt/nw/home/m.yu/repos/foundry/datasets/toxinpred3/train_pos.csv
train_pos_1777,1,/mnt/nw/home/m.yu/repos/foundry/datasets/toxinpred3/train_pos.csv
train_pos_1778,1,/mnt/nw/home/m.yu/repos/foundry/datasets/toxinpred3/train_pos.csv
train_pos_1779,1,/mnt/nw/home/m.yu/repos/foundry/datasets/toxinpred3/train_pos.csv
train_pos_1780,1,/mnt/nw/home/m.yu/repos/foundry/datasets/toxinpred3/train_pos.csv
train_pos_1781,1,/mnt/nw/home/m.yu/repos/foundry/datasets/toxinpred3/train_pos.csv
train_pos_1782,1,/mnt/nw/home/m.yu/repos/foundry/datasets/toxinpred3/train_pos.csv
train_pos_1783,1,/mnt/nw/home/m.yu/repos/foundry/datasets/toxinpred3/train_pos.csv
train_pos_1784,1,/mnt/nw/home/m.yu/repos/foundry/datasets/toxinpred3/train_pos.csv
train_pos_1785,1,/mnt/nw/home/m.yu/repos/foundry/datasets/toxinpred3/train_pos.csv
train_pos_1786,1,/mnt/nw/home/m.yu/repos/foundry/datasets/toxinpred3/train_pos.csv
train_pos_1787,1,/mnt/nw/home/m.yu/repos/foundry/datasets/toxinpred3/train_pos.csv
train_pos_1788,1,/mnt/nw/home/m.yu/repos/foundry/datasets/toxinpred3/train_pos.csv
train_pos_1789,1,/mnt/nw/home/m.yu/repos/foundry/datasets/toxinpred3/train_pos.csv
train_pos_1790,1,/mnt/nw/home/m.yu/repos/foundry/datasets/toxinpred3/train_pos.csv
train_pos_1791,1,/mnt/nw/home/m.yu/repos/foundry/datasets/toxinpred3/train_pos.csv
train_pos_1792,1,/mnt/nw/home/m.yu/repos/foundry/datasets/toxinpred3/train_pos.csv
train_pos_1793,1,/mnt/nw/home/m.yu/repos/foundry/datasets/toxinpred3/train_pos.csv
train_pos_1794,1,/mnt/nw/home/m.yu/repos/foundry/datasets/toxinpred3/train_pos.csv
train_pos_1795,1,/mnt/nw/home/m.yu/repos/foundry/datasets/toxinpred3/train_pos.csv
train_pos_1796,1,/mnt/nw/home/m.yu/repos/foundry/datasets/toxinpred3/train_pos.csv
train_pos_1797,1,/mnt/nw/home/m.yu/repos/foundry/datasets/toxinpred3/train_pos.csv
train_pos_1798,1,/mnt/nw/home/m.yu/repos/foundry/datasets/toxinpred3/train_pos.csv
train_pos_1799,1,/mnt/nw/home/m.yu/repos/foundry/datasets/toxinpred3/train_pos.csv
train_pos_1800,1,/mnt/nw/home/m.yu/repos/foundry/datasets/toxinpred3/train_pos.csv
train_pos_1801,1,/mnt/nw/home/m.yu/repos/foundry/datasets/toxinpred3/train_pos.csv
train_pos_1802,1,/mnt/nw/home/m.yu/repos/foundry/datasets/toxinpred3/train_pos.csv
train_pos_1803,1,/mnt/nw/home/m.yu/repos/foundry/datasets/toxinpred3/train_pos.csv
train_pos_1804,1,/mnt/nw/home/m.yu/repos/foundry/datasets/toxinpred3/train_pos.csv
train_pos_1805,1,/mnt/nw/home/m.yu/repos/foundry/datasets/toxinpred3/train_pos.csv
train_pos_1806,1,/mnt/nw/home/m.yu/repos/foundry/datasets/toxinpred3/train_pos.csv
train_pos_1807,1,/mnt/nw/home/m.yu/repos/foundry/datasets/toxinpred3/train_pos.csv
train_pos_1808,1,/mnt/nw/home/m.yu/repos/foundry/datasets/toxinpred3/train_pos.csv
train_pos_1809,1,/mnt/nw/home/m.yu/repos/foundry/datasets/toxinpred3/train_pos.csv
train_pos_1810,1,/mnt/nw/home/m.yu/repos/foundry/datasets/toxinpred3/train_pos.csv
train_pos_1811,1,/mnt/nw/home/m.yu/repos/foundry/datasets/toxinpred3/train_pos.csv
train_pos_1812,1,/mnt/nw/home/m.yu/repos/foundry/datasets/toxinpred3/train_pos.csv
train_pos_1813,1,/mnt/nw/home/m.yu/repos/foundry/datasets/toxinpred3/train_pos.csv
train_pos_1814,1,/mnt/nw/home/m.yu/repos/foundry/datasets/toxinpred3/train_pos.csv
train_pos_1815,1,/mnt/nw/home/m.yu/repos/foundry/datasets/toxinpred3/train_pos.csv
train_pos_1816,1,/mnt/nw/home/m.yu/repos/foundry/datasets/toxinpred3/train_pos.csv
train_pos_1817,1,/mnt/nw/home/m.yu/repos/foundry/datasets/toxinpred3/train_pos.csv
train_pos_1818,1,/mnt/nw/home/m.yu/repos/foundry/datasets/toxinpred3/train_pos.csv
train_pos_1819,1,/mnt/nw/home/m.yu/repos/foundry/datasets/toxinpred3/train_pos.csv
train_pos_1820,1,/mnt/nw/home/m.yu/repos/foundry/datasets/toxinpred3/train_pos.csv
train_pos_1821,1,/mnt/nw/home/m.yu/repos/foundry/datasets/toxinpred3/train_pos.csv
train_pos_1822,1,/mnt/nw/home/m.yu/repos/foundry/datasets/toxinpred3/train_pos.csv
train_pos_1823,1,/mnt/nw/home/m.yu/repos/foundry/datasets/toxinpred3/train_pos.csv
train_pos_1824,1,/mnt/nw/home/m.yu/repos/foundry/datasets/toxinpred3/train_pos.csv
train_pos_1825,1,/mnt/nw/home/m.yu/repos/foundry/datasets/toxinpred3/train_pos.csv
train_pos_1826,1,/mnt/nw/home/m.yu/repos/foundry/datasets/toxinpred3/train_pos.csv
train_pos_1827,1,/mnt/nw/home/m.yu/repos/foundry/datasets/toxinpred3/train_pos.csv
train_pos_1828,1,/mnt/nw/home/m.yu/repos/foundry/datasets/toxinpred3/train_pos.csv
train_pos_1829,1,/mnt/nw/home/m.yu/repos/foundry/datasets/toxinpred3/train_pos.csv
train_pos_1830,1,/mnt/nw/home/m.yu/repos/foundry/datasets/toxinpred3/train_pos.csv
train_pos_1831,1,/mnt/nw/home/m.yu/repos/foundry/datasets/toxinpred3/train_pos.csv
train_pos_1832,1,/mnt/nw/home/m.yu/repos/foundry/datasets/toxinpred3/train_pos.csv
train_pos_1833,1,/mnt/nw/home/m.yu/repos/foundry/datasets/toxinpred3/train_pos.csv
train_pos_1834,1,/mnt/nw/home/m.yu/repos/foundry/datasets/toxinpred3/train_pos.csv
train_pos_1835,1,/mnt/nw/home/m.yu/repos/foundry/datasets/toxinpred3/train_pos.csv
train_pos_1836,1,/mnt/nw/home/m.yu/repos/foundry/datasets/toxinpred3/train_pos.csv
train_pos_1837,1,/mnt/nw/home/m.yu/repos/foundry/datasets/toxinpred3/train_pos.csv
train_pos_1838,1,/mnt/nw/home/m.yu/repos/foundry/datasets/toxinpred3/train_pos.csv
train_pos_1839,1,/mnt/nw/home/m.yu/repos/foundry/datasets/toxinpred3/train_pos.csv
train_pos_1840,1,/mnt/nw/home/m.yu/repos/foundry/datasets/toxinpred3/train_pos.csv
train_pos_1841,1,/mnt/nw/home/m.yu/repos/foundry/datasets/toxinpred3/train_pos.csv
train_pos_1842,1,/mnt/nw/home/m.yu/repos/foundry/datasets/toxinpred3/train_pos.csv
train_pos_1843,1,/mnt/nw/home/m.yu/repos/foundry/datasets/toxinpred3/train_pos.csv
train_pos_1844,1,/mnt/nw/home/m.yu/repos/foundry/datasets/toxinpred3/train_pos.csv
train_pos_1845,1,/mnt/nw/home/m.yu/repos/foundry/datasets/toxinpred3/train_pos.csv
train_pos_1846,1,/mnt/nw/home/m.yu/repos/foundry/datasets/toxinpred3/train_pos.csv
train_pos_1847,1,/mnt/nw/home/m.yu/repos/foundry/datasets/toxinpred3/train_pos.csv
train_pos_1848,1,/mnt/nw/home/m.yu/repos/foundry/datasets/toxinpred3/train_pos.csv
train_pos_1849,1,/mnt/nw/home/m.yu/repos/foundry/datasets/toxinpred3/train_pos.csv
train_pos_1850,1,/mnt/nw/home/m.yu/repos/foundry/datasets/toxinpred3/train_pos.csv
train_pos_1851,1,/mnt/nw/home/m.yu/repos/foundry/datasets/toxinpred3/train_pos.csv
train_pos_1852,1,/mnt/nw/home/m.yu/repos/foundry/datasets/toxinpred3/train_pos.csv
train_pos_1853,1,/mnt/nw/home/m.yu/repos/foundry/datasets/toxinpred3/train_pos.csv
train_pos_1854,1,/mnt/nw/home/m.yu/repos/foundry/datasets/toxinpred3/train_pos.csv
train_pos_1855,1,/mnt/nw/home/m.yu/repos/foundry/datasets/toxinpred3/train_pos.csv
train_pos_1856,1,/mnt/nw/home/m.yu/repos/foundry/datasets/toxinpred3/train_pos.csv
train_pos_1857,1,/mnt/nw/home/m.yu/repos/foundry/datasets/toxinpred3/train_pos.csv
train_pos_1858,1,/mnt/nw/home/m.yu/repos/foundry/datasets/toxinpred3/train_pos.csv
train_pos_1859,1,/mnt/nw/home/m.yu/repos/foundry/datasets/toxinpred3/train_pos.csv
train_pos_1860,1,/mnt/nw/home/m.yu/repos/foundry/datasets/toxinpred3/train_pos.csv
train_pos_1861,1,/mnt/nw/home/m.yu/repos/foundry/datasets/toxinpred3/train_pos.csv
train_pos_1862,1,/mnt/nw/home/m.yu/repos/foundry/datasets/toxinpred3/train_pos.csv
train_pos_1863,1,/mnt/nw/home/m.yu/repos/foundry/datasets/toxinpred3/train_pos.csv
train_pos_1864,1,/mnt/nw/home/m.yu/repos/foundry/datasets/toxinpred3/train_pos.csv
train_pos_1865,1,/mnt/nw/home/m.yu/repos/foundry/datasets/toxinpred3/train_pos.csv
train_pos_1866,1,/mnt/nw/home/m.yu/repos/foundry/datasets/toxinpred3/train_pos.csv
train_pos_1867,1,/mnt/nw/home/m.yu/repos/foundry/datasets/toxinpred3/train_pos.csv
train_pos_1868,1,/mnt/nw/home/m.yu/repos/foundry/datasets/toxinpred3/train_pos.csv
train_pos_1869,1,/mnt/nw/home/m.yu/repos/foundry/datasets/toxinpred3/train_pos.csv
train_pos_1870,1,/mnt/nw/home/m.yu/repos/foundry/datasets/toxinpred3/train_pos.csv
train_pos_1871,1,/mnt/nw/home/m.yu/repos/foundry/datasets/toxinpred3/train_pos.csv
train_pos_1872,1,/mnt/nw/home/m.yu/repos/foundry/datasets/toxinpred3/train_pos.csv
train_pos_1873,1,/mnt/nw/home/m.yu/repos/foundry/datasets/toxinpred3/train_pos.csv
train_pos_1874,1,/mnt/nw/home/m.yu/repos/foundry/datasets/toxinpred3/train_pos.csv
train_pos_1875,1,/mnt/nw/home/m.yu/repos/foundry/datasets/toxinpred3/train_pos.csv
train_pos_1876,1,/mnt/nw/home/m.yu/repos/foundry/datasets/toxinpred3/train_pos.csv
train_pos_1877,1,/mnt/nw/home/m.yu/repos/foundry/datasets/toxinpred3/train_pos.csv
train_pos_1878,1,/mnt/nw/home/m.yu/repos/foundry/datasets/toxinpred3/train_pos.csv
train_pos_1879,1,/mnt/nw/home/m.yu/repos/foundry/datasets/toxinpred3/train_pos.csv
train_pos_1880,1,/mnt/nw/home/m.yu/repos/foundry/datasets/toxinpred3/train_pos.csv
train_pos_1881,1,/mnt/nw/home/m.yu/repos/foundry/datasets/toxinpred3/train_pos.csv
train_pos_1882,1,/mnt/nw/home/m.yu/repos/foundry/datasets/toxinpred3/train_pos.csv
train_pos_1883,1,/mnt/nw/home/m.yu/repos/foundry/datasets/toxinpred3/train_pos.csv
train_pos_1884,1,/mnt/nw/home/m.yu/repos/foundry/datasets/toxinpred3/train_pos.csv
train_pos_1885,1,/mnt/nw/home/m.yu/repos/foundry/datasets/toxinpred3/train_pos.csv
train_pos_1886,1,/mnt/nw/home/m.yu/repos/foundry/datasets/toxinpred3/train_pos.csv
train_pos_1887,1,/mnt/nw/home/m.yu/repos/foundry/datasets/toxinpred3/train_pos.csv
train_pos_1888,1,/mnt/nw/home/m.yu/repos/foundry/datasets/toxinpred3/train_pos.csv
train_pos_1889,1,/mnt/nw/home/m.yu/repos/foundry/datasets/toxinpred3/train_pos.csv
train_pos_1890,1,/mnt/nw/home/m.yu/repos/foundry/datasets/toxinpred3/train_pos.csv
train_pos_1891,1,/mnt/nw/home/m.yu/repos/foundry/datasets/toxinpred3/train_pos.csv
train_pos_1892,1,/mnt/nw/home/m.yu/repos/foundry/datasets/toxinpred3/train_pos.csv
train_pos_1893,1,/mnt/nw/home/m.yu/repos/foundry/datasets/toxinpred3/train_pos.csv
train_pos_1894,1,/mnt/nw/home/m.yu/repos/foundry/datasets/toxinpred3/train_pos.csv
train_pos_1895,1,/mnt/nw/home/m.yu/repos/foundry/datasets/toxinpred3/train_pos.csv
train_pos_1896,1,/mnt/nw/home/m.yu/repos/foundry/datasets/toxinpred3/train_pos.csv
train_pos_1897,1,/mnt/nw/home/m.yu/repos/foundry/datasets/toxinpred3/train_pos.csv
train_pos_1898,1,/mnt/nw/home/m.yu/repos/foundry/datasets/toxinpred3/train_pos.csv
train_pos_1899,1,/mnt/nw/home/m.yu/repos/foundry/datasets/toxinpred3/train_pos.csv
train_pos_1900,1,/mnt/nw/home/m.yu/repos/foundry/datasets/toxinpred3/train_pos.csv
train_pos_1901,1,/mnt/nw/home/m.yu/repos/foundry/datasets/toxinpred3/train_pos.csv
train_pos_1902,1,/mnt/nw/home/m.yu/repos/foundry/datasets/toxinpred3/train_pos.csv
train_pos_1903,1,/mnt/nw/home/m.yu/repos/foundry/datasets/toxinpred3/train_pos.csv
train_pos_1904,1,/mnt/nw/home/m.yu/repos/foundry/datasets/toxinpred3/train_pos.csv
train_pos_1905,1,/mnt/nw/home/m.yu/repos/foundry/datasets/toxinpred3/train_pos.csv
train_pos_1906,1,/mnt/nw/home/m.yu/repos/foundry/datasets/toxinpred3/train_pos.csv
train_pos_1907,1,/mnt/nw/home/m.yu/repos/foundry/datasets/toxinpred3/train_pos.csv
train_pos_1908,1,/mnt/nw/home/m.yu/repos/foundry/datasets/toxinpred3/train_pos.csv
train_pos_1909,1,/mnt/nw/home/m.yu/repos/foundry/datasets/toxinpred3/train_pos.csv
train_pos_1910,1,/mnt/nw/home/m.yu/repos/foundry/datasets/toxinpred3/train_pos.csv
train_pos_1911,1,/mnt/nw/home/m.yu/repos/foundry/datasets/toxinpred3/train_pos.csv
train_pos_1912,1,/mnt/nw/home/m.yu/repos/foundry/datasets/toxinpred3/train_pos.csv
train_pos_1913,1,/mnt/nw/home/m.yu/repos/foundry/datasets/toxinpred3/train_pos.csv
train_pos_1914,1,/mnt/nw/home/m.yu/repos/foundry/datasets/toxinpred3/train_pos.csv
train_pos_1915,1,/mnt/nw/home/m.yu/repos/foundry/datasets/toxinpred3/train_pos.csv
train_pos_1916,1,/mnt/nw/home/m.yu/repos/foundry/datasets/toxinpred3/train_pos.csv
train_pos_1917,1,/mnt/nw/home/m.yu/repos/foundry/datasets/toxinpred3/train_pos.csv
train_pos_1918,1,/mnt/nw/home/m.yu/repos/foundry/datasets/toxinpred3/train_pos.csv
train_pos_1919,1,/mnt/nw/home/m.yu/repos/foundry/datasets/toxinpred3/train_pos.csv
train_pos_1920,1,/mnt/nw/home/m.yu/repos/foundry/datasets/toxinpred3/train_pos.csv
train_pos_1921,1,/mnt/nw/home/m.yu/repos/foundry/datasets/toxinpred3/train_pos.csv
train_pos_1922,1,/mnt/nw/home/m.yu/repos/foundry/datasets/toxinpred3/train_pos.csv
train_pos_1923,1,/mnt/nw/home/m.yu/repos/foundry/datasets/toxinpred3/train_pos.csv
train_pos_1924,1,/mnt/nw/home/m.yu/repos/foundry/datasets/toxinpred3/train_pos.csv
train_pos_1925,1,/mnt/nw/home/m.yu/repos/foundry/datasets/toxinpred3/train_pos.csv
train_pos_1926,1,/mnt/nw/home/m.yu/repos/foundry/datasets/toxinpred3/train_pos.csv
train_pos_1927,1,/mnt/nw/home/m.yu/repos/foundry/datasets/toxinpred3/train_pos.csv
train_pos_1928,1,/mnt/nw/home/m.yu/repos/foundry/datasets/toxinpred3/train_pos.csv
train_pos_1929,1,/mnt/nw/home/m.yu/repos/foundry/datasets/toxinpred3/train_pos.csv
train_pos_1930,1,/mnt/nw/home/m.yu/repos/foundry/datasets/toxinpred3/train_pos.csv
train_pos_1931,1,/mnt/nw/home/m.yu/repos/foundry/datasets/toxinpred3/train_pos.csv
train_pos_1932,1,/mnt/nw/home/m.yu/repos/foundry/datasets/toxinpred3/train_pos.csv
train_pos_1933,1,/mnt/nw/home/m.yu/repos/foundry/datasets/toxinpred3/train_pos.csv
train_pos_1934,1,/mnt/nw/home/m.yu/repos/foundry/datasets/toxinpred3/train_pos.csv
train_pos_1935,1,/mnt/nw/home/m.yu/repos/foundry/datasets/toxinpred3/train_pos.csv
train_pos_1936,1,/mnt/nw/home/m.yu/repos/foundry/datasets/toxinpred3/train_pos.csv
train_pos_1937,1,/mnt/nw/home/m.yu/repos/foundry/datasets/toxinpred3/train_pos.csv
train_pos_1938,1,/mnt/nw/home/m.yu/repos/foundry/datasets/toxinpred3/train_pos.csv
train_pos_1939,1,/mnt/nw/home/m.yu/repos/foundry/datasets/toxinpred3/train_pos.csv
train_pos_1940,1,/mnt/nw/home/m.yu/repos/foundry/datasets/toxinpred3/train_pos.csv
train_pos_1941,1,/mnt/nw/home/m.yu/repos/foundry/datasets/toxinpred3/train_pos.csv
train_pos_1942,1,/mnt/nw/home/m.yu/repos/foundry/datasets/toxinpred3/train_pos.csv
train_pos_1943,1,/mnt/nw/home/m.yu/repos/foundry/datasets/toxinpred3/train_pos.csv
train_pos_1944,1,/mnt/nw/home/m.yu/repos/foundry/datasets/toxinpred3/train_pos.csv
train_pos_1945,1,/mnt/nw/home/m.yu/repos/foundry/datasets/toxinpred3/train_pos.csv
train_pos_1946,1,/mnt/nw/home/m.yu/repos/foundry/datasets/toxinpred3/train_pos.csv
train_pos_1947,1,/mnt/nw/home/m.yu/repos/foundry/datasets/toxinpred3/train_pos.csv
train_pos_1948,1,/mnt/nw/home/m.yu/repos/foundry/datasets/toxinpred3/train_pos.csv
train_pos_1949,1,/mnt/nw/home/m.yu/repos/foundry/datasets/toxinpred3/train_pos.csv
train_pos_1950,1,/mnt/nw/home/m.yu/repos/foundry/datasets/toxinpred3/train_pos.csv
train_pos_1951,1,/mnt/nw/home/m.yu/repos/foundry/datasets/toxinpred3/train_pos.csv
train_pos_1952,1,/mnt/nw/home/m.yu/repos/foundry/datasets/toxinpred3/train_pos.csv
train_pos_1953,1,/mnt/nw/home/m.yu/repos/foundry/datasets/toxinpred3/train_pos.csv
train_pos_1954,1,/mnt/nw/home/m.yu/repos/foundry/datasets/toxinpred3/train_pos.csv
train_pos_1955,1,/mnt/nw/home/m.yu/repos/foundry/datasets/toxinpred3/train_pos.csv
train_pos_1956,1,/mnt/nw/home/m.yu/repos/foundry/datasets/toxinpred3/train_pos.csv
train_pos_1957,1,/mnt/nw/home/m.yu/repos/foundry/datasets/toxinpred3/train_pos.csv
train_pos_1958,1,/mnt/nw/home/m.yu/repos/foundry/datasets/toxinpred3/train_pos.csv
train_pos_1959,1,/mnt/nw/home/m.yu/repos/foundry/datasets/toxinpred3/train_pos.csv
train_pos_1960,1,/mnt/nw/home/m.yu/repos/foundry/datasets/toxinpred3/train_pos.csv
train_pos_1961,1,/mnt/nw/home/m.yu/repos/foundry/datasets/toxinpred3/train_pos.csv
train_pos_1962,1,/mnt/nw/home/m.yu/repos/foundry/datasets/toxinpred3/train_pos.csv
train_pos_1963,1,/mnt/nw/home/m.yu/repos/foundry/datasets/toxinpred3/train_pos.csv
train_pos_1964,1,/mnt/nw/home/m.yu/repos/foundry/datasets/toxinpred3/train_pos.csv
train_pos_1965,1,/mnt/nw/home/m.yu/repos/foundry/datasets/toxinpred3/train_pos.csv
train_pos_1966,1,/mnt/nw/home/m.yu/repos/foundry/datasets/toxinpred3/train_pos.csv
train_pos_1967,1,/mnt/nw/home/m.yu/repos/foundry/datasets/toxinpred3/train_pos.csv
train_pos_1968,1,/mnt/nw/home/m.yu/repos/foundry/datasets/toxinpred3/train_pos.csv
train_pos_1969,1,/mnt/nw/home/m.yu/repos/foundry/datasets/toxinpred3/train_pos.csv
train_pos_1970,1,/mnt/nw/home/m.yu/repos/foundry/datasets/toxinpred3/train_pos.csv
train_pos_1971,1,/mnt/nw/home/m.yu/repos/foundry/datasets/toxinpred3/train_pos.csv
train_pos_1972,1,/mnt/nw/home/m.yu/repos/foundry/datasets/toxinpred3/train_pos.csv
train_pos_1973,1,/mnt/nw/home/m.yu/repos/foundry/datasets/toxinpred3/train_pos.csv
train_pos_1974,1,/mnt/nw/home/m.yu/repos/foundry/datasets/toxinpred3/train_pos.csv
train_pos_1975,1,/mnt/nw/home/m.yu/repos/foundry/datasets/toxinpred3/train_pos.csv
train_pos_1976,1,/mnt/nw/home/m.yu/repos/foundry/datasets/toxinpred3/train_pos.csv
train_pos_1977,1,/mnt/nw/home/m.yu/repos/foundry/datasets/toxinpred3/train_pos.csv
train_pos_1978,1,/mnt/nw/home/m.yu/repos/foundry/datasets/toxinpred3/train_pos.csv
train_pos_1979,1,/mnt/nw/home/m.yu/repos/foundry/datasets/toxinpred3/train_pos.csv
train_pos_1980,1,/mnt/nw/home/m.yu/repos/foundry/datasets/toxinpred3/train_pos.csv
train_pos_1981,1,/mnt/nw/home/m.yu/repos/foundry/datasets/toxinpred3/train_pos.csv
train_pos_1982,1,/mnt/nw/home/m.yu/repos/foundry/datasets/toxinpred3/train_pos.csv
train_pos_1983,1,/mnt/nw/home/m.yu/repos/foundry/datasets/toxinpred3/train_pos.csv
train_pos_1984,1,/mnt/nw/home/m.yu/repos/foundry/datasets/toxinpred3/train_pos.csv
train_pos_1985,1,/mnt/nw/home/m.yu/repos/foundry/datasets/toxinpred3/train_pos.csv
train_pos_1986,1,/mnt/nw/home/m.yu/repos/foundry/datasets/toxinpred3/train_pos.csv
train_pos_1987,1,/mnt/nw/home/m.yu/repos/foundry/datasets/toxinpred3/train_pos.csv
train_pos_1988,1,/mnt/nw/home/m.yu/repos/foundry/datasets/toxinpred3/train_pos.csv
train_pos_1989,1,/mnt/nw/home/m.yu/repos/foundry/datasets/toxinpred3/train_pos.csv
train_pos_1990,1,/mnt/nw/home/m.yu/repos/foundry/datasets/toxinpred3/train_pos.csv
train_pos_1991,1,/mnt/nw/home/m.yu/repos/foundry/datasets/toxinpred3/train_pos.csv
train_pos_1992,1,/mnt/nw/home/m.yu/repos/foundry/datasets/toxinpred3/train_pos.csv
train_pos_1993,1,/mnt/nw/home/m.yu/repos/foundry/datasets/toxinpred3/train_pos.csv
train_pos_1994,1,/mnt/nw/home/m.yu/repos/foundry/datasets/toxinpred3/train_pos.csv
train_pos_1995,1,/mnt/nw/home/m.yu/repos/foundry/datasets/toxinpred3/train_pos.csv
train_pos_1996,1,/mnt/nw/home/m.yu/repos/foundry/datasets/toxinpred3/train_pos.csv
train_pos_1997,1,/mnt/nw/home/m.yu/repos/foundry/datasets/toxinpred3/train_pos.csv
train_pos_1998,1,/mnt/nw/home/m.yu/repos/foundry/datasets/toxinpred3/train_pos.csv
train_pos_1999,1,/mnt/nw/home/m.yu/repos/foundry/datasets/toxinpred3/train_pos.csv
train_pos_2000,1,/mnt/nw/home/m.yu/repos/foundry/datasets/toxinpred3/train_pos.csv
train_pos_2001,1,/mnt/nw/home/m.yu/repos/foundry/datasets/toxinpred3/train_pos.csv
train_pos_2002,1,/mnt/nw/home/m.yu/repos/foundry/datasets/toxinpred3/train_pos.csv
train_pos_2003,1,/mnt/nw/home/m.yu/repos/foundry/datasets/toxinpred3/train_pos.csv
train_pos_2004,1,/mnt/nw/home/m.yu/repos/foundry/datasets/toxinpred3/train_pos.csv
train_pos_2005,1,/mnt/nw/home/m.yu/repos/foundry/datasets/toxinpred3/train_pos.csv
train_pos_2006,1,/mnt/nw/home/m.yu/repos/foundry/datasets/toxinpred3/train_pos.csv
train_pos_2007,1,/mnt/nw/home/m.yu/repos/foundry/datasets/toxinpred3/train_pos.csv
train_pos_2008,1,/mnt/nw/home/m.yu/repos/foundry/datasets/toxinpred3/train_pos.csv
train_pos_2009,1,/mnt/nw/home/m.yu/repos/foundry/datasets/toxinpred3/train_pos.csv
train_pos_2010,1,/mnt/nw/home/m.yu/repos/foundry/datasets/toxinpred3/train_pos.csv
train_pos_2011,1,/mnt/nw/home/m.yu/repos/foundry/datasets/toxinpred3/train_pos.csv
train_pos_2012,1,/mnt/nw/home/m.yu/repos/foundry/datasets/toxinpred3/train_pos.csv
train_pos_2013,1,/mnt/nw/home/m.yu/repos/foundry/datasets/toxinpred3/train_pos.csv
train_pos_2014,1,/mnt/nw/home/m.yu/repos/foundry/datasets/toxinpred3/train_pos.csv
train_pos_2015,1,/mnt/nw/home/m.yu/repos/foundry/datasets/toxinpred3/train_pos.csv
train_pos_2016,1,/mnt/nw/home/m.yu/repos/foundry/datasets/toxinpred3/train_pos.csv
train_pos_2017,1,/mnt/nw/home/m.yu/repos/foundry/datasets/toxinpred3/train_pos.csv
train_pos_2018,1,/mnt/nw/home/m.yu/repos/foundry/datasets/toxinpred3/train_pos.csv
train_pos_2019,1,/mnt/nw/home/m.yu/repos/foundry/datasets/toxinpred3/train_pos.csv
train_pos_2020,1,/mnt/nw/home/m.yu/repos/foundry/datasets/toxinpred3/train_pos.csv
train_pos_2021,1,/mnt/nw/home/m.yu/repos/foundry/datasets/toxinpred3/train_pos.csv
train_pos_2022,1,/mnt/nw/home/m.yu/repos/foundry/datasets/toxinpred3/train_pos.csv
train_pos_2023,1,/mnt/nw/home/m.yu/repos/foundry/datasets/toxinpred3/train_pos.csv
train_pos_2024,1,/mnt/nw/home/m.yu/repos/foundry/datasets/toxinpred3/train_pos.csv
train_pos_2025,1,/mnt/nw/home/m.yu/repos/foundry/datasets/toxinpred3/train_pos.csv
train_pos_2026,1,/mnt/nw/home/m.yu/repos/foundry/datasets/toxinpred3/train_pos.csv
train_pos_2027,1,/mnt/nw/home/m.yu/repos/foundry/datasets/toxinpred3/train_pos.csv
train_pos_2028,1,/mnt/nw/home/m.yu/repos/foundry/datasets/toxinpred3/train_pos.csv
train_pos_2029,1,/mnt/nw/home/m.yu/repos/foundry/datasets/toxinpred3/train_pos.csv
train_pos_2030,1,/mnt/nw/home/m.yu/repos/foundry/datasets/toxinpred3/train_pos.csv
train_pos_2031,1,/mnt/nw/home/m.yu/repos/foundry/datasets/toxinpred3/train_pos.csv
train_pos_2032,1,/mnt/nw/home/m.yu/repos/foundry/datasets/toxinpred3/train_pos.csv
train_pos_2033,1,/mnt/nw/home/m.yu/repos/foundry/datasets/toxinpred3/train_pos.csv
train_pos_2034,1,/mnt/nw/home/m.yu/repos/foundry/datasets/toxinpred3/train_pos.csv
train_pos_2035,1,/mnt/nw/home/m.yu/repos/foundry/datasets/toxinpred3/train_pos.csv
train_pos_2036,1,/mnt/nw/home/m.yu/repos/foundry/datasets/toxinpred3/train_pos.csv
train_pos_2037,1,/mnt/nw/home/m.yu/repos/foundry/datasets/toxinpred3/train_pos.csv
train_pos_2038,1,/mnt/nw/home/m.yu/repos/foundry/datasets/toxinpred3/train_pos.csv
train_pos_2039,1,/mnt/nw/home/m.yu/repos/foundry/datasets/toxinpred3/train_pos.csv
train_pos_2040,1,/mnt/nw/home/m.yu/repos/foundry/datasets/toxinpred3/train_pos.csv
train_pos_2041,1,/mnt/nw/home/m.yu/repos/foundry/datasets/toxinpred3/train_pos.csv
train_pos_2042,1,/mnt/nw/home/m.yu/repos/foundry/datasets/toxinpred3/train_pos.csv
train_pos_2043,1,/mnt/nw/home/m.yu/repos/foundry/datasets/toxinpred3/train_pos.csv
train_pos_2044,1,/mnt/nw/home/m.yu/repos/foundry/datasets/toxinpred3/train_pos.csv
train_pos_2045,1,/mnt/nw/home/m.yu/repos/foundry/datasets/toxinpred3/train_pos.csv
train_pos_2046,1,/mnt/nw/home/m.yu/repos/foundry/datasets/toxinpred3/train_pos.csv
train_pos_2047,1,/mnt/nw/home/m.yu/repos/foundry/datasets/toxinpred3/train_pos.csv
train_pos_2048,1,/mnt/nw/home/m.yu/repos/foundry/datasets/toxinpred3/train_pos.csv
train_pos_2049,1,/mnt/nw/home/m.yu/repos/foundry/datasets/toxinpred3/train_pos.csv
train_pos_2050,1,/mnt/nw/home/m.yu/repos/foundry/datasets/toxinpred3/train_pos.csv
train_pos_2051,1,/mnt/nw/home/m.yu/repos/foundry/datasets/toxinpred3/train_pos.csv
train_pos_2052,1,/mnt/nw/home/m.yu/repos/foundry/datasets/toxinpred3/train_pos.csv
train_pos_2053,1,/mnt/nw/home/m.yu/repos/foundry/datasets/toxinpred3/train_pos.csv
train_pos_2054,1,/mnt/nw/home/m.yu/repos/foundry/datasets/toxinpred3/train_pos.csv
train_pos_2055,1,/mnt/nw/home/m.yu/repos/foundry/datasets/toxinpred3/train_pos.csv
train_pos_2056,1,/mnt/nw/home/m.yu/repos/foundry/datasets/toxinpred3/train_pos.csv
train_pos_2057,1,/mnt/nw/home/m.yu/repos/foundry/datasets/toxinpred3/train_pos.csv
train_pos_2058,1,/mnt/nw/home/m.yu/repos/foundry/datasets/toxinpred3/train_pos.csv
train_pos_2059,1,/mnt/nw/home/m.yu/repos/foundry/datasets/toxinpred3/train_pos.csv
train_pos_2060,1,/mnt/nw/home/m.yu/repos/foundry/datasets/toxinpred3/train_pos.csv
train_pos_2061,1,/mnt/nw/home/m.yu/repos/foundry/datasets/toxinpred3/train_pos.csv
train_pos_2062,1,/mnt/nw/home/m.yu/repos/foundry/datasets/toxinpred3/train_pos.csv
train_pos_2063,1,/mnt/nw/home/m.yu/repos/foundry/datasets/toxinpred3/train_pos.csv
train_pos_2064,1,/mnt/nw/home/m.yu/repos/foundry/datasets/toxinpred3/train_pos.csv
train_pos_2065,1,/mnt/nw/home/m.yu/repos/foundry/datasets/toxinpred3/train_pos.csv
train_pos_2066,1,/mnt/nw/home/m.yu/repos/foundry/datasets/toxinpred3/train_pos.csv
train_pos_2067,1,/mnt/nw/home/m.yu/repos/foundry/datasets/toxinpred3/train_pos.csv
train_pos_2068,1,/mnt/nw/home/m.yu/repos/foundry/datasets/toxinpred3/train_pos.csv
train_pos_2069,1,/mnt/nw/home/m.yu/repos/foundry/datasets/toxinpred3/train_pos.csv
train_pos_2070,1,/mnt/nw/home/m.yu/repos/foundry/datasets/toxinpred3/train_pos.csv
train_pos_2071,1,/mnt/nw/home/m.yu/repos/foundry/datasets/toxinpred3/train_pos.csv
train_pos_2072,1,/mnt/nw/home/m.yu/repos/foundry/datasets/toxinpred3/train_pos.csv
train_pos_2073,1,/mnt/nw/home/m.yu/repos/foundry/datasets/toxinpred3/train_pos.csv
train_pos_2074,1,/mnt/nw/home/m.yu/repos/foundry/datasets/toxinpred3/train_pos.csv
train_pos_2075,1,/mnt/nw/home/m.yu/repos/foundry/datasets/toxinpred3/train_pos.csv
train_pos_2076,1,/mnt/nw/home/m.yu/repos/foundry/datasets/toxinpred3/train_pos.csv
train_pos_2077,1,/mnt/nw/home/m.yu/repos/foundry/datasets/toxinpred3/train_pos.csv
train_pos_2078,1,/mnt/nw/home/m.yu/repos/foundry/datasets/toxinpred3/train_pos.csv
train_pos_2079,1,/mnt/nw/home/m.yu/repos/foundry/datasets/toxinpred3/train_pos.csv
train_pos_2080,1,/mnt/nw/home/m.yu/repos/foundry/datasets/toxinpred3/train_pos.csv
train_pos_2081,1,/mnt/nw/home/m.yu/repos/foundry/datasets/toxinpred3/train_pos.csv
train_pos_2082,1,/mnt/nw/home/m.yu/repos/foundry/datasets/toxinpred3/train_pos.csv
train_pos_2083,1,/mnt/nw/home/m.yu/repos/foundry/datasets/toxinpred3/train_pos.csv
train_pos_2084,1,/mnt/nw/home/m.yu/repos/foundry/datasets/toxinpred3/train_pos.csv
train_pos_2085,1,/mnt/nw/home/m.yu/repos/foundry/datasets/toxinpred3/train_pos.csv
train_pos_2086,1,/mnt/nw/home/m.yu/repos/foundry/datasets/toxinpred3/train_pos.csv
train_pos_2087,1,/mnt/nw/home/m.yu/repos/foundry/datasets/toxinpred3/train_pos.csv
train_pos_2088,1,/mnt/nw/home/m.yu/repos/foundry/datasets/toxinpred3/train_pos.csv
train_pos_2089,1,/mnt/nw/home/m.yu/repos/foundry/datasets/toxinpred3/train_pos.csv
train_pos_2090,1,/mnt/nw/home/m.yu/repos/foundry/datasets/toxinpred3/train_pos.csv
train_pos_2091,1,/mnt/nw/home/m.yu/repos/foundry/datasets/toxinpred3/train_pos.csv
train_pos_2092,1,/mnt/nw/home/m.yu/repos/foundry/datasets/toxinpred3/train_pos.csv
train_pos_2093,1,/mnt/nw/home/m.yu/repos/foundry/datasets/toxinpred3/train_pos.csv
train_pos_2094,1,/mnt/nw/home/m.yu/repos/foundry/datasets/toxinpred3/train_pos.csv
train_pos_2095,1,/mnt/nw/home/m.yu/repos/foundry/datasets/toxinpred3/train_pos.csv
train_pos_2096,1,/mnt/nw/home/m.yu/repos/foundry/datasets/toxinpred3/train_pos.csv
train_pos_2097,1,/mnt/nw/home/m.yu/repos/foundry/datasets/toxinpred3/train_pos.csv
train_pos_2098,1,/mnt/nw/home/m.yu/repos/foundry/datasets/toxinpred3/train_pos.csv
train_pos_2099,1,/mnt/nw/home/m.yu/repos/foundry/datasets/toxinpred3/train_pos.csv
train_pos_2100,1,/mnt/nw/home/m.yu/repos/foundry/datasets/toxinpred3/train_pos.csv
train_pos_2101,1,/mnt/nw/home/m.yu/repos/foundry/datasets/toxinpred3/train_pos.csv
train_pos_2102,1,/mnt/nw/home/m.yu/repos/foundry/datasets/toxinpred3/train_pos.csv
train_pos_2103,1,/mnt/nw/home/m.yu/repos/foundry/datasets/toxinpred3/train_pos.csv
train_pos_2104,1,/mnt/nw/home/m.yu/repos/foundry/datasets/toxinpred3/train_pos.csv
train_pos_2105,1,/mnt/nw/home/m.yu/repos/foundry/datasets/toxinpred3/train_pos.csv
train_pos_2106,1,/mnt/nw/home/m.yu/repos/foundry/datasets/toxinpred3/train_pos.csv
train_pos_2107,1,/mnt/nw/home/m.yu/repos/foundry/datasets/toxinpred3/train_pos.csv
train_pos_2108,1,/mnt/nw/home/m.yu/repos/foundry/datasets/toxinpred3/train_pos.csv
train_pos_2109,1,/mnt/nw/home/m.yu/repos/foundry/datasets/toxinpred3/train_pos.csv
train_pos_2110,1,/mnt/nw/home/m.yu/repos/foundry/datasets/toxinpred3/train_pos.csv
train_pos_2111,1,/mnt/nw/home/m.yu/repos/foundry/datasets/toxinpred3/train_pos.csv
train_pos_2112,1,/mnt/nw/home/m.yu/repos/foundry/datasets/toxinpred3/train_pos.csv
train_pos_2113,1,/mnt/nw/home/m.yu/repos/foundry/datasets/toxinpred3/train_pos.csv
train_pos_2114,1,/mnt/nw/home/m.yu/repos/foundry/datasets/toxinpred3/train_pos.csv
train_pos_2115,1,/mnt/nw/home/m.yu/repos/foundry/datasets/toxinpred3/train_pos.csv
train_pos_2116,1,/mnt/nw/home/m.yu/repos/foundry/datasets/toxinpred3/train_pos.csv
train_pos_2117,1,/mnt/nw/home/m.yu/repos/foundry/datasets/toxinpred3/train_pos.csv
train_pos_2118,1,/mnt/nw/home/m.yu/repos/foundry/datasets/toxinpred3/train_pos.csv
train_pos_2119,1,/mnt/nw/home/m.yu/repos/foundry/datasets/toxinpred3/train_pos.csv
train_pos_2120,1,/mnt/nw/home/m.yu/repos/foundry/datasets/toxinpred3/train_pos.csv
train_pos_2121,1,/mnt/nw/home/m.yu/repos/foundry/datasets/toxinpred3/train_pos.csv
train_pos_2122,1,/mnt/nw/home/m.yu/repos/foundry/datasets/toxinpred3/train_pos.csv
train_pos_2123,1,/mnt/nw/home/m.yu/repos/foundry/datasets/toxinpred3/train_pos.csv
train_pos_2124,1,/mnt/nw/home/m.yu/repos/foundry/datasets/toxinpred3/train_pos.csv
train_pos_2125,1,/mnt/nw/home/m.yu/repos/foundry/datasets/toxinpred3/train_pos.csv
train_pos_2126,1,/mnt/nw/home/m.yu/repos/foundry/datasets/toxinpred3/train_pos.csv
train_pos_2127,1,/mnt/nw/home/m.yu/repos/foundry/datasets/toxinpred3/train_pos.csv
train_pos_2128,1,/mnt/nw/home/m.yu/repos/foundry/datasets/toxinpred3/train_pos.csv
train_pos_2129,1,/mnt/nw/home/m.yu/repos/foundry/datasets/toxinpred3/train_pos.csv
train_pos_2130,1,/mnt/nw/home/m.yu/repos/foundry/datasets/toxinpred3/train_pos.csv
train_pos_2131,1,/mnt/nw/home/m.yu/repos/foundry/datasets/toxinpred3/train_pos.csv
train_pos_2132,1,/mnt/nw/home/m.yu/repos/foundry/datasets/toxinpred3/train_pos.csv
train_pos_2133,1,/mnt/nw/home/m.yu/repos/foundry/datasets/toxinpred3/train_pos.csv
train_pos_2134,1,/mnt/nw/home/m.yu/repos/foundry/datasets/toxinpred3/train_pos.csv
train_pos_2135,1,/mnt/nw/home/m.yu/repos/foundry/datasets/toxinpred3/train_pos.csv
train_pos_2136,1,/mnt/nw/home/m.yu/repos/foundry/datasets/toxinpred3/train_pos.csv
train_pos_2137,1,/mnt/nw/home/m.yu/repos/foundry/datasets/toxinpred3/train_pos.csv
train_pos_2138,1,/mnt/nw/home/m.yu/repos/foundry/datasets/toxinpred3/train_pos.csv
train_pos_2139,1,/mnt/nw/home/m.yu/repos/foundry/datasets/toxinpred3/train_pos.csv
train_pos_2140,1,/mnt/nw/home/m.yu/repos/foundry/datasets/toxinpred3/train_pos.csv
train_pos_2141,1,/mnt/nw/home/m.yu/repos/foundry/datasets/toxinpred3/train_pos.csv
train_pos_2142,1,/mnt/nw/home/m.yu/repos/foundry/datasets/toxinpred3/train_pos.csv
train_pos_2143,1,/mnt/nw/home/m.yu/repos/foundry/datasets/toxinpred3/train_pos.csv
train_pos_2144,1,/mnt/nw/home/m.yu/repos/foundry/datasets/toxinpred3/train_pos.csv
train_pos_2145,1,/mnt/nw/home/m.yu/repos/foundry/datasets/toxinpred3/train_pos.csv
train_pos_2146,1,/mnt/nw/home/m.yu/repos/foundry/datasets/toxinpred3/train_pos.csv
train_pos_2147,1,/mnt/nw/home/m.yu/repos/foundry/datasets/toxinpred3/train_pos.csv
train_pos_2148,1,/mnt/nw/home/m.yu/repos/foundry/datasets/toxinpred3/train_pos.csv
train_pos_2149,1,/mnt/nw/home/m.yu/repos/foundry/datasets/toxinpred3/train_pos.csv
train_pos_2150,1,/mnt/nw/home/m.yu/repos/foundry/datasets/toxinpred3/train_pos.csv
train_pos_2151,1,/mnt/nw/home/m.yu/repos/foundry/datasets/toxinpred3/train_pos.csv
train_pos_2152,1,/mnt/nw/home/m.yu/repos/foundry/datasets/toxinpred3/train_pos.csv
train_pos_2153,1,/mnt/nw/home/m.yu/repos/foundry/datasets/toxinpred3/train_pos.csv
train_pos_2154,1,/mnt/nw/home/m.yu/repos/foundry/datasets/toxinpred3/train_pos.csv
train_pos_2155,1,/mnt/nw/home/m.yu/repos/foundry/datasets/toxinpred3/train_pos.csv
train_pos_2156,1,/mnt/nw/home/m.yu/repos/foundry/datasets/toxinpred3/train_pos.csv
train_pos_2157,1,/mnt/nw/home/m.yu/repos/foundry/datasets/toxinpred3/train_pos.csv
train_pos_2158,1,/mnt/nw/home/m.yu/repos/foundry/datasets/toxinpred3/train_pos.csv
train_pos_2159,1,/mnt/nw/home/m.yu/repos/foundry/datasets/toxinpred3/train_pos.csv
train_pos_2160,1,/mnt/nw/home/m.yu/repos/foundry/datasets/toxinpred3/train_pos.csv
train_pos_2161,1,/mnt/nw/home/m.yu/repos/foundry/datasets/toxinpred3/train_pos.csv
train_pos_2162,1,/mnt/nw/home/m.yu/repos/foundry/datasets/toxinpred3/train_pos.csv
train_pos_2163,1,/mnt/nw/home/m.yu/repos/foundry/datasets/toxinpred3/train_pos.csv
train_pos_2164,1,/mnt/nw/home/m.yu/repos/foundry/datasets/toxinpred3/train_pos.csv
train_pos_2165,1,/mnt/nw/home/m.yu/repos/foundry/datasets/toxinpred3/train_pos.csv
train_pos_2166,1,/mnt/nw/home/m.yu/repos/foundry/datasets/toxinpred3/train_pos.csv
train_pos_2167,1,/mnt/nw/home/m.yu/repos/foundry/datasets/toxinpred3/train_pos.csv
train_pos_2168,1,/mnt/nw/home/m.yu/repos/foundry/datasets/toxinpred3/train_pos.csv
train_pos_2169,1,/mnt/nw/home/m.yu/repos/foundry/datasets/toxinpred3/train_pos.csv
train_pos_2170,1,/mnt/nw/home/m.yu/repos/foundry/datasets/toxinpred3/train_pos.csv
train_pos_2171,1,/mnt/nw/home/m.yu/repos/foundry/datasets/toxinpred3/train_pos.csv
train_pos_2172,1,/mnt/nw/home/m.yu/repos/foundry/datasets/toxinpred3/train_pos.csv
train_pos_2173,1,/mnt/nw/home/m.yu/repos/foundry/datasets/toxinpred3/train_pos.csv
train_pos_2174,1,/mnt/nw/home/m.yu/repos/foundry/datasets/toxinpred3/train_pos.csv
train_pos_2175,1,/mnt/nw/home/m.yu/repos/foundry/datasets/toxinpred3/train_pos.csv
train_pos_2176,1,/mnt/nw/home/m.yu/repos/foundry/datasets/toxinpred3/train_pos.csv
train_pos_2177,1,/mnt/nw/home/m.yu/repos/foundry/datasets/toxinpred3/train_pos.csv
train_pos_2178,1,/mnt/nw/home/m.yu/repos/foundry/datasets/toxinpred3/train_pos.csv
train_pos_2179,1,/mnt/nw/home/m.yu/repos/foundry/datasets/toxinpred3/train_pos.csv
train_pos_2180,1,/mnt/nw/home/m.yu/repos/foundry/datasets/toxinpred3/train_pos.csv
train_pos_2181,1,/mnt/nw/home/m.yu/repos/foundry/datasets/toxinpred3/train_pos.csv
train_pos_2182,1,/mnt/nw/home/m.yu/repos/foundry/datasets/toxinpred3/train_pos.csv
train_pos_2183,1,/mnt/nw/home/m.yu/repos/foundry/datasets/toxinpred3/train_pos.csv
train_pos_2184,1,/mnt/nw/home/m.yu/repos/foundry/datasets/toxinpred3/train_pos.csv
train_pos_2185,1,/mnt/nw/home/m.yu/repos/foundry/datasets/toxinpred3/train_pos.csv
train_pos_2186,1,/mnt/nw/home/m.yu/repos/foundry/datasets/toxinpred3/train_pos.csv
train_pos_2187,1,/mnt/nw/home/m.yu/repos/foundry/datasets/toxinpred3/train_pos.csv
train_pos_2188,1,/mnt/nw/home/m.yu/repos/foundry/datasets/toxinpred3/train_pos.csv
train_pos_2189,1,/mnt/nw/home/m.yu/repos/foundry/datasets/toxinpred3/train_pos.csv
train_pos_2190,1,/mnt/nw/home/m.yu/repos/foundry/datasets/toxinpred3/train_pos.csv
train_pos_2191,1,/mnt/nw/home/m.yu/repos/foundry/datasets/toxinpred3/train_pos.csv
train_pos_2192,1,/mnt/nw/home/m.yu/repos/foundry/datasets/toxinpred3/train_pos.csv
train_pos_2193,1,/mnt/nw/home/m.yu/repos/foundry/datasets/toxinpred3/train_pos.csv
train_pos_2194,1,/mnt/nw/home/m.yu/repos/foundry/datasets/toxinpred3/train_pos.csv
train_pos_2195,1,/mnt/nw/home/m.yu/repos/foundry/datasets/toxinpred3/train_pos.csv
train_pos_2196,1,/mnt/nw/home/m.yu/repos/foundry/datasets/toxinpred3/train_pos.csv
train_pos_2197,1,/mnt/nw/home/m.yu/repos/foundry/datasets/toxinpred3/train_pos.csv
train_pos_2198,1,/mnt/nw/home/m.yu/repos/foundry/datasets/toxinpred3/train_pos.csv
train_pos_2199,1,/mnt/nw/home/m.yu/repos/foundry/datasets/toxinpred3/train_pos.csv
train_pos_2200,1,/mnt/nw/home/m.yu/repos/foundry/datasets/toxinpred3/train_pos.csv
train_pos_2201,1,/mnt/nw/home/m.yu/repos/foundry/datasets/toxinpred3/train_pos.csv
train_pos_2202,1,/mnt/nw/home/m.yu/repos/foundry/datasets/toxinpred3/train_pos.csv
train_pos_2203,1,/mnt/nw/home/m.yu/repos/foundry/datasets/toxinpred3/train_pos.csv
train_pos_2204,1,/mnt/nw/home/m.yu/repos/foundry/datasets/toxinpred3/train_pos.csv
train_pos_2205,1,/mnt/nw/home/m.yu/repos/foundry/datasets/toxinpred3/train_pos.csv
train_pos_2206,1,/mnt/nw/home/m.yu/repos/foundry/datasets/toxinpred3/train_pos.csv
train_pos_2207,1,/mnt/nw/home/m.yu/repos/foundry/datasets/toxinpred3/train_pos.csv
train_pos_2208,1,/mnt/nw/home/m.yu/repos/foundry/datasets/toxinpred3/train_pos.csv
train_pos_2209,1,/mnt/nw/home/m.yu/repos/foundry/datasets/toxinpred3/train_pos.csv
train_pos_2210,1,/mnt/nw/home/m.yu/repos/foundry/datasets/toxinpred3/train_pos.csv
train_pos_2211,1,/mnt/nw/home/m.yu/repos/foundry/datasets/toxinpred3/train_pos.csv
train_pos_2212,1,/mnt/nw/home/m.yu/repos/foundry/datasets/toxinpred3/train_pos.csv
train_pos_2213,1,/mnt/nw/home/m.yu/repos/foundry/datasets/toxinpred3/train_pos.csv
train_pos_2214,1,/mnt/nw/home/m.yu/repos/foundry/datasets/toxinpred3/train_pos.csv
train_pos_2215,1,/mnt/nw/home/m.yu/repos/foundry/datasets/toxinpred3/train_pos.csv
train_pos_2216,1,/mnt/nw/home/m.yu/repos/foundry/datasets/toxinpred3/train_pos.csv
train_pos_2217,1,/mnt/nw/home/m.yu/repos/foundry/datasets/toxinpred3/train_pos.csv
train_pos_2218,1,/mnt/nw/home/m.yu/repos/foundry/datasets/toxinpred3/train_pos.csv
train_pos_2219,1,/mnt/nw/home/m.yu/repos/foundry/datasets/toxinpred3/train_pos.csv
train_pos_2220,1,/mnt/nw/home/m.yu/repos/foundry/datasets/toxinpred3/train_pos.csv
train_pos_2221,1,/mnt/nw/home/m.yu/repos/foundry/datasets/toxinpred3/train_pos.csv
train_pos_2222,1,/mnt/nw/home/m.yu/repos/foundry/datasets/toxinpred3/train_pos.csv
train_pos_2223,1,/mnt/nw/home/m.yu/repos/foundry/datasets/toxinpred3/train_pos.csv
train_pos_2224,1,/mnt/nw/home/m.yu/repos/foundry/datasets/toxinpred3/train_pos.csv
train_pos_2225,1,/mnt/nw/home/m.yu/repos/foundry/datasets/toxinpred3/train_pos.csv
train_pos_2226,1,/mnt/nw/home/m.yu/repos/foundry/datasets/toxinpred3/train_pos.csv
train_pos_2227,1,/mnt/nw/home/m.yu/repos/foundry/datasets/toxinpred3/train_pos.csv
train_pos_2228,1,/mnt/nw/home/m.yu/repos/foundry/datasets/toxinpred3/train_pos.csv
train_pos_2229,1,/mnt/nw/home/m.yu/repos/foundry/datasets/toxinpred3/train_pos.csv
train_pos_2230,1,/mnt/nw/home/m.yu/repos/foundry/datasets/toxinpred3/train_pos.csv
train_pos_2231,1,/mnt/nw/home/m.yu/repos/foundry/datasets/toxinpred3/train_pos.csv
train_pos_2232,1,/mnt/nw/home/m.yu/repos/foundry/datasets/toxinpred3/train_pos.csv
train_pos_2233,1,/mnt/nw/home/m.yu/repos/foundry/datasets/toxinpred3/train_pos.csv
train_pos_2234,1,/mnt/nw/home/m.yu/repos/foundry/datasets/toxinpred3/train_pos.csv
train_pos_2235,1,/mnt/nw/home/m.yu/repos/foundry/datasets/toxinpred3/train_pos.csv
train_pos_2236,1,/mnt/nw/home/m.yu/repos/foundry/datasets/toxinpred3/train_pos.csv
train_pos_2237,1,/mnt/nw/home/m.yu/repos/foundry/datasets/toxinpred3/train_pos.csv
train_pos_2238,1,/mnt/nw/home/m.yu/repos/foundry/datasets/toxinpred3/train_pos.csv
train_pos_2239,1,/mnt/nw/home/m.yu/repos/foundry/datasets/toxinpred3/train_pos.csv
train_pos_2240,1,/mnt/nw/home/m.yu/repos/foundry/datasets/toxinpred3/train_pos.csv
train_pos_2241,1,/mnt/nw/home/m.yu/repos/foundry/datasets/toxinpred3/train_pos.csv
train_pos_2242,1,/mnt/nw/home/m.yu/repos/foundry/datasets/toxinpred3/train_pos.csv
train_pos_2243,1,/mnt/nw/home/m.yu/repos/foundry/datasets/toxinpred3/train_pos.csv
train_pos_2244,1,/mnt/nw/home/m.yu/repos/foundry/datasets/toxinpred3/train_pos.csv
train_pos_2245,1,/mnt/nw/home/m.yu/repos/foundry/datasets/toxinpred3/train_pos.csv
train_pos_2246,1,/mnt/nw/home/m.yu/repos/foundry/datasets/toxinpred3/train_pos.csv
train_pos_2247,1,/mnt/nw/home/m.yu/repos/foundry/datasets/toxinpred3/train_pos.csv
train_pos_2248,1,/mnt/nw/home/m.yu/repos/foundry/datasets/toxinpred3/train_pos.csv
train_pos_2249,1,/mnt/nw/home/m.yu/repos/foundry/datasets/toxinpred3/train_pos.csv
train_pos_2250,1,/mnt/nw/home/m.yu/repos/foundry/datasets/toxinpred3/train_pos.csv
train_pos_2251,1,/mnt/nw/home/m.yu/repos/foundry/datasets/toxinpred3/train_pos.csv
train_pos_2252,1,/mnt/nw/home/m.yu/repos/foundry/datasets/toxinpred3/train_pos.csv
train_pos_2253,1,/mnt/nw/home/m.yu/repos/foundry/datasets/toxinpred3/train_pos.csv
train_pos_2254,1,/mnt/nw/home/m.yu/repos/foundry/datasets/toxinpred3/train_pos.csv
train_pos_2255,1,/mnt/nw/home/m.yu/repos/foundry/datasets/toxinpred3/train_pos.csv
train_pos_2256,1,/mnt/nw/home/m.yu/repos/foundry/datasets/toxinpred3/train_pos.csv
train_pos_2257,1,/mnt/nw/home/m.yu/repos/foundry/datasets/toxinpred3/train_pos.csv
train_pos_2258,1,/mnt/nw/home/m.yu/repos/foundry/datasets/toxinpred3/train_pos.csv
train_pos_2259,1,/mnt/nw/home/m.yu/repos/foundry/datasets/toxinpred3/train_pos.csv
train_pos_2260,1,/mnt/nw/home/m.yu/repos/foundry/datasets/toxinpred3/train_pos.csv
train_pos_2261,1,/mnt/nw/home/m.yu/repos/foundry/datasets/toxinpred3/train_pos.csv
train_pos_2262,1,/mnt/nw/home/m.yu/repos/foundry/datasets/toxinpred3/train_pos.csv
train_pos_2263,1,/mnt/nw/home/m.yu/repos/foundry/datasets/toxinpred3/train_pos.csv
train_pos_2264,1,/mnt/nw/home/m.yu/repos/foundry/datasets/toxinpred3/train_pos.csv
train_pos_2265,1,/mnt/nw/home/m.yu/repos/foundry/datasets/toxinpred3/train_pos.csv
train_pos_2266,1,/mnt/nw/home/m.yu/repos/foundry/datasets/toxinpred3/train_pos.csv
train_pos_2267,1,/mnt/nw/home/m.yu/repos/foundry/datasets/toxinpred3/train_pos.csv
train_pos_2268,1,/mnt/nw/home/m.yu/repos/foundry/datasets/toxinpred3/train_pos.csv
train_pos_2269,1,/mnt/nw/home/m.yu/repos/foundry/datasets/toxinpred3/train_pos.csv
train_pos_2270,1,/mnt/nw/home/m.yu/repos/foundry/datasets/toxinpred3/train_pos.csv
train_pos_2271,1,/mnt/nw/home/m.yu/repos/foundry/datasets/toxinpred3/train_pos.csv
train_pos_2272,1,/mnt/nw/home/m.yu/repos/foundry/datasets/toxinpred3/train_pos.csv
train_pos_2273,1,/mnt/nw/home/m.yu/repos/foundry/datasets/toxinpred3/train_pos.csv
train_pos_2274,1,/mnt/nw/home/m.yu/repos/foundry/datasets/toxinpred3/train_pos.csv
train_pos_2275,1,/mnt/nw/home/m.yu/repos/foundry/datasets/toxinpred3/train_pos.csv
train_pos_2276,1,/mnt/nw/home/m.yu/repos/foundry/datasets/toxinpred3/train_pos.csv
train_pos_2277,1,/mnt/nw/home/m.yu/repos/foundry/datasets/toxinpred3/train_pos.csv
train_pos_2278,1,/mnt/nw/home/m.yu/repos/foundry/datasets/toxinpred3/train_pos.csv
train_pos_2279,1,/mnt/nw/home/m.yu/repos/foundry/datasets/toxinpred3/train_pos.csv
train_pos_2280,1,/mnt/nw/home/m.yu/repos/foundry/datasets/toxinpred3/train_pos.csv
train_pos_2281,1,/mnt/nw/home/m.yu/repos/foundry/datasets/toxinpred3/train_pos.csv
train_pos_2282,1,/mnt/nw/home/m.yu/repos/foundry/datasets/toxinpred3/train_pos.csv
train_pos_2283,1,/mnt/nw/home/m.yu/repos/foundry/datasets/toxinpred3/train_pos.csv
train_pos_2284,1,/mnt/nw/home/m.yu/repos/foundry/datasets/toxinpred3/train_pos.csv
train_pos_2285,1,/mnt/nw/home/m.yu/repos/foundry/datasets/toxinpred3/train_pos.csv
train_pos_2286,1,/mnt/nw/home/m.yu/repos/foundry/datasets/toxinpred3/train_pos.csv
train_pos_2287,1,/mnt/nw/home/m.yu/repos/foundry/datasets/toxinpred3/train_pos.csv
train_pos_2288,1,/mnt/nw/home/m.yu/repos/foundry/datasets/toxinpred3/train_pos.csv
train_pos_2289,1,/mnt/nw/home/m.yu/repos/foundry/datasets/toxinpred3/train_pos.csv
train_pos_2290,1,/mnt/nw/home/m.yu/repos/foundry/datasets/toxinpred3/train_pos.csv
train_pos_2291,1,/mnt/nw/home/m.yu/repos/foundry/datasets/toxinpred3/train_pos.csv
train_pos_2292,1,/mnt/nw/home/m.yu/repos/foundry/datasets/toxinpred3/train_pos.csv
train_pos_2293,1,/mnt/nw/home/m.yu/repos/foundry/datasets/toxinpred3/train_pos.csv
train_pos_2294,1,/mnt/nw/home/m.yu/repos/foundry/datasets/toxinpred3/train_pos.csv
train_pos_2295,1,/mnt/nw/home/m.yu/repos/foundry/datasets/toxinpred3/train_pos.csv
train_pos_2296,1,/mnt/nw/home/m.yu/repos/foundry/datasets/toxinpred3/train_pos.csv
train_pos_2297,1,/mnt/nw/home/m.yu/repos/foundry/datasets/toxinpred3/train_pos.csv
train_pos_2298,1,/mnt/nw/home/m.yu/repos/foundry/datasets/toxinpred3/train_pos.csv
train_pos_2299,1,/mnt/nw/home/m.yu/repos/foundry/datasets/toxinpred3/train_pos.csv
train_pos_2300,1,/mnt/nw/home/m.yu/repos/foundry/datasets/toxinpred3/train_pos.csv
train_pos_2301,1,/mnt/nw/home/m.yu/repos/foundry/datasets/toxinpred3/train_pos.csv
train_pos_2302,1,/mnt/nw/home/m.yu/repos/foundry/datasets/toxinpred3/train_pos.csv
train_pos_2303,1,/mnt/nw/home/m.yu/repos/foundry/datasets/toxinpred3/train_pos.csv
train_pos_2304,1,/mnt/nw/home/m.yu/repos/foundry/datasets/toxinpred3/train_pos.csv
train_pos_2305,1,/mnt/nw/home/m.yu/repos/foundry/datasets/toxinpred3/train_pos.csv
train_pos_2306,1,/mnt/nw/home/m.yu/repos/foundry/datasets/toxinpred3/train_pos.csv
train_pos_2307,1,/mnt/nw/home/m.yu/repos/foundry/datasets/toxinpred3/train_pos.csv
train_pos_2308,1,/mnt/nw/home/m.yu/repos/foundry/datasets/toxinpred3/train_pos.csv
train_pos_2309,1,/mnt/nw/home/m.yu/repos/foundry/datasets/toxinpred3/train_pos.csv
train_pos_2310,1,/mnt/nw/home/m.yu/repos/foundry/datasets/toxinpred3/train_pos.csv
train_pos_2311,1,/mnt/nw/home/m.yu/repos/foundry/datasets/toxinpred3/train_pos.csv
train_pos_2312,1,/mnt/nw/home/m.yu/repos/foundry/datasets/toxinpred3/train_pos.csv
train_pos_2313,1,/mnt/nw/home/m.yu/repos/foundry/datasets/toxinpred3/train_pos.csv
train_pos_2314,1,/mnt/nw/home/m.yu/repos/foundry/datasets/toxinpred3/train_pos.csv
train_pos_2315,1,/mnt/nw/home/m.yu/repos/foundry/datasets/toxinpred3/train_pos.csv
train_pos_2316,1,/mnt/nw/home/m.yu/repos/foundry/datasets/toxinpred3/train_pos.csv
train_pos_2317,1,/mnt/nw/home/m.yu/repos/foundry/datasets/toxinpred3/train_pos.csv
train_pos_2318,1,/mnt/nw/home/m.yu/repos/foundry/datasets/toxinpred3/train_pos.csv
train_pos_2319,1,/mnt/nw/home/m.yu/repos/foundry/datasets/toxinpred3/train_pos.csv
train_pos_2320,1,/mnt/nw/home/m.yu/repos/foundry/datasets/toxinpred3/train_pos.csv
train_pos_2321,1,/mnt/nw/home/m.yu/repos/foundry/datasets/toxinpred3/train_pos.csv
train_pos_2322,1,/mnt/nw/home/m.yu/repos/foundry/datasets/toxinpred3/train_pos.csv
train_pos_2323,1,/mnt/nw/home/m.yu/repos/foundry/datasets/toxinpred3/train_pos.csv
train_pos_2324,1,/mnt/nw/home/m.yu/repos/foundry/datasets/toxinpred3/train_pos.csv
train_pos_2325,1,/mnt/nw/home/m.yu/repos/foundry/datasets/toxinpred3/train_pos.csv
train_pos_2326,1,/mnt/nw/home/m.yu/repos/foundry/datasets/toxinpred3/train_pos.csv
train_pos_2327,1,/mnt/nw/home/m.yu/repos/foundry/datasets/toxinpred3/train_pos.csv
train_pos_2328,1,/mnt/nw/home/m.yu/repos/foundry/datasets/toxinpred3/train_pos.csv
train_pos_2329,1,/mnt/nw/home/m.yu/repos/foundry/datasets/toxinpred3/train_pos.csv
train_pos_2330,1,/mnt/nw/home/m.yu/repos/foundry/datasets/toxinpred3/train_pos.csv
train_pos_2331,1,/mnt/nw/home/m.yu/repos/foundry/datasets/toxinpred3/train_pos.csv
train_pos_2332,1,/mnt/nw/home/m.yu/repos/foundry/datasets/toxinpred3/train_pos.csv
train_pos_2333,1,/mnt/nw/home/m.yu/repos/foundry/datasets/toxinpred3/train_pos.csv
train_pos_2334,1,/mnt/nw/home/m.yu/repos/foundry/datasets/toxinpred3/train_pos.csv
train_pos_2335,1,/mnt/nw/home/m.yu/repos/foundry/datasets/toxinpred3/train_pos.csv
train_pos_2336,1,/mnt/nw/home/m.yu/repos/foundry/datasets/toxinpred3/train_pos.csv
train_pos_2337,1,/mnt/nw/home/m.yu/repos/foundry/datasets/toxinpred3/train_pos.csv
train_pos_2338,1,/mnt/nw/home/m.yu/repos/foundry/datasets/toxinpred3/train_pos.csv
train_pos_2339,1,/mnt/nw/home/m.yu/repos/foundry/datasets/toxinpred3/train_pos.csv
train_pos_2340,1,/mnt/nw/home/m.yu/repos/foundry/datasets/toxinpred3/train_pos.csv
train_pos_2341,1,/mnt/nw/home/m.yu/repos/foundry/datasets/toxinpred3/train_pos.csv
train_pos_2342,1,/mnt/nw/home/m.yu/repos/foundry/datasets/toxinpred3/train_pos.csv
train_pos_2343,1,/mnt/nw/home/m.yu/repos/foundry/datasets/toxinpred3/train_pos.csv
train_pos_2344,1,/mnt/nw/home/m.yu/repos/foundry/datasets/toxinpred3/train_pos.csv
train_pos_2345,1,/mnt/nw/home/m.yu/repos/foundry/datasets/toxinpred3/train_pos.csv
train_pos_2346,1,/mnt/nw/home/m.yu/repos/foundry/datasets/toxinpred3/train_pos.csv
train_pos_2347,1,/mnt/nw/home/m.yu/repos/foundry/datasets/toxinpred3/train_pos.csv
train_pos_2348,1,/mnt/nw/home/m.yu/repos/foundry/datasets/toxinpred3/train_pos.csv
train_pos_2349,1,/mnt/nw/home/m.yu/repos/foundry/datasets/toxinpred3/train_pos.csv
train_pos_2350,1,/mnt/nw/home/m.yu/repos/foundry/datasets/toxinpred3/train_pos.csv
train_pos_2351,1,/mnt/nw/home/m.yu/repos/foundry/datasets/toxinpred3/train_pos.csv
train_pos_2352,1,/mnt/nw/home/m.yu/repos/foundry/datasets/toxinpred3/train_pos.csv
train_pos_2353,1,/mnt/nw/home/m.yu/repos/foundry/datasets/toxinpred3/train_pos.csv
train_pos_2354,1,/mnt/nw/home/m.yu/repos/foundry/datasets/toxinpred3/train_pos.csv
train_pos_2355,1,/mnt/nw/home/m.yu/repos/foundry/datasets/toxinpred3/train_pos.csv
train_pos_2356,1,/mnt/nw/home/m.yu/repos/foundry/datasets/toxinpred3/train_pos.csv
train_pos_2357,1,/mnt/nw/home/m.yu/repos/foundry/datasets/toxinpred3/train_pos.csv
train_pos_2358,1,/mnt/nw/home/m.yu/repos/foundry/datasets/toxinpred3/train_pos.csv
train_pos_2359,1,/mnt/nw/home/m.yu/repos/foundry/datasets/toxinpred3/train_pos.csv
train_pos_2360,1,/mnt/nw/home/m.yu/repos/foundry/datasets/toxinpred3/train_pos.csv
train_pos_2361,1,/mnt/nw/home/m.yu/repos/foundry/datasets/toxinpred3/train_pos.csv
train_pos_2362,1,/mnt/nw/home/m.yu/repos/foundry/datasets/toxinpred3/train_pos.csv
train_pos_2363,1,/mnt/nw/home/m.yu/repos/foundry/datasets/toxinpred3/train_pos.csv
train_pos_2364,1,/mnt/nw/home/m.yu/repos/foundry/datasets/toxinpred3/train_pos.csv
train_pos_2365,1,/mnt/nw/home/m.yu/repos/foundry/datasets/toxinpred3/train_pos.csv
train_pos_2366,1,/mnt/nw/home/m.yu/repos/foundry/datasets/toxinpred3/train_pos.csv
train_pos_2367,1,/mnt/nw/home/m.yu/repos/foundry/datasets/toxinpred3/train_pos.csv
train_pos_2368,1,/mnt/nw/home/m.yu/repos/foundry/datasets/toxinpred3/train_pos.csv
train_pos_2369,1,/mnt/nw/home/m.yu/repos/foundry/datasets/toxinpred3/train_pos.csv
train_pos_2370,1,/mnt/nw/home/m.yu/repos/foundry/datasets/toxinpred3/train_pos.csv
train_pos_2371,1,/mnt/nw/home/m.yu/repos/foundry/datasets/toxinpred3/train_pos.csv
train_pos_2372,1,/mnt/nw/home/m.yu/repos/foundry/datasets/toxinpred3/train_pos.csv
train_pos_2373,1,/mnt/nw/home/m.yu/repos/foundry/datasets/toxinpred3/train_pos.csv
train_pos_2374,1,/mnt/nw/home/m.yu/repos/foundry/datasets/toxinpred3/train_pos.csv
train_pos_2375,1,/mnt/nw/home/m.yu/repos/foundry/datasets/toxinpred3/train_pos.csv
train_pos_2376,1,/mnt/nw/home/m.yu/repos/foundry/datasets/toxinpred3/train_pos.csv
train_pos_2377,1,/mnt/nw/home/m.yu/repos/foundry/datasets/toxinpred3/train_pos.csv
train_pos_2378,1,/mnt/nw/home/m.yu/repos/foundry/datasets/toxinpred3/train_pos.csv
train_pos_2379,1,/mnt/nw/home/m.yu/repos/foundry/datasets/toxinpred3/train_pos.csv
train_pos_2380,1,/mnt/nw/home/m.yu/repos/foundry/datasets/toxinpred3/train_pos.csv
train_pos_2381,1,/mnt/nw/home/m.yu/repos/foundry/datasets/toxinpred3/train_pos.csv
train_pos_2382,1,/mnt/nw/home/m.yu/repos/foundry/datasets/toxinpred3/train_pos.csv
train_pos_2383,1,/mnt/nw/home/m.yu/repos/foundry/datasets/toxinpred3/train_pos.csv
train_pos_2384,1,/mnt/nw/home/m.yu/repos/foundry/datasets/toxinpred3/train_pos.csv
train_pos_2385,1,/mnt/nw/home/m.yu/repos/foundry/datasets/toxinpred3/train_pos.csv
train_pos_2386,1,/mnt/nw/home/m.yu/repos/foundry/datasets/toxinpred3/train_pos.csv
train_pos_2387,1,/mnt/nw/home/m.yu/repos/foundry/datasets/toxinpred3/train_pos.csv
train_pos_2388,1,/mnt/nw/home/m.yu/repos/foundry/datasets/toxinpred3/train_pos.csv
train_pos_2389,1,/mnt/nw/home/m.yu/repos/foundry/datasets/toxinpred3/train_pos.csv
train_pos_2390,1,/mnt/nw/home/m.yu/repos/foundry/datasets/toxinpred3/train_pos.csv
train_pos_2391,1,/mnt/nw/home/m.yu/repos/foundry/datasets/toxinpred3/train_pos.csv
train_pos_2392,1,/mnt/nw/home/m.yu/repos/foundry/datasets/toxinpred3/train_pos.csv
train_pos_2393,1,/mnt/nw/home/m.yu/repos/foundry/datasets/toxinpred3/train_pos.csv
train_pos_2394,1,/mnt/nw/home/m.yu/repos/foundry/datasets/toxinpred3/train_pos.csv
train_pos_2395,1,/mnt/nw/home/m.yu/repos/foundry/datasets/toxinpred3/train_pos.csv
train_pos_2396,1,/mnt/nw/home/m.yu/repos/foundry/datasets/toxinpred3/train_pos.csv
train_pos_2397,1,/mnt/nw/home/m.yu/repos/foundry/datasets/toxinpred3/train_pos.csv
train_pos_2398,1,/mnt/nw/home/m.yu/repos/foundry/datasets/toxinpred3/train_pos.csv
train_pos_2399,1,/mnt/nw/home/m.yu/repos/foundry/datasets/toxinpred3/train_pos.csv
train_pos_2400,1,/mnt/nw/home/m.yu/repos/foundry/datasets/toxinpred3/train_pos.csv
train_pos_2401,1,/mnt/nw/home/m.yu/repos/foundry/datasets/toxinpred3/train_pos.csv
train_pos_2402,1,/mnt/nw/home/m.yu/repos/foundry/datasets/toxinpred3/train_pos.csv
train_pos_2403,1,/mnt/nw/home/m.yu/repos/foundry/datasets/toxinpred3/train_pos.csv
train_pos_2404,1,/mnt/nw/home/m.yu/repos/foundry/datasets/toxinpred3/train_pos.csv
train_pos_2405,1,/mnt/nw/home/m.yu/repos/foundry/datasets/toxinpred3/train_pos.csv
train_pos_2406,1,/mnt/nw/home/m.yu/repos/foundry/datasets/toxinpred3/train_pos.csv
train_pos_2407,1,/mnt/nw/home/m.yu/repos/foundry/datasets/toxinpred3/train_pos.csv
train_pos_2408,1,/mnt/nw/home/m.yu/repos/foundry/datasets/toxinpred3/train_pos.csv
train_pos_2409,1,/mnt/nw/home/m.yu/repos/foundry/datasets/toxinpred3/train_pos.csv
train_pos_2410,1,/mnt/nw/home/m.yu/repos/foundry/datasets/toxinpred3/train_pos.csv
train_pos_2411,1,/mnt/nw/home/m.yu/repos/foundry/datasets/toxinpred3/train_pos.csv
train_pos_2412,1,/mnt/nw/home/m.yu/repos/foundry/datasets/toxinpred3/train_pos.csv
train_pos_2413,1,/mnt/nw/home/m.yu/repos/foundry/datasets/toxinpred3/train_pos.csv
train_pos_2414,1,/mnt/nw/home/m.yu/repos/foundry/datasets/toxinpred3/train_pos.csv
train_pos_2415,1,/mnt/nw/home/m.yu/repos/foundry/datasets/toxinpred3/train_pos.csv
train_pos_2416,1,/mnt/nw/home/m.yu/repos/foundry/datasets/toxinpred3/train_pos.csv
train_pos_2417,1,/mnt/nw/home/m.yu/repos/foundry/datasets/toxinpred3/train_pos.csv
train_pos_2418,1,/mnt/nw/home/m.yu/repos/foundry/datasets/toxinpred3/train_pos.csv
train_pos_2419,1,/mnt/nw/home/m.yu/repos/foundry/datasets/toxinpred3/train_pos.csv
train_pos_2420,1,/mnt/nw/home/m.yu/repos/foundry/datasets/toxinpred3/train_pos.csv
train_pos_2421,1,/mnt/nw/home/m.yu/repos/foundry/datasets/toxinpred3/train_pos.csv
train_pos_2422,1,/mnt/nw/home/m.yu/repos/foundry/datasets/toxinpred3/train_pos.csv
train_pos_2423,1,/mnt/nw/home/m.yu/repos/foundry/datasets/toxinpred3/train_pos.csv
train_pos_2424,1,/mnt/nw/home/m.yu/repos/foundry/datasets/toxinpred3/train_pos.csv
train_pos_2425,1,/mnt/nw/home/m.yu/repos/foundry/datasets/toxinpred3/train_pos.csv
train_pos_2426,1,/mnt/nw/home/m.yu/repos/foundry/datasets/toxinpred3/train_pos.csv
train_pos_2427,1,/mnt/nw/home/m.yu/repos/foundry/datasets/toxinpred3/train_pos.csv
train_pos_2428,1,/mnt/nw/home/m.yu/repos/foundry/datasets/toxinpred3/train_pos.csv
train_pos_2429,1,/mnt/nw/home/m.yu/repos/foundry/datasets/toxinpred3/train_pos.csv
train_pos_2430,1,/mnt/nw/home/m.yu/repos/foundry/datasets/toxinpred3/train_pos.csv
train_pos_2431,1,/mnt/nw/home/m.yu/repos/foundry/datasets/toxinpred3/train_pos.csv
train_pos_2432,1,/mnt/nw/home/m.yu/repos/foundry/datasets/toxinpred3/train_pos.csv
train_pos_2433,1,/mnt/nw/home/m.yu/repos/foundry/datasets/toxinpred3/train_pos.csv
train_pos_2434,1,/mnt/nw/home/m.yu/repos/foundry/datasets/toxinpred3/train_pos.csv
train_pos_2435,1,/mnt/nw/home/m.yu/repos/foundry/datasets/toxinpred3/train_pos.csv
train_pos_2436,1,/mnt/nw/home/m.yu/repos/foundry/datasets/toxinpred3/train_pos.csv
train_pos_2437,1,/mnt/nw/home/m.yu/repos/foundry/datasets/toxinpred3/train_pos.csv
train_pos_2438,1,/mnt/nw/home/m.yu/repos/foundry/datasets/toxinpred3/train_pos.csv
train_pos_2439,1,/mnt/nw/home/m.yu/repos/foundry/datasets/toxinpred3/train_pos.csv
train_pos_2440,1,/mnt/nw/home/m.yu/repos/foundry/datasets/toxinpred3/train_pos.csv
train_pos_2441,1,/mnt/nw/home/m.yu/repos/foundry/datasets/toxinpred3/train_pos.csv
train_pos_2442,1,/mnt/nw/home/m.yu/repos/foundry/datasets/toxinpred3/train_pos.csv
train_pos_2443,1,/mnt/nw/home/m.yu/repos/foundry/datasets/toxinpred3/train_pos.csv
train_pos_2444,1,/mnt/nw/home/m.yu/repos/foundry/datasets/toxinpred3/train_pos.csv
train_pos_2445,1,/mnt/nw/home/m.yu/repos/foundry/datasets/toxinpred3/train_pos.csv
train_pos_2446,1,/mnt/nw/home/m.yu/repos/foundry/datasets/toxinpred3/train_pos.csv
train_pos_2447,1,/mnt/nw/home/m.yu/repos/foundry/datasets/toxinpred3/train_pos.csv
train_pos_2448,1,/mnt/nw/home/m.yu/repos/foundry/datasets/toxinpred3/train_pos.csv
train_pos_2449,1,/mnt/nw/home/m.yu/repos/foundry/datasets/toxinpred3/train_pos.csv
train_pos_2450,1,/mnt/nw/home/m.yu/repos/foundry/datasets/toxinpred3/train_pos.csv
train_pos_2451,1,/mnt/nw/home/m.yu/repos/foundry/datasets/toxinpred3/train_pos.csv
train_pos_2452,1,/mnt/nw/home/m.yu/repos/foundry/datasets/toxinpred3/train_pos.csv
train_pos_2453,1,/mnt/nw/home/m.yu/repos/foundry/datasets/toxinpred3/train_pos.csv
train_pos_2454,1,/mnt/nw/home/m.yu/repos/foundry/datasets/toxinpred3/train_pos.csv
train_pos_2455,1,/mnt/nw/home/m.yu/repos/foundry/datasets/toxinpred3/train_pos.csv
train_pos_2456,1,/mnt/nw/home/m.yu/repos/foundry/datasets/toxinpred3/train_pos.csv
train_pos_2457,1,/mnt/nw/home/m.yu/repos/foundry/datasets/toxinpred3/train_pos.csv
train_pos_2458,1,/mnt/nw/home/m.yu/repos/foundry/datasets/toxinpred3/train_pos.csv
train_pos_2459,1,/mnt/nw/home/m.yu/repos/foundry/datasets/toxinpred3/train_pos.csv
train_pos_2460,1,/mnt/nw/home/m.yu/repos/foundry/datasets/toxinpred3/train_pos.csv
train_pos_2461,1,/mnt/nw/home/m.yu/repos/foundry/datasets/toxinpred3/train_pos.csv
train_pos_2462,1,/mnt/nw/home/m.yu/repos/foundry/datasets/toxinpred3/train_pos.csv
train_pos_2463,1,/mnt/nw/home/m.yu/repos/foundry/datasets/toxinpred3/train_pos.csv
train_pos_2464,1,/mnt/nw/home/m.yu/repos/foundry/datasets/toxinpred3/train_pos.csv
train_pos_2465,1,/mnt/nw/home/m.yu/repos/foundry/datasets/toxinpred3/train_pos.csv
train_pos_2466,1,/mnt/nw/home/m.yu/repos/foundry/datasets/toxinpred3/train_pos.csv
train_pos_2467,1,/mnt/nw/home/m.yu/repos/foundry/datasets/toxinpred3/train_pos.csv
train_pos_2468,1,/mnt/nw/home/m.yu/repos/foundry/datasets/toxinpred3/train_pos.csv
train_pos_2469,1,/mnt/nw/home/m.yu/repos/foundry/datasets/toxinpred3/train_pos.csv
train_pos_2470,1,/mnt/nw/home/m.yu/repos/foundry/datasets/toxinpred3/train_pos.csv
train_pos_2471,1,/mnt/nw/home/m.yu/repos/foundry/datasets/toxinpred3/train_pos.csv
train_pos_2472,1,/mnt/nw/home/m.yu/repos/foundry/datasets/toxinpred3/train_pos.csv
train_pos_2473,1,/mnt/nw/home/m.yu/repos/foundry/datasets/toxinpred3/train_pos.csv
train_pos_2474,1,/mnt/nw/home/m.yu/repos/foundry/datasets/toxinpred3/train_pos.csv
train_pos_2475,1,/mnt/nw/home/m.yu/repos/foundry/datasets/toxinpred3/train_pos.csv
train_pos_2476,1,/mnt/nw/home/m.yu/repos/foundry/datasets/toxinpred3/train_pos.csv
train_pos_2477,1,/mnt/nw/home/m.yu/repos/foundry/datasets/toxinpred3/train_pos.csv
train_pos_2478,1,/mnt/nw/home/m.yu/repos/foundry/datasets/toxinpred3/train_pos.csv
train_pos_2479,1,/mnt/nw/home/m.yu/repos/foundry/datasets/toxinpred3/train_pos.csv
train_pos_2480,1,/mnt/nw/home/m.yu/repos/foundry/datasets/toxinpred3/train_pos.csv
train_pos_2481,1,/mnt/nw/home/m.yu/repos/foundry/datasets/toxinpred3/train_pos.csv
train_pos_2482,1,/mnt/nw/home/m.yu/repos/foundry/datasets/toxinpred3/train_pos.csv
train_pos_2483,1,/mnt/nw/home/m.yu/repos/foundry/datasets/toxinpred3/train_pos.csv
train_pos_2484,1,/mnt/nw/home/m.yu/repos/foundry/datasets/toxinpred3/train_pos.csv
train_pos_2485,1,/mnt/nw/home/m.yu/repos/foundry/datasets/toxinpred3/train_pos.csv
train_pos_2486,1,/mnt/nw/home/m.yu/repos/foundry/datasets/toxinpred3/train_pos.csv
train_pos_2487,1,/mnt/nw/home/m.yu/repos/foundry/datasets/toxinpred3/train_pos.csv
train_pos_2488,1,/mnt/nw/home/m.yu/repos/foundry/datasets/toxinpred3/train_pos.csv
train_pos_2489,1,/mnt/nw/home/m.yu/repos/foundry/datasets/toxinpred3/train_pos.csv
train_pos_2490,1,/mnt/nw/home/m.yu/repos/foundry/datasets/toxinpred3/train_pos.csv
train_pos_2491,1,/mnt/nw/home/m.yu/repos/foundry/datasets/toxinpred3/train_pos.csv
train_pos_2492,1,/mnt/nw/home/m.yu/repos/foundry/datasets/toxinpred3/train_pos.csv
train_pos_2493,1,/mnt/nw/home/m.yu/repos/foundry/datasets/toxinpred3/train_pos.csv
train_pos_2494,1,/mnt/nw/home/m.yu/repos/foundry/datasets/toxinpred3/train_pos.csv
train_pos_2495,1,/mnt/nw/home/m.yu/repos/foundry/datasets/toxinpred3/train_pos.csv
train_pos_2496,1,/mnt/nw/home/m.yu/repos/foundry/datasets/toxinpred3/train_pos.csv
train_pos_2497,1,/mnt/nw/home/m.yu/repos/foundry/datasets/toxinpred3/train_pos.csv
train_pos_2498,1,/mnt/nw/home/m.yu/repos/foundry/datasets/toxinpred3/train_pos.csv
train_pos_2499,1,/mnt/nw/home/m.yu/repos/foundry/datasets/toxinpred3/train_pos.csv
train_pos_2500,1,/mnt/nw/home/m.yu/repos/foundry/datasets/toxinpred3/train_pos.csv
train_pos_2501,1,/mnt/nw/home/m.yu/repos/foundry/datasets/toxinpred3/train_pos.csv
train_pos_2502,1,/mnt/nw/home/m.yu/repos/foundry/datasets/toxinpred3/train_pos.csv
train_pos_2503,1,/mnt/nw/home/m.yu/repos/foundry/datasets/toxinpred3/train_pos.csv
train_pos_2504,1,/mnt/nw/home/m.yu/repos/foundry/datasets/toxinpred3/train_pos.csv
train_pos_2505,1,/mnt/nw/home/m.yu/repos/foundry/datasets/toxinpred3/train_pos.csv
train_pos_2506,1,/mnt/nw/home/m.yu/repos/foundry/datasets/toxinpred3/train_pos.csv
train_pos_2507,1,/mnt/nw/home/m.yu/repos/foundry/datasets/toxinpred3/train_pos.csv
train_pos_2508,1,/mnt/nw/home/m.yu/repos/foundry/datasets/toxinpred3/train_pos.csv
train_pos_2509,1,/mnt/nw/home/m.yu/repos/foundry/datasets/toxinpred3/train_pos.csv
train_pos_2510,1,/mnt/nw/home/m.yu/repos/foundry/datasets/toxinpred3/train_pos.csv
train_pos_2511,1,/mnt/nw/home/m.yu/repos/foundry/datasets/toxinpred3/train_pos.csv
train_pos_2512,1,/mnt/nw/home/m.yu/repos/foundry/datasets/toxinpred3/train_pos.csv
train_pos_2513,1,/mnt/nw/home/m.yu/repos/foundry/datasets/toxinpred3/train_pos.csv
train_pos_2514,1,/mnt/nw/home/m.yu/repos/foundry/datasets/toxinpred3/train_pos.csv
train_pos_2515,1,/mnt/nw/home/m.yu/repos/foundry/datasets/toxinpred3/train_pos.csv
train_pos_2516,1,/mnt/nw/home/m.yu/repos/foundry/datasets/toxinpred3/train_pos.csv
train_pos_2517,1,/mnt/nw/home/m.yu/repos/foundry/datasets/toxinpred3/train_pos.csv
train_pos_2518,1,/mnt/nw/home/m.yu/repos/foundry/datasets/toxinpred3/train_pos.csv
train_pos_2519,1,/mnt/nw/home/m.yu/repos/foundry/datasets/toxinpred3/train_pos.csv
train_pos_2520,1,/mnt/nw/home/m.yu/repos/foundry/datasets/toxinpred3/train_pos.csv
train_pos_2521,1,/mnt/nw/home/m.yu/repos/foundry/datasets/toxinpred3/train_pos.csv
train_pos_2522,1,/mnt/nw/home/m.yu/repos/foundry/datasets/toxinpred3/train_pos.csv
train_pos_2523,1,/mnt/nw/home/m.yu/repos/foundry/datasets/toxinpred3/train_pos.csv
train_pos_2524,1,/mnt/nw/home/m.yu/repos/foundry/datasets/toxinpred3/train_pos.csv
train_pos_2525,1,/mnt/nw/home/m.yu/repos/foundry/datasets/toxinpred3/train_pos.csv
train_pos_2526,1,/mnt/nw/home/m.yu/repos/foundry/datasets/toxinpred3/train_pos.csv
train_pos_2527,1,/mnt/nw/home/m.yu/repos/foundry/datasets/toxinpred3/train_pos.csv
train_pos_2528,1,/mnt/nw/home/m.yu/repos/foundry/datasets/toxinpred3/train_pos.csv
train_pos_2529,1,/mnt/nw/home/m.yu/repos/foundry/datasets/toxinpred3/train_pos.csv
train_pos_2530,1,/mnt/nw/home/m.yu/repos/foundry/datasets/toxinpred3/train_pos.csv
train_pos_2531,1,/mnt/nw/home/m.yu/repos/foundry/datasets/toxinpred3/train_pos.csv
train_pos_2532,1,/mnt/nw/home/m.yu/repos/foundry/datasets/toxinpred3/train_pos.csv
train_pos_2533,1,/mnt/nw/home/m.yu/repos/foundry/datasets/toxinpred3/train_pos.csv
train_pos_2534,1,/mnt/nw/home/m.yu/repos/foundry/datasets/toxinpred3/train_pos.csv
train_pos_2535,1,/mnt/nw/home/m.yu/repos/foundry/datasets/toxinpred3/train_pos.csv
train_pos_2536,1,/mnt/nw/home/m.yu/repos/foundry/datasets/toxinpred3/train_pos.csv
train_pos_2537,1,/mnt/nw/home/m.yu/repos/foundry/datasets/toxinpred3/train_pos.csv
train_pos_2538,1,/mnt/nw/home/m.yu/repos/foundry/datasets/toxinpred3/train_pos.csv
train_pos_2539,1,/mnt/nw/home/m.yu/repos/foundry/datasets/toxinpred3/train_pos.csv
train_pos_2540,1,/mnt/nw/home/m.yu/repos/foundry/datasets/toxinpred3/train_pos.csv
train_pos_2541,1,/mnt/nw/home/m.yu/repos/foundry/datasets/toxinpred3/train_pos.csv
train_pos_2542,1,/mnt/nw/home/m.yu/repos/foundry/datasets/toxinpred3/train_pos.csv
train_pos_2543,1,/mnt/nw/home/m.yu/repos/foundry/datasets/toxinpred3/train_pos.csv
train_pos_2544,1,/mnt/nw/home/m.yu/repos/foundry/datasets/toxinpred3/train_pos.csv
train_pos_2545,1,/mnt/nw/home/m.yu/repos/foundry/datasets/toxinpred3/train_pos.csv
train_pos_2546,1,/mnt/nw/home/m.yu/repos/foundry/datasets/toxinpred3/train_pos.csv
train_pos_2547,1,/mnt/nw/home/m.yu/repos/foundry/datasets/toxinpred3/train_pos.csv
train_pos_2548,1,/mnt/nw/home/m.yu/repos/foundry/datasets/toxinpred3/train_pos.csv
train_pos_2549,1,/mnt/nw/home/m.yu/repos/foundry/datasets/toxinpred3/train_pos.csv
train_pos_2550,1,/mnt/nw/home/m.yu/repos/foundry/datasets/toxinpred3/train_pos.csv
train_pos_2551,1,/mnt/nw/home/m.yu/repos/foundry/datasets/toxinpred3/train_pos.csv
train_pos_2552,1,/mnt/nw/home/m.yu/repos/foundry/datasets/toxinpred3/train_pos.csv
train_pos_2553,1,/mnt/nw/home/m.yu/repos/foundry/datasets/toxinpred3/train_pos.csv
train_pos_2554,1,/mnt/nw/home/m.yu/repos/foundry/datasets/toxinpred3/train_pos.csv
train_pos_2555,1,/mnt/nw/home/m.yu/repos/foundry/datasets/toxinpred3/train_pos.csv
train_pos_2556,1,/mnt/nw/home/m.yu/repos/foundry/datasets/toxinpred3/train_pos.csv
train_pos_2557,1,/mnt/nw/home/m.yu/repos/foundry/datasets/toxinpred3/train_pos.csv
train_pos_2558,1,/mnt/nw/home/m.yu/repos/foundry/datasets/toxinpred3/train_pos.csv
train_pos_2559,1,/mnt/nw/home/m.yu/repos/foundry/datasets/toxinpred3/train_pos.csv
train_pos_2560,1,/mnt/nw/home/m.yu/repos/foundry/datasets/toxinpred3/train_pos.csv
train_pos_2561,1,/mnt/nw/home/m.yu/repos/foundry/datasets/toxinpred3/train_pos.csv
train_pos_2562,1,/mnt/nw/home/m.yu/repos/foundry/datasets/toxinpred3/train_pos.csv
train_pos_2563,1,/mnt/nw/home/m.yu/repos/foundry/datasets/toxinpred3/train_pos.csv
train_pos_2564,1,/mnt/nw/home/m.yu/repos/foundry/datasets/toxinpred3/train_pos.csv
train_pos_2565,1,/mnt/nw/home/m.yu/repos/foundry/datasets/toxinpred3/train_pos.csv
train_pos_2566,1,/mnt/nw/home/m.yu/repos/foundry/datasets/toxinpred3/train_pos.csv
train_pos_2567,1,/mnt/nw/home/m.yu/repos/foundry/datasets/toxinpred3/train_pos.csv
train_pos_2568,1,/mnt/nw/home/m.yu/repos/foundry/datasets/toxinpred3/train_pos.csv
train_pos_2569,1,/mnt/nw/home/m.yu/repos/foundry/datasets/toxinpred3/train_pos.csv
train_pos_2570,1,/mnt/nw/home/m.yu/repos/foundry/datasets/toxinpred3/train_pos.csv
train_pos_2571,1,/mnt/nw/home/m.yu/repos/foundry/datasets/toxinpred3/train_pos.csv
train_pos_2572,1,/mnt/nw/home/m.yu/repos/foundry/datasets/toxinpred3/train_pos.csv
train_pos_2573,1,/mnt/nw/home/m.yu/repos/foundry/datasets/toxinpred3/train_pos.csv
train_pos_2574,1,/mnt/nw/home/m.yu/repos/foundry/datasets/toxinpred3/train_pos.csv
train_pos_2575,1,/mnt/nw/home/m.yu/repos/foundry/datasets/toxinpred3/train_pos.csv
train_pos_2576,1,/mnt/nw/home/m.yu/repos/foundry/datasets/toxinpred3/train_pos.csv
train_pos_2577,1,/mnt/nw/home/m.yu/repos/foundry/datasets/toxinpred3/train_pos.csv
train_pos_2578,1,/mnt/nw/home/m.yu/repos/foundry/datasets/toxinpred3/train_pos.csv
train_pos_2579,1,/mnt/nw/home/m.yu/repos/foundry/datasets/toxinpred3/train_pos.csv
train_pos_2580,1,/mnt/nw/home/m.yu/repos/foundry/datasets/toxinpred3/train_pos.csv
train_pos_2581,1,/mnt/nw/home/m.yu/repos/foundry/datasets/toxinpred3/train_pos.csv
train_pos_2582,1,/mnt/nw/home/m.yu/repos/foundry/datasets/toxinpred3/train_pos.csv
train_pos_2583,1,/mnt/nw/home/m.yu/repos/foundry/datasets/toxinpred3/train_pos.csv
train_pos_2584,1,/mnt/nw/home/m.yu/repos/foundry/datasets/toxinpred3/train_pos.csv
train_pos_2585,1,/mnt/nw/home/m.yu/repos/foundry/datasets/toxinpred3/train_pos.csv
train_pos_2586,1,/mnt/nw/home/m.yu/repos/foundry/datasets/toxinpred3/train_pos.csv
train_pos_2587,1,/mnt/nw/home/m.yu/repos/foundry/datasets/toxinpred3/train_pos.csv
train_pos_2588,1,/mnt/nw/home/m.yu/repos/foundry/datasets/toxinpred3/train_pos.csv
train_pos_2589,1,/mnt/nw/home/m.yu/repos/foundry/datasets/toxinpred3/train_pos.csv
train_pos_2590,1,/mnt/nw/home/m.yu/repos/foundry/datasets/toxinpred3/train_pos.csv
train_pos_2591,1,/mnt/nw/home/m.yu/repos/foundry/datasets/toxinpred3/train_pos.csv
train_pos_2592,1,/mnt/nw/home/m.yu/repos/foundry/datasets/toxinpred3/train_pos.csv
train_pos_2593,1,/mnt/nw/home/m.yu/repos/foundry/datasets/toxinpred3/train_pos.csv
train_pos_2594,1,/mnt/nw/home/m.yu/repos/foundry/datasets/toxinpred3/train_pos.csv
train_pos_2595,1,/mnt/nw/home/m.yu/repos/foundry/datasets/toxinpred3/train_pos.csv
train_pos_2596,1,/mnt/nw/home/m.yu/repos/foundry/datasets/toxinpred3/train_pos.csv
train_pos_2597,1,/mnt/nw/home/m.yu/repos/foundry/datasets/toxinpred3/train_pos.csv
train_pos_2598,1,/mnt/nw/home/m.yu/repos/foundry/datasets/toxinpred3/train_pos.csv
train_pos_2599,1,/mnt/nw/home/m.yu/repos/foundry/datasets/toxinpred3/train_pos.csv
train_pos_2600,1,/mnt/nw/home/m.yu/repos/foundry/datasets/toxinpred3/train_pos.csv
train_pos_2601,1,/mnt/nw/home/m.yu/repos/foundry/datasets/toxinpred3/train_pos.csv
train_pos_2602,1,/mnt/nw/home/m.yu/repos/foundry/datasets/toxinpred3/train_pos.csv
train_pos_2603,1,/mnt/nw/home/m.yu/repos/foundry/datasets/toxinpred3/train_pos.csv
train_pos_2604,1,/mnt/nw/home/m.yu/repos/foundry/datasets/toxinpred3/train_pos.csv
train_pos_2605,1,/mnt/nw/home/m.yu/repos/foundry/datasets/toxinpred3/train_pos.csv
train_pos_2606,1,/mnt/nw/home/m.yu/repos/foundry/datasets/toxinpred3/train_pos.csv
train_pos_2607,1,/mnt/nw/home/m.yu/repos/foundry/datasets/toxinpred3/train_pos.csv
train_pos_2608,1,/mnt/nw/home/m.yu/repos/foundry/datasets/toxinpred3/train_pos.csv
train_pos_2609,1,/mnt/nw/home/m.yu/repos/foundry/datasets/toxinpred3/train_pos.csv
train_pos_2610,1,/mnt/nw/home/m.yu/repos/foundry/datasets/toxinpred3/train_pos.csv
train_pos_2611,1,/mnt/nw/home/m.yu/repos/foundry/datasets/toxinpred3/train_pos.csv
train_pos_2612,1,/mnt/nw/home/m.yu/repos/foundry/datasets/toxinpred3/train_pos.csv
train_pos_2613,1,/mnt/nw/home/m.yu/repos/foundry/datasets/toxinpred3/train_pos.csv
train_pos_2614,1,/mnt/nw/home/m.yu/repos/foundry/datasets/toxinpred3/train_pos.csv
train_pos_2615,1,/mnt/nw/home/m.yu/repos/foundry/datasets/toxinpred3/train_pos.csv
train_pos_2616,1,/mnt/nw/home/m.yu/repos/foundry/datasets/toxinpred3/train_pos.csv
train_pos_2617,1,/mnt/nw/home/m.yu/repos/foundry/datasets/toxinpred3/train_pos.csv
train_pos_2618,1,/mnt/nw/home/m.yu/repos/foundry/datasets/toxinpred3/train_pos.csv
train_pos_2619,1,/mnt/nw/home/m.yu/repos/foundry/datasets/toxinpred3/train_pos.csv
train_pos_2620,1,/mnt/nw/home/m.yu/repos/foundry/datasets/toxinpred3/train_pos.csv
train_pos_2621,1,/mnt/nw/home/m.yu/repos/foundry/datasets/toxinpred3/train_pos.csv
train_pos_2622,1,/mnt/nw/home/m.yu/repos/foundry/datasets/toxinpred3/train_pos.csv
train_pos_2623,1,/mnt/nw/home/m.yu/repos/foundry/datasets/toxinpred3/train_pos.csv
train_pos_2624,1,/mnt/nw/home/m.yu/repos/foundry/datasets/toxinpred3/train_pos.csv
train_pos_2625,1,/mnt/nw/home/m.yu/repos/foundry/datasets/toxinpred3/train_pos.csv
train_pos_2626,1,/mnt/nw/home/m.yu/repos/foundry/datasets/toxinpred3/train_pos.csv
train_pos_2627,1,/mnt/nw/home/m.yu/repos/foundry/datasets/toxinpred3/train_pos.csv
train_pos_2628,1,/mnt/nw/home/m.yu/repos/foundry/datasets/toxinpred3/train_pos.csv
train_pos_2629,1,/mnt/nw/home/m.yu/repos/foundry/datasets/toxinpred3/train_pos.csv
train_pos_2630,1,/mnt/nw/home/m.yu/repos/foundry/datasets/toxinpred3/train_pos.csv
train_pos_2631,1,/mnt/nw/home/m.yu/repos/foundry/datasets/toxinpred3/train_pos.csv
train_pos_2632,1,/mnt/nw/home/m.yu/repos/foundry/datasets/toxinpred3/train_pos.csv
train_pos_2633,1,/mnt/nw/home/m.yu/repos/foundry/datasets/toxinpred3/train_pos.csv
train_pos_2634,1,/mnt/nw/home/m.yu/repos/foundry/datasets/toxinpred3/train_pos.csv
train_pos_2635,1,/mnt/nw/home/m.yu/repos/foundry/datasets/toxinpred3/train_pos.csv
train_pos_2636,1,/mnt/nw/home/m.yu/repos/foundry/datasets/toxinpred3/train_pos.csv
train_pos_2637,1,/mnt/nw/home/m.yu/repos/foundry/datasets/toxinpred3/train_pos.csv
train_pos_2638,1,/mnt/nw/home/m.yu/repos/foundry/datasets/toxinpred3/train_pos.csv
train_pos_2639,1,/mnt/nw/home/m.yu/repos/foundry/datasets/toxinpred3/train_pos.csv
train_pos_2640,1,/mnt/nw/home/m.yu/repos/foundry/datasets/toxinpred3/train_pos.csv
train_pos_2641,1,/mnt/nw/home/m.yu/repos/foundry/datasets/toxinpred3/train_pos.csv
train_pos_2642,1,/mnt/nw/home/m.yu/repos/foundry/datasets/toxinpred3/train_pos.csv
train_pos_2643,1,/mnt/nw/home/m.yu/repos/foundry/datasets/toxinpred3/train_pos.csv
train_pos_2644,1,/mnt/nw/home/m.yu/repos/foundry/datasets/toxinpred3/train_pos.csv
train_pos_2645,1,/mnt/nw/home/m.yu/repos/foundry/datasets/toxinpred3/train_pos.csv
train_pos_2646,1,/mnt/nw/home/m.yu/repos/foundry/datasets/toxinpred3/train_pos.csv
train_pos_2647,1,/mnt/nw/home/m.yu/repos/foundry/datasets/toxinpred3/train_pos.csv
train_pos_2648,1,/mnt/nw/home/m.yu/repos/foundry/datasets/toxinpred3/train_pos.csv
train_pos_2649,1,/mnt/nw/home/m.yu/repos/foundry/datasets/toxinpred3/train_pos.csv
train_pos_2650,1,/mnt/nw/home/m.yu/repos/foundry/datasets/toxinpred3/train_pos.csv
train_pos_2651,1,/mnt/nw/home/m.yu/repos/foundry/datasets/toxinpred3/train_pos.csv
train_pos_2652,1,/mnt/nw/home/m.yu/repos/foundry/datasets/toxinpred3/train_pos.csv
train_pos_2653,1,/mnt/nw/home/m.yu/repos/foundry/datasets/toxinpred3/train_pos.csv
train_pos_2654,1,/mnt/nw/home/m.yu/repos/foundry/datasets/toxinpred3/train_pos.csv
train_pos_2655,1,/mnt/nw/home/m.yu/repos/foundry/datasets/toxinpred3/train_pos.csv
train_pos_2656,1,/mnt/nw/home/m.yu/repos/foundry/datasets/toxinpred3/train_pos.csv
train_pos_2657,1,/mnt/nw/home/m.yu/repos/foundry/datasets/toxinpred3/train_pos.csv
train_pos_2658,1,/mnt/nw/home/m.yu/repos/foundry/datasets/toxinpred3/train_pos.csv
train_pos_2659,1,/mnt/nw/home/m.yu/repos/foundry/datasets/toxinpred3/train_pos.csv
train_pos_2660,1,/mnt/nw/home/m.yu/repos/foundry/datasets/toxinpred3/train_pos.csv
train_pos_2661,1,/mnt/nw/home/m.yu/repos/foundry/datasets/toxinpred3/train_pos.csv
train_pos_2662,1,/mnt/nw/home/m.yu/repos/foundry/datasets/toxinpred3/train_pos.csv
train_pos_2663,1,/mnt/nw/home/m.yu/repos/foundry/datasets/toxinpred3/train_pos.csv
train_pos_2664,1,/mnt/nw/home/m.yu/repos/foundry/datasets/toxinpred3/train_pos.csv
train_pos_2665,1,/mnt/nw/home/m.yu/repos/foundry/datasets/toxinpred3/train_pos.csv
train_pos_2666,1,/mnt/nw/home/m.yu/repos/foundry/datasets/toxinpred3/train_pos.csv
train_pos_2667,1,/mnt/nw/home/m.yu/repos/foundry/datasets/toxinpred3/train_pos.csv
train_pos_2668,1,/mnt/nw/home/m.yu/repos/foundry/datasets/toxinpred3/train_pos.csv
train_pos_2669,1,/mnt/nw/home/m.yu/repos/foundry/datasets/toxinpred3/train_pos.csv
train_pos_2670,1,/mnt/nw/home/m.yu/repos/foundry/datasets/toxinpred3/train_pos.csv
train_pos_2671,1,/mnt/nw/home/m.yu/repos/foundry/datasets/toxinpred3/train_pos.csv
train_pos_2672,1,/mnt/nw/home/m.yu/repos/foundry/datasets/toxinpred3/train_pos.csv
train_pos_2673,1,/mnt/nw/home/m.yu/repos/foundry/datasets/toxinpred3/train_pos.csv
train_pos_2674,1,/mnt/nw/home/m.yu/repos/foundry/datasets/toxinpred3/train_pos.csv
train_pos_2675,1,/mnt/nw/home/m.yu/repos/foundry/datasets/toxinpred3/train_pos.csv
train_pos_2676,1,/mnt/nw/home/m.yu/repos/foundry/datasets/toxinpred3/train_pos.csv
train_pos_2677,1,/mnt/nw/home/m.yu/repos/foundry/datasets/toxinpred3/train_pos.csv
train_pos_2678,1,/mnt/nw/home/m.yu/repos/foundry/datasets/toxinpred3/train_pos.csv
train_pos_2679,1,/mnt/nw/home/m.yu/repos/foundry/datasets/toxinpred3/train_pos.csv
train_pos_2680,1,/mnt/nw/home/m.yu/repos/foundry/datasets/toxinpred3/train_pos.csv
train_pos_2681,1,/mnt/nw/home/m.yu/repos/foundry/datasets/toxinpred3/train_pos.csv
train_pos_2682,1,/mnt/nw/home/m.yu/repos/foundry/datasets/toxinpred3/train_pos.csv
train_pos_2683,1,/mnt/nw/home/m.yu/repos/foundry/datasets/toxinpred3/train_pos.csv
train_pos_2684,1,/mnt/nw/home/m.yu/repos/foundry/datasets/toxinpred3/train_pos.csv
train_pos_2685,1,/mnt/nw/home/m.yu/repos/foundry/datasets/toxinpred3/train_pos.csv
train_pos_2686,1,/mnt/nw/home/m.yu/repos/foundry/datasets/toxinpred3/train_pos.csv
train_pos_2687,1,/mnt/nw/home/m.yu/repos/foundry/datasets/toxinpred3/train_pos.csv
train_pos_2688,1,/mnt/nw/home/m.yu/repos/foundry/datasets/toxinpred3/train_pos.csv
train_pos_2689,1,/mnt/nw/home/m.yu/repos/foundry/datasets/toxinpred3/train_pos.csv
train_pos_2690,1,/mnt/nw/home/m.yu/repos/foundry/datasets/toxinpred3/train_pos.csv
train_pos_2691,1,/mnt/nw/home/m.yu/repos/foundry/datasets/toxinpred3/train_pos.csv
train_pos_2692,1,/mnt/nw/home/m.yu/repos/foundry/datasets/toxinpred3/train_pos.csv
train_pos_2693,1,/mnt/nw/home/m.yu/repos/foundry/datasets/toxinpred3/train_pos.csv
train_pos_2694,1,/mnt/nw/home/m.yu/repos/foundry/datasets/toxinpred3/train_pos.csv
train_pos_2695,1,/mnt/nw/home/m.yu/repos/foundry/datasets/toxinpred3/train_pos.csv
train_pos_2696,1,/mnt/nw/home/m.yu/repos/foundry/datasets/toxinpred3/train_pos.csv
train_pos_2697,1,/mnt/nw/home/m.yu/repos/foundry/datasets/toxinpred3/train_pos.csv
train_pos_2698,1,/mnt/nw/home/m.yu/repos/foundry/datasets/toxinpred3/train_pos.csv
train_pos_2699,1,/mnt/nw/home/m.yu/repos/foundry/datasets/toxinpred3/train_pos.csv
train_pos_2700,1,/mnt/nw/home/m.yu/repos/foundry/datasets/toxinpred3/train_pos.csv
train_pos_2701,1,/mnt/nw/home/m.yu/repos/foundry/datasets/toxinpred3/train_pos.csv
train_pos_2702,1,/mnt/nw/home/m.yu/repos/foundry/datasets/toxinpred3/train_pos.csv
train_pos_2703,1,/mnt/nw/home/m.yu/repos/foundry/datasets/toxinpred3/train_pos.csv
train_pos_2704,1,/mnt/nw/home/m.yu/repos/foundry/datasets/toxinpred3/train_pos.csv
train_pos_2705,1,/mnt/nw/home/m.yu/repos/foundry/datasets/toxinpred3/train_pos.csv
train_pos_2706,1,/mnt/nw/home/m.yu/repos/foundry/datasets/toxinpred3/train_pos.csv
train_pos_2707,1,/mnt/nw/home/m.yu/repos/foundry/datasets/toxinpred3/train_pos.csv
train_pos_2708,1,/mnt/nw/home/m.yu/repos/foundry/datasets/toxinpred3/train_pos.csv
train_pos_2709,1,/mnt/nw/home/m.yu/repos/foundry/datasets/toxinpred3/train_pos.csv
train_pos_2710,1,/mnt/nw/home/m.yu/repos/foundry/datasets/toxinpred3/train_pos.csv
train_pos_2711,1,/mnt/nw/home/m.yu/repos/foundry/datasets/toxinpred3/train_pos.csv
train_pos_2712,1,/mnt/nw/home/m.yu/repos/foundry/datasets/toxinpred3/train_pos.csv
train_pos_2713,1,/mnt/nw/home/m.yu/repos/foundry/datasets/toxinpred3/train_pos.csv
train_pos_2714,1,/mnt/nw/home/m.yu/repos/foundry/datasets/toxinpred3/train_pos.csv
train_pos_2715,1,/mnt/nw/home/m.yu/repos/foundry/datasets/toxinpred3/train_pos.csv
train_pos_2716,1,/mnt/nw/home/m.yu/repos/foundry/datasets/toxinpred3/train_pos.csv
train_pos_2717,1,/mnt/nw/home/m.yu/repos/foundry/datasets/toxinpred3/train_pos.csv
train_pos_2718,1,/mnt/nw/home/m.yu/repos/foundry/datasets/toxinpred3/train_pos.csv
train_pos_2719,1,/mnt/nw/home/m.yu/repos/foundry/datasets/toxinpred3/train_pos.csv
train_pos_2720,1,/mnt/nw/home/m.yu/repos/foundry/datasets/toxinpred3/train_pos.csv
train_pos_2721,1,/mnt/nw/home/m.yu/repos/foundry/datasets/toxinpred3/train_pos.csv
train_pos_2722,1,/mnt/nw/home/m.yu/repos/foundry/datasets/toxinpred3/train_pos.csv
train_pos_2723,1,/mnt/nw/home/m.yu/repos/foundry/datasets/toxinpred3/train_pos.csv
train_pos_2724,1,/mnt/nw/home/m.yu/repos/foundry/datasets/toxinpred3/train_pos.csv
train_pos_2725,1,/mnt/nw/home/m.yu/repos/foundry/datasets/toxinpred3/train_pos.csv
train_pos_2726,1,/mnt/nw/home/m.yu/repos/foundry/datasets/toxinpred3/train_pos.csv
train_pos_2727,1,/mnt/nw/home/m.yu/repos/foundry/datasets/toxinpred3/train_pos.csv
train_pos_2728,1,/mnt/nw/home/m.yu/repos/foundry/datasets/toxinpred3/train_pos.csv
train_pos_2729,1,/mnt/nw/home/m.yu/repos/foundry/datasets/toxinpred3/train_pos.csv
train_pos_2730,1,/mnt/nw/home/m.yu/repos/foundry/datasets/toxinpred3/train_pos.csv
train_pos_2731,1,/mnt/nw/home/m.yu/repos/foundry/datasets/toxinpred3/train_pos.csv
train_pos_2732,1,/mnt/nw/home/m.yu/repos/foundry/datasets/toxinpred3/train_pos.csv
train_pos_2733,1,/mnt/nw/home/m.yu/repos/foundry/datasets/toxinpred3/train_pos.csv
train_pos_2734,1,/mnt/nw/home/m.yu/repos/foundry/datasets/toxinpred3/train_pos.csv
train_pos_2735,1,/mnt/nw/home/m.yu/repos/foundry/datasets/toxinpred3/train_pos.csv
train_pos_2736,1,/mnt/nw/home/m.yu/repos/foundry/datasets/toxinpred3/train_pos.csv
train_pos_2737,1,/mnt/nw/home/m.yu/repos/foundry/datasets/toxinpred3/train_pos.csv
train_pos_2738,1,/mnt/nw/home/m.yu/repos/foundry/datasets/toxinpred3/train_pos.csv
train_pos_2739,1,/mnt/nw/home/m.yu/repos/foundry/datasets/toxinpred3/train_pos.csv
train_pos_2740,1,/mnt/nw/home/m.yu/repos/foundry/datasets/toxinpred3/train_pos.csv
train_pos_2741,1,/mnt/nw/home/m.yu/repos/foundry/datasets/toxinpred3/train_pos.csv
train_pos_2742,1,/mnt/nw/home/m.yu/repos/foundry/datasets/toxinpred3/train_pos.csv
train_pos_2743,1,/mnt/nw/home/m.yu/repos/foundry/datasets/toxinpred3/train_pos.csv
train_pos_2744,1,/mnt/nw/home/m.yu/repos/foundry/datasets/toxinpred3/train_pos.csv
train_pos_2745,1,/mnt/nw/home/m.yu/repos/foundry/datasets/toxinpred3/train_pos.csv
train_pos_2746,1,/mnt/nw/home/m.yu/repos/foundry/datasets/toxinpred3/train_pos.csv
train_pos_2747,1,/mnt/nw/home/m.yu/repos/foundry/datasets/toxinpred3/train_pos.csv
train_pos_2748,1,/mnt/nw/home/m.yu/repos/foundry/datasets/toxinpred3/train_pos.csv
train_pos_2749,1,/mnt/nw/home/m.yu/repos/foundry/datasets/toxinpred3/train_pos.csv
train_pos_2750,1,/mnt/nw/home/m.yu/repos/foundry/datasets/toxinpred3/train_pos.csv
train_pos_2751,1,/mnt/nw/home/m.yu/repos/foundry/datasets/toxinpred3/train_pos.csv
train_pos_2752,1,/mnt/nw/home/m.yu/repos/foundry/datasets/toxinpred3/train_pos.csv
train_pos_2753,1,/mnt/nw/home/m.yu/repos/foundry/datasets/toxinpred3/train_pos.csv
train_pos_2754,1,/mnt/nw/home/m.yu/repos/foundry/datasets/toxinpred3/train_pos.csv
train_pos_2755,1,/mnt/nw/home/m.yu/repos/foundry/datasets/toxinpred3/train_pos.csv
train_pos_2756,1,/mnt/nw/home/m.yu/repos/foundry/datasets/toxinpred3/train_pos.csv
train_pos_2757,1,/mnt/nw/home/m.yu/repos/foundry/datasets/toxinpred3/train_pos.csv
train_pos_2758,1,/mnt/nw/home/m.yu/repos/foundry/datasets/toxinpred3/train_pos.csv
train_pos_2759,1,/mnt/nw/home/m.yu/repos/foundry/datasets/toxinpred3/train_pos.csv
train_pos_2760,1,/mnt/nw/home/m.yu/repos/foundry/datasets/toxinpred3/train_pos.csv
train_pos_2761,1,/mnt/nw/home/m.yu/repos/foundry/datasets/toxinpred3/train_pos.csv
train_pos_2762,1,/mnt/nw/home/m.yu/repos/foundry/datasets/toxinpred3/train_pos.csv
train_pos_2763,1,/mnt/nw/home/m.yu/repos/foundry/datasets/toxinpred3/train_pos.csv
train_pos_2764,1,/mnt/nw/home/m.yu/repos/foundry/datasets/toxinpred3/train_pos.csv
train_pos_2765,1,/mnt/nw/home/m.yu/repos/foundry/datasets/toxinpred3/train_pos.csv
train_pos_2766,1,/mnt/nw/home/m.yu/repos/foundry/datasets/toxinpred3/train_pos.csv
train_pos_2767,1,/mnt/nw/home/m.yu/repos/foundry/datasets/toxinpred3/train_pos.csv
train_pos_2768,1,/mnt/nw/home/m.yu/repos/foundry/datasets/toxinpred3/train_pos.csv
train_pos_2769,1,/mnt/nw/home/m.yu/repos/foundry/datasets/toxinpred3/train_pos.csv
train_pos_2770,1,/mnt/nw/home/m.yu/repos/foundry/datasets/toxinpred3/train_pos.csv
train_pos_2771,1,/mnt/nw/home/m.yu/repos/foundry/datasets/toxinpred3/train_pos.csv
train_pos_2772,1,/mnt/nw/home/m.yu/repos/foundry/datasets/toxinpred3/train_pos.csv
train_pos_2773,1,/mnt/nw/home/m.yu/repos/foundry/datasets/toxinpred3/train_pos.csv
train_pos_2774,1,/mnt/nw/home/m.yu/repos/foundry/datasets/toxinpred3/train_pos.csv
train_pos_2775,1,/mnt/nw/home/m.yu/repos/foundry/datasets/toxinpred3/train_pos.csv
train_pos_2776,1,/mnt/nw/home/m.yu/repos/foundry/datasets/toxinpred3/train_pos.csv
train_pos_2777,1,/mnt/nw/home/m.yu/repos/foundry/datasets/toxinpred3/train_pos.csv
train_pos_2778,1,/mnt/nw/home/m.yu/repos/foundry/datasets/toxinpred3/train_pos.csv
train_pos_2779,1,/mnt/nw/home/m.yu/repos/foundry/datasets/toxinpred3/train_pos.csv
train_pos_2780,1,/mnt/nw/home/m.yu/repos/foundry/datasets/toxinpred3/train_pos.csv
train_pos_2781,1,/mnt/nw/home/m.yu/repos/foundry/datasets/toxinpred3/train_pos.csv
train_pos_2782,1,/mnt/nw/home/m.yu/repos/foundry/datasets/toxinpred3/train_pos.csv
train_pos_2783,1,/mnt/nw/home/m.yu/repos/foundry/datasets/toxinpred3/train_pos.csv
train_pos_2784,1,/mnt/nw/home/m.yu/repos/foundry/datasets/toxinpred3/train_pos.csv
train_pos_2785,1,/mnt/nw/home/m.yu/repos/foundry/datasets/toxinpred3/train_pos.csv
train_pos_2786,1,/mnt/nw/home/m.yu/repos/foundry/datasets/toxinpred3/train_pos.csv
train_pos_2787,1,/mnt/nw/home/m.yu/repos/foundry/datasets/toxinpred3/train_pos.csv
train_pos_2788,1,/mnt/nw/home/m.yu/repos/foundry/datasets/toxinpred3/train_pos.csv
train_pos_2789,1,/mnt/nw/home/m.yu/repos/foundry/datasets/toxinpred3/train_pos.csv
train_pos_2790,1,/mnt/nw/home/m.yu/repos/foundry/datasets/toxinpred3/train_pos.csv
train_pos_2791,1,/mnt/nw/home/m.yu/repos/foundry/datasets/toxinpred3/train_pos.csv
train_pos_2792,1,/mnt/nw/home/m.yu/repos/foundry/datasets/toxinpred3/train_pos.csv
train_pos_2793,1,/mnt/nw/home/m.yu/repos/foundry/datasets/toxinpred3/train_pos.csv
train_pos_2794,1,/mnt/nw/home/m.yu/repos/foundry/datasets/toxinpred3/train_pos.csv
train_pos_2795,1,/mnt/nw/home/m.yu/repos/foundry/datasets/toxinpred3/train_pos.csv
train_pos_2796,1,/mnt/nw/home/m.yu/repos/foundry/datasets/toxinpred3/train_pos.csv
train_pos_2797,1,/mnt/nw/home/m.yu/repos/foundry/datasets/toxinpred3/train_pos.csv
train_pos_2798,1,/mnt/nw/home/m.yu/repos/foundry/datasets/toxinpred3/train_pos.csv
train_pos_2799,1,/mnt/nw/home/m.yu/repos/foundry/datasets/toxinpred3/train_pos.csv
train_pos_2800,1,/mnt/nw/home/m.yu/repos/foundry/datasets/toxinpred3/train_pos.csv
train_pos_2801,1,/mnt/nw/home/m.yu/repos/foundry/datasets/toxinpred3/train_pos.csv
train_pos_2802,1,/mnt/nw/home/m.yu/repos/foundry/datasets/toxinpred3/train_pos.csv
train_pos_2803,1,/mnt/nw/home/m.yu/repos/foundry/datasets/toxinpred3/train_pos.csv
train_pos_2804,1,/mnt/nw/home/m.yu/repos/foundry/datasets/toxinpred3/train_pos.csv
train_pos_2805,1,/mnt/nw/home/m.yu/repos/foundry/datasets/toxinpred3/train_pos.csv
train_pos_2806,1,/mnt/nw/home/m.yu/repos/foundry/datasets/toxinpred3/train_pos.csv
train_pos_2807,1,/mnt/nw/home/m.yu/repos/foundry/datasets/toxinpred3/train_pos.csv
train_pos_2808,1,/mnt/nw/home/m.yu/repos/foundry/datasets/toxinpred3/train_pos.csv
train_pos_2809,1,/mnt/nw/home/m.yu/repos/foundry/datasets/toxinpred3/train_pos.csv
train_pos_2810,1,/mnt/nw/home/m.yu/repos/foundry/datasets/toxinpred3/train_pos.csv
train_pos_2811,1,/mnt/nw/home/m.yu/repos/foundry/datasets/toxinpred3/train_pos.csv
train_pos_2812,1,/mnt/nw/home/m.yu/repos/foundry/datasets/toxinpred3/train_pos.csv
train_pos_2813,1,/mnt/nw/home/m.yu/repos/foundry/datasets/toxinpred3/train_pos.csv
train_pos_2814,1,/mnt/nw/home/m.yu/repos/foundry/datasets/toxinpred3/train_pos.csv
train_pos_2815,1,/mnt/nw/home/m.yu/repos/foundry/datasets/toxinpred3/train_pos.csv
train_pos_2816,1,/mnt/nw/home/m.yu/repos/foundry/datasets/toxinpred3/train_pos.csv
train_pos_2817,1,/mnt/nw/home/m.yu/repos/foundry/datasets/toxinpred3/train_pos.csv
train_pos_2818,1,/mnt/nw/home/m.yu/repos/foundry/datasets/toxinpred3/train_pos.csv
train_pos_2819,1,/mnt/nw/home/m.yu/repos/foundry/datasets/toxinpred3/train_pos.csv
train_pos_2820,1,/mnt/nw/home/m.yu/repos/foundry/datasets/toxinpred3/train_pos.csv
train_pos_2821,1,/mnt/nw/home/m.yu/repos/foundry/datasets/toxinpred3/train_pos.csv
train_pos_2822,1,/mnt/nw/home/m.yu/repos/foundry/datasets/toxinpred3/train_pos.csv
train_pos_2823,1,/mnt/nw/home/m.yu/repos/foundry/datasets/toxinpred3/train_pos.csv
train_pos_2824,1,/mnt/nw/home/m.yu/repos/foundry/datasets/toxinpred3/train_pos.csv
train_pos_2825,1,/mnt/nw/home/m.yu/repos/foundry/datasets/toxinpred3/train_pos.csv
train_pos_2826,1,/mnt/nw/home/m.yu/repos/foundry/datasets/toxinpred3/train_pos.csv
train_pos_2827,1,/mnt/nw/home/m.yu/repos/foundry/datasets/toxinpred3/train_pos.csv
train_pos_2828,1,/mnt/nw/home/m.yu/repos/foundry/datasets/toxinpred3/train_pos.csv
train_pos_2829,1,/mnt/nw/home/m.yu/repos/foundry/datasets/toxinpred3/train_pos.csv
train_pos_2830,1,/mnt/nw/home/m.yu/repos/foundry/datasets/toxinpred3/train_pos.csv
train_pos_2831,1,/mnt/nw/home/m.yu/repos/foundry/datasets/toxinpred3/train_pos.csv
train_pos_2832,1,/mnt/nw/home/m.yu/repos/foundry/datasets/toxinpred3/train_pos.csv
train_pos_2833,1,/mnt/nw/home/m.yu/repos/foundry/datasets/toxinpred3/train_pos.csv
train_pos_2834,1,/mnt/nw/home/m.yu/repos/foundry/datasets/toxinpred3/train_pos.csv
train_pos_2835,1,/mnt/nw/home/m.yu/repos/foundry/datasets/toxinpred3/train_pos.csv
train_pos_2836,1,/mnt/nw/home/m.yu/repos/foundry/datasets/toxinpred3/train_pos.csv
train_pos_2837,1,/mnt/nw/home/m.yu/repos/foundry/datasets/toxinpred3/train_pos.csv
train_pos_2838,1,/mnt/nw/home/m.yu/repos/foundry/datasets/toxinpred3/train_pos.csv
train_pos_2839,1,/mnt/nw/home/m.yu/repos/foundry/datasets/toxinpred3/train_pos.csv
train_pos_2840,1,/mnt/nw/home/m.yu/repos/foundry/datasets/toxinpred3/train_pos.csv
train_pos_2841,1,/mnt/nw/home/m.yu/repos/foundry/datasets/toxinpred3/train_pos.csv
train_pos_2842,1,/mnt/nw/home/m.yu/repos/foundry/datasets/toxinpred3/train_pos.csv
train_pos_2843,1,/mnt/nw/home/m.yu/repos/foundry/datasets/toxinpred3/train_pos.csv
train_pos_2844,1,/mnt/nw/home/m.yu/repos/foundry/datasets/toxinpred3/train_pos.csv
train_pos_2845,1,/mnt/nw/home/m.yu/repos/foundry/datasets/toxinpred3/train_pos.csv
train_pos_2846,1,/mnt/nw/home/m.yu/repos/foundry/datasets/toxinpred3/train_pos.csv
train_pos_2847,1,/mnt/nw/home/m.yu/repos/foundry/datasets/toxinpred3/train_pos.csv
train_pos_2848,1,/mnt/nw/home/m.yu/repos/foundry/datasets/toxinpred3/train_pos.csv
train_pos_2849,1,/mnt/nw/home/m.yu/repos/foundry/datasets/toxinpred3/train_pos.csv
train_pos_2850,1,/mnt/nw/home/m.yu/repos/foundry/datasets/toxinpred3/train_pos.csv
train_pos_2851,1,/mnt/nw/home/m.yu/repos/foundry/datasets/toxinpred3/train_pos.csv
train_pos_2852,1,/mnt/nw/home/m.yu/repos/foundry/datasets/toxinpred3/train_pos.csv
train_pos_2853,1,/mnt/nw/home/m.yu/repos/foundry/datasets/toxinpred3/train_pos.csv
train_pos_2854,1,/mnt/nw/home/m.yu/repos/foundry/datasets/toxinpred3/train_pos.csv
train_pos_2855,1,/mnt/nw/home/m.yu/repos/foundry/datasets/toxinpred3/train_pos.csv
train_pos_2856,1,/mnt/nw/home/m.yu/repos/foundry/datasets/toxinpred3/train_pos.csv
train_pos_2857,1,/mnt/nw/home/m.yu/repos/foundry/datasets/toxinpred3/train_pos.csv
train_pos_2858,1,/mnt/nw/home/m.yu/repos/foundry/datasets/toxinpred3/train_pos.csv
train_pos_2859,1,/mnt/nw/home/m.yu/repos/foundry/datasets/toxinpred3/train_pos.csv
train_pos_2860,1,/mnt/nw/home/m.yu/repos/foundry/datasets/toxinpred3/train_pos.csv
train_pos_2861,1,/mnt/nw/home/m.yu/repos/foundry/datasets/toxinpred3/train_pos.csv
train_pos_2862,1,/mnt/nw/home/m.yu/repos/foundry/datasets/toxinpred3/train_pos.csv
train_pos_2863,1,/mnt/nw/home/m.yu/repos/foundry/datasets/toxinpred3/train_pos.csv
train_pos_2864,1,/mnt/nw/home/m.yu/repos/foundry/datasets/toxinpred3/train_pos.csv
train_pos_2865,1,/mnt/nw/home/m.yu/repos/foundry/datasets/toxinpred3/train_pos.csv
train_pos_2866,1,/mnt/nw/home/m.yu/repos/foundry/datasets/toxinpred3/train_pos.csv
train_pos_2867,1,/mnt/nw/home/m.yu/repos/foundry/datasets/toxinpred3/train_pos.csv
train_pos_2868,1,/mnt/nw/home/m.yu/repos/foundry/datasets/toxinpred3/train_pos.csv
train_pos_2869,1,/mnt/nw/home/m.yu/repos/foundry/datasets/toxinpred3/train_pos.csv
train_pos_2870,1,/mnt/nw/home/m.yu/repos/foundry/datasets/toxinpred3/train_pos.csv
train_pos_2871,1,/mnt/nw/home/m.yu/repos/foundry/datasets/toxinpred3/train_pos.csv
train_pos_2872,1,/mnt/nw/home/m.yu/repos/foundry/datasets/toxinpred3/train_pos.csv
train_pos_2873,1,/mnt/nw/home/m.yu/repos/foundry/datasets/toxinpred3/train_pos.csv
train_pos_2874,1,/mnt/nw/home/m.yu/repos/foundry/datasets/toxinpred3/train_pos.csv
train_pos_2875,1,/mnt/nw/home/m.yu/repos/foundry/datasets/toxinpred3/train_pos.csv
train_pos_2876,1,/mnt/nw/home/m.yu/repos/foundry/datasets/toxinpred3/train_pos.csv
train_pos_2877,1,/mnt/nw/home/m.yu/repos/foundry/datasets/toxinpred3/train_pos.csv
train_pos_2878,1,/mnt/nw/home/m.yu/repos/foundry/datasets/toxinpred3/train_pos.csv
train_pos_2879,1,/mnt/nw/home/m.yu/repos/foundry/datasets/toxinpred3/train_pos.csv
train_pos_2880,1,/mnt/nw/home/m.yu/repos/foundry/datasets/toxinpred3/train_pos.csv
train_pos_2881,1,/mnt/nw/home/m.yu/repos/foundry/datasets/toxinpred3/train_pos.csv
train_pos_2882,1,/mnt/nw/home/m.yu/repos/foundry/datasets/toxinpred3/train_pos.csv
train_pos_2883,1,/mnt/nw/home/m.yu/repos/foundry/datasets/toxinpred3/train_pos.csv
train_pos_2884,1,/mnt/nw/home/m.yu/repos/foundry/datasets/toxinpred3/train_pos.csv
train_pos_2885,1,/mnt/nw/home/m.yu/repos/foundry/datasets/toxinpred3/train_pos.csv
train_pos_2886,1,/mnt/nw/home/m.yu/repos/foundry/datasets/toxinpred3/train_pos.csv
train_pos_2887,1,/mnt/nw/home/m.yu/repos/foundry/datasets/toxinpred3/train_pos.csv
train_pos_2888,1,/mnt/nw/home/m.yu/repos/foundry/datasets/toxinpred3/train_pos.csv
train_pos_2889,1,/mnt/nw/home/m.yu/repos/foundry/datasets/toxinpred3/train_pos.csv
train_pos_2890,1,/mnt/nw/home/m.yu/repos/foundry/datasets/toxinpred3/train_pos.csv
train_pos_2891,1,/mnt/nw/home/m.yu/repos/foundry/datasets/toxinpred3/train_pos.csv
train_pos_2892,1,/mnt/nw/home/m.yu/repos/foundry/datasets/toxinpred3/train_pos.csv
train_pos_2893,1,/mnt/nw/home/m.yu/repos/foundry/datasets/toxinpred3/train_pos.csv
train_pos_2894,1,/mnt/nw/home/m.yu/repos/foundry/datasets/toxinpred3/train_pos.csv
train_pos_2895,1,/mnt/nw/home/m.yu/repos/foundry/datasets/toxinpred3/train_pos.csv
train_pos_2896,1,/mnt/nw/home/m.yu/repos/foundry/datasets/toxinpred3/train_pos.csv
train_pos_2897,1,/mnt/nw/home/m.yu/repos/foundry/datasets/toxinpred3/train_pos.csv
train_pos_2898,1,/mnt/nw/home/m.yu/repos/foundry/datasets/toxinpred3/train_pos.csv
train_pos_2899,1,/mnt/nw/home/m.yu/repos/foundry/datasets/toxinpred3/train_pos.csv
train_pos_2900,1,/mnt/nw/home/m.yu/repos/foundry/datasets/toxinpred3/train_pos.csv
train_pos_2901,1,/mnt/nw/home/m.yu/repos/foundry/datasets/toxinpred3/train_pos.csv
train_pos_2902,1,/mnt/nw/home/m.yu/repos/foundry/datasets/toxinpred3/train_pos.csv
train_pos_2903,1,/mnt/nw/home/m.yu/repos/foundry/datasets/toxinpred3/train_pos.csv
train_pos_2904,1,/mnt/nw/home/m.yu/repos/foundry/datasets/toxinpred3/train_pos.csv
train_pos_2905,1,/mnt/nw/home/m.yu/repos/foundry/datasets/toxinpred3/train_pos.csv
train_pos_2906,1,/mnt/nw/home/m.yu/repos/foundry/datasets/toxinpred3/train_pos.csv
train_pos_2907,1,/mnt/nw/home/m.yu/repos/foundry/datasets/toxinpred3/train_pos.csv
train_pos_2908,1,/mnt/nw/home/m.yu/repos/foundry/datasets/toxinpred3/train_pos.csv
train_pos_2909,1,/mnt/nw/home/m.yu/repos/foundry/datasets/toxinpred3/train_pos.csv
train_pos_2910,1,/mnt/nw/home/m.yu/repos/foundry/datasets/toxinpred3/train_pos.csv
train_pos_2911,1,/mnt/nw/home/m.yu/repos/foundry/datasets/toxinpred3/train_pos.csv
train_pos_2912,1,/mnt/nw/home/m.yu/repos/foundry/datasets/toxinpred3/train_pos.csv
train_pos_2913,1,/mnt/nw/home/m.yu/repos/foundry/datasets/toxinpred3/train_pos.csv
train_pos_2914,1,/mnt/nw/home/m.yu/repos/foundry/datasets/toxinpred3/train_pos.csv
train_pos_2915,1,/mnt/nw/home/m.yu/repos/foundry/datasets/toxinpred3/train_pos.csv
train_pos_2916,1,/mnt/nw/home/m.yu/repos/foundry/datasets/toxinpred3/train_pos.csv
train_pos_2917,1,/mnt/nw/home/m.yu/repos/foundry/datasets/toxinpred3/train_pos.csv
train_pos_2918,1,/mnt/nw/home/m.yu/repos/foundry/datasets/toxinpred3/train_pos.csv
train_pos_2919,1,/mnt/nw/home/m.yu/repos/foundry/datasets/toxinpred3/train_pos.csv
train_pos_2920,1,/mnt/nw/home/m.yu/repos/foundry/datasets/toxinpred3/train_pos.csv
train_pos_2921,1,/mnt/nw/home/m.yu/repos/foundry/datasets/toxinpred3/train_pos.csv
train_pos_2922,1,/mnt/nw/home/m.yu/repos/foundry/datasets/toxinpred3/train_pos.csv
train_pos_2923,1,/mnt/nw/home/m.yu/repos/foundry/datasets/toxinpred3/train_pos.csv
train_pos_2924,1,/mnt/nw/home/m.yu/repos/foundry/datasets/toxinpred3/train_pos.csv
train_pos_2925,1,/mnt/nw/home/m.yu/repos/foundry/datasets/toxinpred3/train_pos.csv
train_pos_2926,1,/mnt/nw/home/m.yu/repos/foundry/datasets/toxinpred3/train_pos.csv
train_pos_2927,1,/mnt/nw/home/m.yu/repos/foundry/datasets/toxinpred3/train_pos.csv
train_pos_2928,1,/mnt/nw/home/m.yu/repos/foundry/datasets/toxinpred3/train_pos.csv
train_pos_2929,1,/mnt/nw/home/m.yu/repos/foundry/datasets/toxinpred3/train_pos.csv
train_pos_2930,1,/mnt/nw/home/m.yu/repos/foundry/datasets/toxinpred3/train_pos.csv
train_pos_2931,1,/mnt/nw/home/m.yu/repos/foundry/datasets/toxinpred3/train_pos.csv
train_pos_2932,1,/mnt/nw/home/m.yu/repos/foundry/datasets/toxinpred3/train_pos.csv
train_pos_2933,1,/mnt/nw/home/m.yu/repos/foundry/datasets/toxinpred3/train_pos.csv
train_pos_2934,1,/mnt/nw/home/m.yu/repos/foundry/datasets/toxinpred3/train_pos.csv
train_pos_2935,1,/mnt/nw/home/m.yu/repos/foundry/datasets/toxinpred3/train_pos.csv
train_pos_2936,1,/mnt/nw/home/m.yu/repos/foundry/datasets/toxinpred3/train_pos.csv
train_pos_2937,1,/mnt/nw/home/m.yu/repos/foundry/datasets/toxinpred3/train_pos.csv
train_pos_2938,1,/mnt/nw/home/m.yu/repos/foundry/datasets/toxinpred3/train_pos.csv
train_pos_2939,1,/mnt/nw/home/m.yu/repos/foundry/datasets/toxinpred3/train_pos.csv
train_pos_2940,1,/mnt/nw/home/m.yu/repos/foundry/datasets/toxinpred3/train_pos.csv
train_pos_2941,1,/mnt/nw/home/m.yu/repos/foundry/datasets/toxinpred3/train_pos.csv
train_pos_2942,1,/mnt/nw/home/m.yu/repos/foundry/datasets/toxinpred3/train_pos.csv
train_pos_2943,1,/mnt/nw/home/m.yu/repos/foundry/datasets/toxinpred3/train_pos.csv
train_pos_2944,1,/mnt/nw/home/m.yu/repos/foundry/datasets/toxinpred3/train_pos.csv
train_pos_2945,1,/mnt/nw/home/m.yu/repos/foundry/datasets/toxinpred3/train_pos.csv
train_pos_2946,1,/mnt/nw/home/m.yu/repos/foundry/datasets/toxinpred3/train_pos.csv
train_pos_2947,1,/mnt/nw/home/m.yu/repos/foundry/datasets/toxinpred3/train_pos.csv
train_pos_2948,1,/mnt/nw/home/m.yu/repos/foundry/datasets/toxinpred3/train_pos.csv
train_pos_2949,1,/mnt/nw/home/m.yu/repos/foundry/datasets/toxinpred3/train_pos.csv
train_pos_2950,1,/mnt/nw/home/m.yu/repos/foundry/datasets/toxinpred3/train_pos.csv
train_pos_2951,1,/mnt/nw/home/m.yu/repos/foundry/datasets/toxinpred3/train_pos.csv
train_pos_2952,1,/mnt/nw/home/m.yu/repos/foundry/datasets/toxinpred3/train_pos.csv
train_pos_2953,1,/mnt/nw/home/m.yu/repos/foundry/datasets/toxinpred3/train_pos.csv
train_pos_2954,1,/mnt/nw/home/m.yu/repos/foundry/datasets/toxinpred3/train_pos.csv
train_pos_2955,1,/mnt/nw/home/m.yu/repos/foundry/datasets/toxinpred3/train_pos.csv
train_pos_2956,1,/mnt/nw/home/m.yu/repos/foundry/datasets/toxinpred3/train_pos.csv
train_pos_2957,1,/mnt/nw/home/m.yu/repos/foundry/datasets/toxinpred3/train_pos.csv
train_pos_2958,1,/mnt/nw/home/m.yu/repos/foundry/datasets/toxinpred3/train_pos.csv
train_pos_2959,1,/mnt/nw/home/m.yu/repos/foundry/datasets/toxinpred3/train_pos.csv
train_pos_2960,1,/mnt/nw/home/m.yu/repos/foundry/datasets/toxinpred3/train_pos.csv
train_pos_2961,1,/mnt/nw/home/m.yu/repos/foundry/datasets/toxinpred3/train_pos.csv
train_pos_2962,1,/mnt/nw/home/m.yu/repos/foundry/datasets/toxinpred3/train_pos.csv
train_pos_2963,1,/mnt/nw/home/m.yu/repos/foundry/datasets/toxinpred3/train_pos.csv
train_pos_2964,1,/mnt/nw/home/m.yu/repos/foundry/datasets/toxinpred3/train_pos.csv
train_pos_2965,1,/mnt/nw/home/m.yu/repos/foundry/datasets/toxinpred3/train_pos.csv
train_pos_2966,1,/mnt/nw/home/m.yu/repos/foundry/datasets/toxinpred3/train_pos.csv
train_pos_2967,1,/mnt/nw/home/m.yu/repos/foundry/datasets/toxinpred3/train_pos.csv
train_pos_2968,1,/mnt/nw/home/m.yu/repos/foundry/datasets/toxinpred3/train_pos.csv
train_pos_2969,1,/mnt/nw/home/m.yu/repos/foundry/datasets/toxinpred3/train_pos.csv
train_pos_2970,1,/mnt/nw/home/m.yu/repos/foundry/datasets/toxinpred3/train_pos.csv
train_pos_2971,1,/mnt/nw/home/m.yu/repos/foundry/datasets/toxinpred3/train_pos.csv
train_pos_2972,1,/mnt/nw/home/m.yu/repos/foundry/datasets/toxinpred3/train_pos.csv
train_pos_2973,1,/mnt/nw/home/m.yu/repos/foundry/datasets/toxinpred3/train_pos.csv
train_pos_2974,1,/mnt/nw/home/m.yu/repos/foundry/datasets/toxinpred3/train_pos.csv
train_pos_2975,1,/mnt/nw/home/m.yu/repos/foundry/datasets/toxinpred3/train_pos.csv
train_pos_2976,1,/mnt/nw/home/m.yu/repos/foundry/datasets/toxinpred3/train_pos.csv
train_pos_2977,1,/mnt/nw/home/m.yu/repos/foundry/datasets/toxinpred3/train_pos.csv
train_pos_2978,1,/mnt/nw/home/m.yu/repos/foundry/datasets/toxinpred3/train_pos.csv
train_pos_2979,1,/mnt/nw/home/m.yu/repos/foundry/datasets/toxinpred3/train_pos.csv
train_pos_2980,1,/mnt/nw/home/m.yu/repos/foundry/datasets/toxinpred3/train_pos.csv
train_pos_2981,1,/mnt/nw/home/m.yu/repos/foundry/datasets/toxinpred3/train_pos.csv
train_pos_2982,1,/mnt/nw/home/m.yu/repos/foundry/datasets/toxinpred3/train_pos.csv
train_pos_2983,1,/mnt/nw/home/m.yu/repos/foundry/datasets/toxinpred3/train_pos.csv
train_pos_2984,1,/mnt/nw/home/m.yu/repos/foundry/datasets/toxinpred3/train_pos.csv
train_pos_2985,1,/mnt/nw/home/m.yu/repos/foundry/datasets/toxinpred3/train_pos.csv
train_pos_2986,1,/mnt/nw/home/m.yu/repos/foundry/datasets/toxinpred3/train_pos.csv
train_pos_2987,1,/mnt/nw/home/m.yu/repos/foundry/datasets/toxinpred3/train_pos.csv
train_pos_2988,1,/mnt/nw/home/m.yu/repos/foundry/datasets/toxinpred3/train_pos.csv
train_pos_2989,1,/mnt/nw/home/m.yu/repos/foundry/datasets/toxinpred3/train_pos.csv
train_pos_2990,1,/mnt/nw/home/m.yu/repos/foundry/datasets/toxinpred3/train_pos.csv
train_pos_2991,1,/mnt/nw/home/m.yu/repos/foundry/datasets/toxinpred3/train_pos.csv
train_pos_2992,1,/mnt/nw/home/m.yu/repos/foundry/datasets/toxinpred3/train_pos.csv
train_pos_2993,1,/mnt/nw/home/m.yu/repos/foundry/datasets/toxinpred3/train_pos.csv
train_pos_2994,1,/mnt/nw/home/m.yu/repos/foundry/datasets/toxinpred3/train_pos.csv
train_pos_2995,1,/mnt/nw/home/m.yu/repos/foundry/datasets/toxinpred3/train_pos.csv
train_pos_2996,1,/mnt/nw/home/m.yu/repos/foundry/datasets/toxinpred3/train_pos.csv
train_pos_2997,1,/mnt/nw/home/m.yu/repos/foundry/datasets/toxinpred3/train_pos.csv
train_pos_2998,1,/mnt/nw/home/m.yu/repos/foundry/datasets/toxinpred3/train_pos.csv
train_pos_2999,1,/mnt/nw/home/m.yu/repos/foundry/datasets/toxinpred3/train_pos.csv
train_pos_3000,1,/mnt/nw/home/m.yu/repos/foundry/datasets/toxinpred3/train_pos.csv
train_pos_3001,1,/mnt/nw/home/m.yu/repos/foundry/datasets/toxinpred3/train_pos.csv
train_pos_3002,1,/mnt/nw/home/m.yu/repos/foundry/datasets/toxinpred3/train_pos.csv
train_pos_3003,1,/mnt/nw/home/m.yu/repos/foundry/datasets/toxinpred3/train_pos.csv
train_pos_3004,1,/mnt/nw/home/m.yu/repos/foundry/datasets/toxinpred3/train_pos.csv
train_pos_3005,1,/mnt/nw/home/m.yu/repos/foundry/datasets/toxinpred3/train_pos.csv
train_pos_3006,1,/mnt/nw/home/m.yu/repos/foundry/datasets/toxinpred3/train_pos.csv
train_pos_3007,1,/mnt/nw/home/m.yu/repos/foundry/datasets/toxinpred3/train_pos.csv
train_pos_3008,1,/mnt/nw/home/m.yu/repos/foundry/datasets/toxinpred3/train_pos.csv
train_pos_3009,1,/mnt/nw/home/m.yu/repos/foundry/datasets/toxinpred3/train_pos.csv
train_pos_3010,1,/mnt/nw/home/m.yu/repos/foundry/datasets/toxinpred3/train_pos.csv
train_pos_3011,1,/mnt/nw/home/m.yu/repos/foundry/datasets/toxinpred3/train_pos.csv
train_pos_3012,1,/mnt/nw/home/m.yu/repos/foundry/datasets/toxinpred3/train_pos.csv
train_pos_3013,1,/mnt/nw/home/m.yu/repos/foundry/datasets/toxinpred3/train_pos.csv
train_pos_3014,1,/mnt/nw/home/m.yu/repos/foundry/datasets/toxinpred3/train_pos.csv
train_pos_3015,1,/mnt/nw/home/m.yu/repos/foundry/datasets/toxinpred3/train_pos.csv
train_pos_3016,1,/mnt/nw/home/m.yu/repos/foundry/datasets/toxinpred3/train_pos.csv
train_pos_3017,1,/mnt/nw/home/m.yu/repos/foundry/datasets/toxinpred3/train_pos.csv
train_pos_3018,1,/mnt/nw/home/m.yu/repos/foundry/datasets/toxinpred3/train_pos.csv
train_pos_3019,1,/mnt/nw/home/m.yu/repos/foundry/datasets/toxinpred3/train_pos.csv
train_pos_3020,1,/mnt/nw/home/m.yu/repos/foundry/datasets/toxinpred3/train_pos.csv
train_pos_3021,1,/mnt/nw/home/m.yu/repos/foundry/datasets/toxinpred3/train_pos.csv
train_pos_3022,1,/mnt/nw/home/m.yu/repos/foundry/datasets/toxinpred3/train_pos.csv
train_pos_3023,1,/mnt/nw/home/m.yu/repos/foundry/datasets/toxinpred3/train_pos.csv
train_pos_3024,1,/mnt/nw/home/m.yu/repos/foundry/datasets/toxinpred3/train_pos.csv
train_pos_3025,1,/mnt/nw/home/m.yu/repos/foundry/datasets/toxinpred3/train_pos.csv
train_pos_3026,1,/mnt/nw/home/m.yu/repos/foundry/datasets/toxinpred3/train_pos.csv
train_pos_3027,1,/mnt/nw/home/m.yu/repos/foundry/datasets/toxinpred3/train_pos.csv
train_pos_3028,1,/mnt/nw/home/m.yu/repos/foundry/datasets/toxinpred3/train_pos.csv
train_pos_3029,1,/mnt/nw/home/m.yu/repos/foundry/datasets/toxinpred3/train_pos.csv
train_pos_3030,1,/mnt/nw/home/m.yu/repos/foundry/datasets/toxinpred3/train_pos.csv
train_pos_3031,1,/mnt/nw/home/m.yu/repos/foundry/datasets/toxinpred3/train_pos.csv
train_pos_3032,1,/mnt/nw/home/m.yu/repos/foundry/datasets/toxinpred3/train_pos.csv
train_pos_3033,1,/mnt/nw/home/m.yu/repos/foundry/datasets/toxinpred3/train_pos.csv
train_pos_3034,1,/mnt/nw/home/m.yu/repos/foundry/datasets/toxinpred3/train_pos.csv
train_pos_3035,1,/mnt/nw/home/m.yu/repos/foundry/datasets/toxinpred3/train_pos.csv
train_pos_3036,1,/mnt/nw/home/m.yu/repos/foundry/datasets/toxinpred3/train_pos.csv
train_pos_3037,1,/mnt/nw/home/m.yu/repos/foundry/datasets/toxinpred3/train_pos.csv
train_pos_3038,1,/mnt/nw/home/m.yu/repos/foundry/datasets/toxinpred3/train_pos.csv
train_pos_3039,1,/mnt/nw/home/m.yu/repos/foundry/datasets/toxinpred3/train_pos.csv
train_pos_3040,1,/mnt/nw/home/m.yu/repos/foundry/datasets/toxinpred3/train_pos.csv
train_pos_3041,1,/mnt/nw/home/m.yu/repos/foundry/datasets/toxinpred3/train_pos.csv
train_pos_3042,1,/mnt/nw/home/m.yu/repos/foundry/datasets/toxinpred3/train_pos.csv
train_pos_3043,1,/mnt/nw/home/m.yu/repos/foundry/datasets/toxinpred3/train_pos.csv
train_pos_3044,1,/mnt/nw/home/m.yu/repos/foundry/datasets/toxinpred3/train_pos.csv
train_pos_3045,1,/mnt/nw/home/m.yu/repos/foundry/datasets/toxinpred3/train_pos.csv
train_pos_3046,1,/mnt/nw/home/m.yu/repos/foundry/datasets/toxinpred3/train_pos.csv
train_pos_3047,1,/mnt/nw/home/m.yu/repos/foundry/datasets/toxinpred3/train_pos.csv
train_pos_3048,1,/mnt/nw/home/m.yu/repos/foundry/datasets/toxinpred3/train_pos.csv
train_pos_3049,1,/mnt/nw/home/m.yu/repos/foundry/datasets/toxinpred3/train_pos.csv
train_pos_3050,1,/mnt/nw/home/m.yu/repos/foundry/datasets/toxinpred3/train_pos.csv
train_pos_3051,1,/mnt/nw/home/m.yu/repos/foundry/datasets/toxinpred3/train_pos.csv
train_pos_3052,1,/mnt/nw/home/m.yu/repos/foundry/datasets/toxinpred3/train_pos.csv
train_pos_3053,1,/mnt/nw/home/m.yu/repos/foundry/datasets/toxinpred3/train_pos.csv
train_pos_3054,1,/mnt/nw/home/m.yu/repos/foundry/datasets/toxinpred3/train_pos.csv
train_pos_3055,1,/mnt/nw/home/m.yu/repos/foundry/datasets/toxinpred3/train_pos.csv
train_pos_3056,1,/mnt/nw/home/m.yu/repos/foundry/datasets/toxinpred3/train_pos.csv
train_pos_3057,1,/mnt/nw/home/m.yu/repos/foundry/datasets/toxinpred3/train_pos.csv
train_pos_3058,1,/mnt/nw/home/m.yu/repos/foundry/datasets/toxinpred3/train_pos.csv
train_pos_3059,1,/mnt/nw/home/m.yu/repos/foundry/datasets/toxinpred3/train_pos.csv
train_pos_3060,1,/mnt/nw/home/m.yu/repos/foundry/datasets/toxinpred3/train_pos.csv
train_pos_3061,1,/mnt/nw/home/m.yu/repos/foundry/datasets/toxinpred3/train_pos.csv
train_pos_3062,1,/mnt/nw/home/m.yu/repos/foundry/datasets/toxinpred3/train_pos.csv
train_pos_3063,1,/mnt/nw/home/m.yu/repos/foundry/datasets/toxinpred3/train_pos.csv
train_pos_3064,1,/mnt/nw/home/m.yu/repos/foundry/datasets/toxinpred3/train_pos.csv
train_pos_3065,1,/mnt/nw/home/m.yu/repos/foundry/datasets/toxinpred3/train_pos.csv
train_pos_3066,1,/mnt/nw/home/m.yu/repos/foundry/datasets/toxinpred3/train_pos.csv
train_pos_3067,1,/mnt/nw/home/m.yu/repos/foundry/datasets/toxinpred3/train_pos.csv
train_pos_3068,1,/mnt/nw/home/m.yu/repos/foundry/datasets/toxinpred3/train_pos.csv
train_pos_3069,1,/mnt/nw/home/m.yu/repos/foundry/datasets/toxinpred3/train_pos.csv
train_pos_3070,1,/mnt/nw/home/m.yu/repos/foundry/datasets/toxinpred3/train_pos.csv
train_pos_3071,1,/mnt/nw/home/m.yu/repos/foundry/datasets/toxinpred3/train_pos.csv
train_pos_3072,1,/mnt/nw/home/m.yu/repos/foundry/datasets/toxinpred3/train_pos.csv
train_pos_3073,1,/mnt/nw/home/m.yu/repos/foundry/datasets/toxinpred3/train_pos.csv
train_pos_3074,1,/mnt/nw/home/m.yu/repos/foundry/datasets/toxinpred3/train_pos.csv
train_pos_3075,1,/mnt/nw/home/m.yu/repos/foundry/datasets/toxinpred3/train_pos.csv
train_pos_3076,1,/mnt/nw/home/m.yu/repos/foundry/datasets/toxinpred3/train_pos.csv
train_pos_3077,1,/mnt/nw/home/m.yu/repos/foundry/datasets/toxinpred3/train_pos.csv
train_pos_3078,1,/mnt/nw/home/m.yu/repos/foundry/datasets/toxinpred3/train_pos.csv
train_pos_3079,1,/mnt/nw/home/m.yu/repos/foundry/datasets/toxinpred3/train_pos.csv
train_pos_3080,1,/mnt/nw/home/m.yu/repos/foundry/datasets/toxinpred3/train_pos.csv
train_pos_3081,1,/mnt/nw/home/m.yu/repos/foundry/datasets/toxinpred3/train_pos.csv
train_pos_3082,1,/mnt/nw/home/m.yu/repos/foundry/datasets/toxinpred3/train_pos.csv
train_pos_3083,1,/mnt/nw/home/m.yu/repos/foundry/datasets/toxinpred3/train_pos.csv
train_pos_3084,1,/mnt/nw/home/m.yu/repos/foundry/datasets/toxinpred3/train_pos.csv
train_pos_3085,1,/mnt/nw/home/m.yu/repos/foundry/datasets/toxinpred3/train_pos.csv
train_pos_3086,1,/mnt/nw/home/m.yu/repos/foundry/datasets/toxinpred3/train_pos.csv
train_pos_3087,1,/mnt/nw/home/m.yu/repos/foundry/datasets/toxinpred3/train_pos.csv
train_pos_3088,1,/mnt/nw/home/m.yu/repos/foundry/datasets/toxinpred3/train_pos.csv
train_pos_3089,1,/mnt/nw/home/m.yu/repos/foundry/datasets/toxinpred3/train_pos.csv
train_pos_3090,1,/mnt/nw/home/m.yu/repos/foundry/datasets/toxinpred3/train_pos.csv
train_pos_3091,1,/mnt/nw/home/m.yu/repos/foundry/datasets/toxinpred3/train_pos.csv
train_pos_3092,1,/mnt/nw/home/m.yu/repos/foundry/datasets/toxinpred3/train_pos.csv
train_pos_3093,1,/mnt/nw/home/m.yu/repos/foundry/datasets/toxinpred3/train_pos.csv
train_pos_3094,1,/mnt/nw/home/m.yu/repos/foundry/datasets/toxinpred3/train_pos.csv
train_pos_3095,1,/mnt/nw/home/m.yu/repos/foundry/datasets/toxinpred3/train_pos.csv
train_pos_3096,1,/mnt/nw/home/m.yu/repos/foundry/datasets/toxinpred3/train_pos.csv
train_pos_3097,1,/mnt/nw/home/m.yu/repos/foundry/datasets/toxinpred3/train_pos.csv
train_pos_3098,1,/mnt/nw/home/m.yu/repos/foundry/datasets/toxinpred3/train_pos.csv
train_pos_3099,1,/mnt/nw/home/m.yu/repos/foundry/datasets/toxinpred3/train_pos.csv
train_pos_3100,1,/mnt/nw/home/m.yu/repos/foundry/datasets/toxinpred3/train_pos.csv
train_pos_3101,1,/mnt/nw/home/m.yu/repos/foundry/datasets/toxinpred3/train_pos.csv
train_pos_3102,1,/mnt/nw/home/m.yu/repos/foundry/datasets/toxinpred3/train_pos.csv
train_pos_3103,1,/mnt/nw/home/m.yu/repos/foundry/datasets/toxinpred3/train_pos.csv
train_pos_3104,1,/mnt/nw/home/m.yu/repos/foundry/datasets/toxinpred3/train_pos.csv
train_pos_3105,1,/mnt/nw/home/m.yu/repos/foundry/datasets/toxinpred3/train_pos.csv
train_pos_3106,1,/mnt/nw/home/m.yu/repos/foundry/datasets/toxinpred3/train_pos.csv
train_pos_3107,1,/mnt/nw/home/m.yu/repos/foundry/datasets/toxinpred3/train_pos.csv
train_pos_3108,1,/mnt/nw/home/m.yu/repos/foundry/datasets/toxinpred3/train_pos.csv
train_pos_3109,1,/mnt/nw/home/m.yu/repos/foundry/datasets/toxinpred3/train_pos.csv
train_pos_3110,1,/mnt/nw/home/m.yu/repos/foundry/datasets/toxinpred3/train_pos.csv
train_pos_3111,1,/mnt/nw/home/m.yu/repos/foundry/datasets/toxinpred3/train_pos.csv
train_pos_3112,1,/mnt/nw/home/m.yu/repos/foundry/datasets/toxinpred3/train_pos.csv
train_pos_3113,1,/mnt/nw/home/m.yu/repos/foundry/datasets/toxinpred3/train_pos.csv
train_pos_3114,1,/mnt/nw/home/m.yu/repos/foundry/datasets/toxinpred3/train_pos.csv
train_pos_3115,1,/mnt/nw/home/m.yu/repos/foundry/datasets/toxinpred3/train_pos.csv
train_pos_3116,1,/mnt/nw/home/m.yu/repos/foundry/datasets/toxinpred3/train_pos.csv
train_pos_3117,1,/mnt/nw/home/m.yu/repos/foundry/datasets/toxinpred3/train_pos.csv
train_pos_3118,1,/mnt/nw/home/m.yu/repos/foundry/datasets/toxinpred3/train_pos.csv
train_pos_3119,1,/mnt/nw/home/m.yu/repos/foundry/datasets/toxinpred3/train_pos.csv
train_pos_3120,1,/mnt/nw/home/m.yu/repos/foundry/datasets/toxinpred3/train_pos.csv
train_pos_3121,1,/mnt/nw/home/m.yu/repos/foundry/datasets/toxinpred3/train_pos.csv
train_pos_3122,1,/mnt/nw/home/m.yu/repos/foundry/datasets/toxinpred3/train_pos.csv
train_pos_3123,1,/mnt/nw/home/m.yu/repos/foundry/datasets/toxinpred3/train_pos.csv
train_pos_3124,1,/mnt/nw/home/m.yu/repos/foundry/datasets/toxinpred3/train_pos.csv
train_pos_3125,1,/mnt/nw/home/m.yu/repos/foundry/datasets/toxinpred3/train_pos.csv
train_pos_3126,1,/mnt/nw/home/m.yu/repos/foundry/datasets/toxinpred3/train_pos.csv
train_pos_3127,1,/mnt/nw/home/m.yu/repos/foundry/datasets/toxinpred3/train_pos.csv
train_pos_3128,1,/mnt/nw/home/m.yu/repos/foundry/datasets/toxinpred3/train_pos.csv
train_pos_3129,1,/mnt/nw/home/m.yu/repos/foundry/datasets/toxinpred3/train_pos.csv
train_pos_3130,1,/mnt/nw/home/m.yu/repos/foundry/datasets/toxinpred3/train_pos.csv
train_pos_3131,1,/mnt/nw/home/m.yu/repos/foundry/datasets/toxinpred3/train_pos.csv
train_pos_3132,1,/mnt/nw/home/m.yu/repos/foundry/datasets/toxinpred3/train_pos.csv
train_pos_3133,1,/mnt/nw/home/m.yu/repos/foundry/datasets/toxinpred3/train_pos.csv
train_pos_3134,1,/mnt/nw/home/m.yu/repos/foundry/datasets/toxinpred3/train_pos.csv
train_pos_3135,1,/mnt/nw/home/m.yu/repos/foundry/datasets/toxinpred3/train_pos.csv
train_pos_3136,1,/mnt/nw/home/m.yu/repos/foundry/datasets/toxinpred3/train_pos.csv
train_pos_3137,1,/mnt/nw/home/m.yu/repos/foundry/datasets/toxinpred3/train_pos.csv
train_pos_3138,1,/mnt/nw/home/m.yu/repos/foundry/datasets/toxinpred3/train_pos.csv
train_pos_3139,1,/mnt/nw/home/m.yu/repos/foundry/datasets/toxinpred3/train_pos.csv
train_pos_3140,1,/mnt/nw/home/m.yu/repos/foundry/datasets/toxinpred3/train_pos.csv
train_pos_3141,1,/mnt/nw/home/m.yu/repos/foundry/datasets/toxinpred3/train_pos.csv
train_pos_3142,1,/mnt/nw/home/m.yu/repos/foundry/datasets/toxinpred3/train_pos.csv
train_pos_3143,1,/mnt/nw/home/m.yu/repos/foundry/datasets/toxinpred3/train_pos.csv
train_pos_3144,1,/mnt/nw/home/m.yu/repos/foundry/datasets/toxinpred3/train_pos.csv
train_pos_3145,1,/mnt/nw/home/m.yu/repos/foundry/datasets/toxinpred3/train_pos.csv
train_pos_3146,1,/mnt/nw/home/m.yu/repos/foundry/datasets/toxinpred3/train_pos.csv
train_pos_3147,1,/mnt/nw/home/m.yu/repos/foundry/datasets/toxinpred3/train_pos.csv
train_pos_3148,1,/mnt/nw/home/m.yu/repos/foundry/datasets/toxinpred3/train_pos.csv
train_pos_3149,1,/mnt/nw/home/m.yu/repos/foundry/datasets/toxinpred3/train_pos.csv
train_pos_3150,1,/mnt/nw/home/m.yu/repos/foundry/datasets/toxinpred3/train_pos.csv
train_pos_3151,1,/mnt/nw/home/m.yu/repos/foundry/datasets/toxinpred3/train_pos.csv
train_pos_3152,1,/mnt/nw/home/m.yu/repos/foundry/datasets/toxinpred3/train_pos.csv
train_pos_3153,1,/mnt/nw/home/m.yu/repos/foundry/datasets/toxinpred3/train_pos.csv
train_pos_3154,1,/mnt/nw/home/m.yu/repos/foundry/datasets/toxinpred3/train_pos.csv
train_pos_3155,1,/mnt/nw/home/m.yu/repos/foundry/datasets/toxinpred3/train_pos.csv
train_pos_3156,1,/mnt/nw/home/m.yu/repos/foundry/datasets/toxinpred3/train_pos.csv
train_pos_3157,1,/mnt/nw/home/m.yu/repos/foundry/datasets/toxinpred3/train_pos.csv
train_pos_3158,1,/mnt/nw/home/m.yu/repos/foundry/datasets/toxinpred3/train_pos.csv
train_pos_3159,1,/mnt/nw/home/m.yu/repos/foundry/datasets/toxinpred3/train_pos.csv
train_pos_3160,1,/mnt/nw/home/m.yu/repos/foundry/datasets/toxinpred3/train_pos.csv
train_pos_3161,1,/mnt/nw/home/m.yu/repos/foundry/datasets/toxinpred3/train_pos.csv
train_pos_3162,1,/mnt/nw/home/m.yu/repos/foundry/datasets/toxinpred3/train_pos.csv
train_pos_3163,1,/mnt/nw/home/m.yu/repos/foundry/datasets/toxinpred3/train_pos.csv
train_pos_3164,1,/mnt/nw/home/m.yu/repos/foundry/datasets/toxinpred3/train_pos.csv
train_pos_3165,1,/mnt/nw/home/m.yu/repos/foundry/datasets/toxinpred3/train_pos.csv
train_pos_3166,1,/mnt/nw/home/m.yu/repos/foundry/datasets/toxinpred3/train_pos.csv
train_pos_3167,1,/mnt/nw/home/m.yu/repos/foundry/datasets/toxinpred3/train_pos.csv
train_pos_3168,1,/mnt/nw/home/m.yu/repos/foundry/datasets/toxinpred3/train_pos.csv
train_pos_3169,1,/mnt/nw/home/m.yu/repos/foundry/datasets/toxinpred3/train_pos.csv
train_pos_3170,1,/mnt/nw/home/m.yu/repos/foundry/datasets/toxinpred3/train_pos.csv
train_pos_3171,1,/mnt/nw/home/m.yu/repos/foundry/datasets/toxinpred3/train_pos.csv
train_pos_3172,1,/mnt/nw/home/m.yu/repos/foundry/datasets/toxinpred3/train_pos.csv
train_pos_3173,1,/mnt/nw/home/m.yu/repos/foundry/datasets/toxinpred3/train_pos.csv
train_pos_3174,1,/mnt/nw/home/m.yu/repos/foundry/datasets/toxinpred3/train_pos.csv
train_pos_3175,1,/mnt/nw/home/m.yu/repos/foundry/datasets/toxinpred3/train_pos.csv
train_pos_3176,1,/mnt/nw/home/m.yu/repos/foundry/datasets/toxinpred3/train_pos.csv
train_pos_3177,1,/mnt/nw/home/m.yu/repos/foundry/datasets/toxinpred3/train_pos.csv
train_pos_3178,1,/mnt/nw/home/m.yu/repos/foundry/datasets/toxinpred3/train_pos.csv
train_pos_3179,1,/mnt/nw/home/m.yu/repos/foundry/datasets/toxinpred3/train_pos.csv
train_pos_3180,1,/mnt/nw/home/m.yu/repos/foundry/datasets/toxinpred3/train_pos.csv
train_pos_3181,1,/mnt/nw/home/m.yu/repos/foundry/datasets/toxinpred3/train_pos.csv
train_pos_3182,1,/mnt/nw/home/m.yu/repos/foundry/datasets/toxinpred3/train_pos.csv
train_pos_3183,1,/mnt/nw/home/m.yu/repos/foundry/datasets/toxinpred3/train_pos.csv
train_pos_3184,1,/mnt/nw/home/m.yu/repos/foundry/datasets/toxinpred3/train_pos.csv
train_pos_3185,1,/mnt/nw/home/m.yu/repos/foundry/datasets/toxinpred3/train_pos.csv
train_pos_3186,1,/mnt/nw/home/m.yu/repos/foundry/datasets/toxinpred3/train_pos.csv
train_pos_3187,1,/mnt/nw/home/m.yu/repos/foundry/datasets/toxinpred3/train_pos.csv
train_pos_3188,1,/mnt/nw/home/m.yu/repos/foundry/datasets/toxinpred3/train_pos.csv
train_pos_3189,1,/mnt/nw/home/m.yu/repos/foundry/datasets/toxinpred3/train_pos.csv
train_pos_3190,1,/mnt/nw/home/m.yu/repos/foundry/datasets/toxinpred3/train_pos.csv
train_pos_3191,1,/mnt/nw/home/m.yu/repos/foundry/datasets/toxinpred3/train_pos.csv
train_pos_3192,1,/mnt/nw/home/m.yu/repos/foundry/datasets/toxinpred3/train_pos.csv
train_pos_3193,1,/mnt/nw/home/m.yu/repos/foundry/datasets/toxinpred3/train_pos.csv
train_pos_3194,1,/mnt/nw/home/m.yu/repos/foundry/datasets/toxinpred3/train_pos.csv
train_pos_3195,1,/mnt/nw/home/m.yu/repos/foundry/datasets/toxinpred3/train_pos.csv
train_pos_3196,1,/mnt/nw/home/m.yu/repos/foundry/datasets/toxinpred3/train_pos.csv
train_pos_3197,1,/mnt/nw/home/m.yu/repos/foundry/datasets/toxinpred3/train_pos.csv
train_pos_3198,1,/mnt/nw/home/m.yu/repos/foundry/datasets/toxinpred3/train_pos.csv
train_pos_3199,1,/mnt/nw/home/m.yu/repos/foundry/datasets/toxinpred3/train_pos.csv
train_pos_3200,1,/mnt/nw/home/m.yu/repos/foundry/datasets/toxinpred3/train_pos.csv
train_pos_3201,1,/mnt/nw/home/m.yu/repos/foundry/datasets/toxinpred3/train_pos.csv
train_pos_3202,1,/mnt/nw/home/m.yu/repos/foundry/datasets/toxinpred3/train_pos.csv
train_pos_3203,1,/mnt/nw/home/m.yu/repos/foundry/datasets/toxinpred3/train_pos.csv
train_pos_3204,1,/mnt/nw/home/m.yu/repos/foundry/datasets/toxinpred3/train_pos.csv
train_pos_3205,1,/mnt/nw/home/m.yu/repos/foundry/datasets/toxinpred3/train_pos.csv
train_pos_3206,1,/mnt/nw/home/m.yu/repos/foundry/datasets/toxinpred3/train_pos.csv
train_pos_3207,1,/mnt/nw/home/m.yu/repos/foundry/datasets/toxinpred3/train_pos.csv
train_pos_3208,1,/mnt/nw/home/m.yu/repos/foundry/datasets/toxinpred3/train_pos.csv
train_pos_3209,1,/mnt/nw/home/m.yu/repos/foundry/datasets/toxinpred3/train_pos.csv
train_pos_3210,1,/mnt/nw/home/m.yu/repos/foundry/datasets/toxinpred3/train_pos.csv
train_pos_3211,1,/mnt/nw/home/m.yu/repos/foundry/datasets/toxinpred3/train_pos.csv
train_pos_3212,1,/mnt/nw/home/m.yu/repos/foundry/datasets/toxinpred3/train_pos.csv
train_pos_3213,1,/mnt/nw/home/m.yu/repos/foundry/datasets/toxinpred3/train_pos.csv
train_pos_3214,1,/mnt/nw/home/m.yu/repos/foundry/datasets/toxinpred3/train_pos.csv
train_pos_3215,1,/mnt/nw/home/m.yu/repos/foundry/datasets/toxinpred3/train_pos.csv
train_pos_3216,1,/mnt/nw/home/m.yu/repos/foundry/datasets/toxinpred3/train_pos.csv
train_pos_3217,1,/mnt/nw/home/m.yu/repos/foundry/datasets/toxinpred3/train_pos.csv
train_pos_3218,1,/mnt/nw/home/m.yu/repos/foundry/datasets/toxinpred3/train_pos.csv
train_pos_3219,1,/mnt/nw/home/m.yu/repos/foundry/datasets/toxinpred3/train_pos.csv
train_pos_3220,1,/mnt/nw/home/m.yu/repos/foundry/datasets/toxinpred3/train_pos.csv
train_pos_3221,1,/mnt/nw/home/m.yu/repos/foundry/datasets/toxinpred3/train_pos.csv
train_pos_3222,1,/mnt/nw/home/m.yu/repos/foundry/datasets/toxinpred3/train_pos.csv
train_pos_3223,1,/mnt/nw/home/m.yu/repos/foundry/datasets/toxinpred3/train_pos.csv
train_pos_3224,1,/mnt/nw/home/m.yu/repos/foundry/datasets/toxinpred3/train_pos.csv
train_pos_3225,1,/mnt/nw/home/m.yu/repos/foundry/datasets/toxinpred3/train_pos.csv
train_pos_3226,1,/mnt/nw/home/m.yu/repos/foundry/datasets/toxinpred3/train_pos.csv
train_pos_3227,1,/mnt/nw/home/m.yu/repos/foundry/datasets/toxinpred3/train_pos.csv
train_pos_3228,1,/mnt/nw/home/m.yu/repos/foundry/datasets/toxinpred3/train_pos.csv
train_pos_3229,1,/mnt/nw/home/m.yu/repos/foundry/datasets/toxinpred3/train_pos.csv
train_pos_3230,1,/mnt/nw/home/m.yu/repos/foundry/datasets/toxinpred3/train_pos.csv
train_pos_3231,1,/mnt/nw/home/m.yu/repos/foundry/datasets/toxinpred3/train_pos.csv
train_pos_3232,1,/mnt/nw/home/m.yu/repos/foundry/datasets/toxinpred3/train_pos.csv
train_pos_3233,1,/mnt/nw/home/m.yu/repos/foundry/datasets/toxinpred3/train_pos.csv
train_pos_3234,1,/mnt/nw/home/m.yu/repos/foundry/datasets/toxinpred3/train_pos.csv
train_pos_3235,1,/mnt/nw/home/m.yu/repos/foundry/datasets/toxinpred3/train_pos.csv
train_pos_3236,1,/mnt/nw/home/m.yu/repos/foundry/datasets/toxinpred3/train_pos.csv
train_pos_3237,1,/mnt/nw/home/m.yu/repos/foundry/datasets/toxinpred3/train_pos.csv
train_pos_3238,1,/mnt/nw/home/m.yu/repos/foundry/datasets/toxinpred3/train_pos.csv
train_pos_3239,1,/mnt/nw/home/m.yu/repos/foundry/datasets/toxinpred3/train_pos.csv
train_pos_3240,1,/mnt/nw/home/m.yu/repos/foundry/datasets/toxinpred3/train_pos.csv
train_pos_3241,1,/mnt/nw/home/m.yu/repos/foundry/datasets/toxinpred3/train_pos.csv
train_pos_3242,1,/mnt/nw/home/m.yu/repos/foundry/datasets/toxinpred3/train_pos.csv
train_pos_3243,1,/mnt/nw/home/m.yu/repos/foundry/datasets/toxinpred3/train_pos.csv
train_pos_3244,1,/mnt/nw/home/m.yu/repos/foundry/datasets/toxinpred3/train_pos.csv
train_pos_3245,1,/mnt/nw/home/m.yu/repos/foundry/datasets/toxinpred3/train_pos.csv
train_pos_3246,1,/mnt/nw/home/m.yu/repos/foundry/datasets/toxinpred3/train_pos.csv
train_pos_3247,1,/mnt/nw/home/m.yu/repos/foundry/datasets/toxinpred3/train_pos.csv
train_pos_3248,1,/mnt/nw/home/m.yu/repos/foundry/datasets/toxinpred3/train_pos.csv
train_pos_3249,1,/mnt/nw/home/m.yu/repos/foundry/datasets/toxinpred3/train_pos.csv
train_pos_3250,1,/mnt/nw/home/m.yu/repos/foundry/datasets/toxinpred3/train_pos.csv
train_pos_3251,1,/mnt/nw/home/m.yu/repos/foundry/datasets/toxinpred3/train_pos.csv
train_pos_3252,1,/mnt/nw/home/m.yu/repos/foundry/datasets/toxinpred3/train_pos.csv
train_pos_3253,1,/mnt/nw/home/m.yu/repos/foundry/datasets/toxinpred3/train_pos.csv
train_pos_3254,1,/mnt/nw/home/m.yu/repos/foundry/datasets/toxinpred3/train_pos.csv
train_pos_3255,1,/mnt/nw/home/m.yu/repos/foundry/datasets/toxinpred3/train_pos.csv
train_pos_3256,1,/mnt/nw/home/m.yu/repos/foundry/datasets/toxinpred3/train_pos.csv
train_pos_3257,1,/mnt/nw/home/m.yu/repos/foundry/datasets/toxinpred3/train_pos.csv
train_pos_3258,1,/mnt/nw/home/m.yu/repos/foundry/datasets/toxinpred3/train_pos.csv
train_pos_3259,1,/mnt/nw/home/m.yu/repos/foundry/datasets/toxinpred3/train_pos.csv
train_pos_3260,1,/mnt/nw/home/m.yu/repos/foundry/datasets/toxinpred3/train_pos.csv
train_pos_3261,1,/mnt/nw/home/m.yu/repos/foundry/datasets/toxinpred3/train_pos.csv
train_pos_3262,1,/mnt/nw/home/m.yu/repos/foundry/datasets/toxinpred3/train_pos.csv
train_pos_3263,1,/mnt/nw/home/m.yu/repos/foundry/datasets/toxinpred3/train_pos.csv
train_pos_3264,1,/mnt/nw/home/m.yu/repos/foundry/datasets/toxinpred3/train_pos.csv
train_pos_3265,1,/mnt/nw/home/m.yu/repos/foundry/datasets/toxinpred3/train_pos.csv
train_pos_3266,1,/mnt/nw/home/m.yu/repos/foundry/datasets/toxinpred3/train_pos.csv
train_pos_3267,1,/mnt/nw/home/m.yu/repos/foundry/datasets/toxinpred3/train_pos.csv
train_pos_3268,1,/mnt/nw/home/m.yu/repos/foundry/datasets/toxinpred3/train_pos.csv
train_pos_3269,1,/mnt/nw/home/m.yu/repos/foundry/datasets/toxinpred3/train_pos.csv
train_pos_3270,1,/mnt/nw/home/m.yu/repos/foundry/datasets/toxinpred3/train_pos.csv
train_pos_3271,1,/mnt/nw/home/m.yu/repos/foundry/datasets/toxinpred3/train_pos.csv
train_pos_3272,1,/mnt/nw/home/m.yu/repos/foundry/datasets/toxinpred3/train_pos.csv
train_pos_3273,1,/mnt/nw/home/m.yu/repos/foundry/datasets/toxinpred3/train_pos.csv
train_pos_3274,1,/mnt/nw/home/m.yu/repos/foundry/datasets/toxinpred3/train_pos.csv
train_pos_3275,1,/mnt/nw/home/m.yu/repos/foundry/datasets/toxinpred3/train_pos.csv
train_pos_3276,1,/mnt/nw/home/m.yu/repos/foundry/datasets/toxinpred3/train_pos.csv
train_pos_3277,1,/mnt/nw/home/m.yu/repos/foundry/datasets/toxinpred3/train_pos.csv
train_pos_3278,1,/mnt/nw/home/m.yu/repos/foundry/datasets/toxinpred3/train_pos.csv
train_pos_3279,1,/mnt/nw/home/m.yu/repos/foundry/datasets/toxinpred3/train_pos.csv
train_pos_3280,1,/mnt/nw/home/m.yu/repos/foundry/datasets/toxinpred3/train_pos.csv
train_pos_3281,1,/mnt/nw/home/m.yu/repos/foundry/datasets/toxinpred3/train_pos.csv
train_pos_3282,1,/mnt/nw/home/m.yu/repos/foundry/datasets/toxinpred3/train_pos.csv
train_pos_3283,1,/mnt/nw/home/m.yu/repos/foundry/datasets/toxinpred3/train_pos.csv
train_pos_3284,1,/mnt/nw/home/m.yu/repos/foundry/datasets/toxinpred3/train_pos.csv
train_pos_3285,1,/mnt/nw/home/m.yu/repos/foundry/datasets/toxinpred3/train_pos.csv
train_pos_3286,1,/mnt/nw/home/m.yu/repos/foundry/datasets/toxinpred3/train_pos.csv
train_pos_3287,1,/mnt/nw/home/m.yu/repos/foundry/datasets/toxinpred3/train_pos.csv
train_pos_3288,1,/mnt/nw/home/m.yu/repos/foundry/datasets/toxinpred3/train_pos.csv
train_pos_3289,1,/mnt/nw/home/m.yu/repos/foundry/datasets/toxinpred3/train_pos.csv
train_pos_3290,1,/mnt/nw/home/m.yu/repos/foundry/datasets/toxinpred3/train_pos.csv
train_pos_3291,1,/mnt/nw/home/m.yu/repos/foundry/datasets/toxinpred3/train_pos.csv
train_pos_3292,1,/mnt/nw/home/m.yu/repos/foundry/datasets/toxinpred3/train_pos.csv
train_pos_3293,1,/mnt/nw/home/m.yu/repos/foundry/datasets/toxinpred3/train_pos.csv
train_pos_3294,1,/mnt/nw/home/m.yu/repos/foundry/datasets/toxinpred3/train_pos.csv
train_pos_3295,1,/mnt/nw/home/m.yu/repos/foundry/datasets/toxinpred3/train_pos.csv
train_pos_3296,1,/mnt/nw/home/m.yu/repos/foundry/datasets/toxinpred3/train_pos.csv
train_pos_3297,1,/mnt/nw/home/m.yu/repos/foundry/datasets/toxinpred3/train_pos.csv
train_pos_3298,1,/mnt/nw/home/m.yu/repos/foundry/datasets/toxinpred3/train_pos.csv
train_pos_3299,1,/mnt/nw/home/m.yu/repos/foundry/datasets/toxinpred3/train_pos.csv
train_pos_3300,1,/mnt/nw/home/m.yu/repos/foundry/datasets/toxinpred3/train_pos.csv
train_pos_3301,1,/mnt/nw/home/m.yu/repos/foundry/datasets/toxinpred3/train_pos.csv
train_pos_3302,1,/mnt/nw/home/m.yu/repos/foundry/datasets/toxinpred3/train_pos.csv
train_pos_3303,1,/mnt/nw/home/m.yu/repos/foundry/datasets/toxinpred3/train_pos.csv
train_pos_3304,1,/mnt/nw/home/m.yu/repos/foundry/datasets/toxinpred3/train_pos.csv
train_pos_3305,1,/mnt/nw/home/m.yu/repos/foundry/datasets/toxinpred3/train_pos.csv
train_pos_3306,1,/mnt/nw/home/m.yu/repos/foundry/datasets/toxinpred3/train_pos.csv
train_pos_3307,1,/mnt/nw/home/m.yu/repos/foundry/datasets/toxinpred3/train_pos.csv
train_pos_3308,1,/mnt/nw/home/m.yu/repos/foundry/datasets/toxinpred3/train_pos.csv
train_pos_3309,1,/mnt/nw/home/m.yu/repos/foundry/datasets/toxinpred3/train_pos.csv
train_pos_3310,1,/mnt/nw/home/m.yu/repos/foundry/datasets/toxinpred3/train_pos.csv
train_pos_3311,1,/mnt/nw/home/m.yu/repos/foundry/datasets/toxinpred3/train_pos.csv
train_pos_3312,1,/mnt/nw/home/m.yu/repos/foundry/datasets/toxinpred3/train_pos.csv
train_pos_3313,1,/mnt/nw/home/m.yu/repos/foundry/datasets/toxinpred3/train_pos.csv
train_pos_3314,1,/mnt/nw/home/m.yu/repos/foundry/datasets/toxinpred3/train_pos.csv
train_pos_3315,1,/mnt/nw/home/m.yu/repos/foundry/datasets/toxinpred3/train_pos.csv
train_pos_3316,1,/mnt/nw/home/m.yu/repos/foundry/datasets/toxinpred3/train_pos.csv
train_pos_3317,1,/mnt/nw/home/m.yu/repos/foundry/datasets/toxinpred3/train_pos.csv
train_pos_3318,1,/mnt/nw/home/m.yu/repos/foundry/datasets/toxinpred3/train_pos.csv
train_pos_3319,1,/mnt/nw/home/m.yu/repos/foundry/datasets/toxinpred3/train_pos.csv
train_pos_3320,1,/mnt/nw/home/m.yu/repos/foundry/datasets/toxinpred3/train_pos.csv
train_pos_3321,1,/mnt/nw/home/m.yu/repos/foundry/datasets/toxinpred3/train_pos.csv
train_pos_3322,1,/mnt/nw/home/m.yu/repos/foundry/datasets/toxinpred3/train_pos.csv
train_pos_3323,1,/mnt/nw/home/m.yu/repos/foundry/datasets/toxinpred3/train_pos.csv
train_pos_3324,1,/mnt/nw/home/m.yu/repos/foundry/datasets/toxinpred3/train_pos.csv
train_pos_3325,1,/mnt/nw/home/m.yu/repos/foundry/datasets/toxinpred3/train_pos.csv
train_pos_3326,1,/mnt/nw/home/m.yu/repos/foundry/datasets/toxinpred3/train_pos.csv
train_pos_3327,1,/mnt/nw/home/m.yu/repos/foundry/datasets/toxinpred3/train_pos.csv
train_pos_3328,1,/mnt/nw/home/m.yu/repos/foundry/datasets/toxinpred3/train_pos.csv
train_pos_3329,1,/mnt/nw/home/m.yu/repos/foundry/datasets/toxinpred3/train_pos.csv
train_pos_3330,1,/mnt/nw/home/m.yu/repos/foundry/datasets/toxinpred3/train_pos.csv
train_pos_3331,1,/mnt/nw/home/m.yu/repos/foundry/datasets/toxinpred3/train_pos.csv
train_pos_3332,1,/mnt/nw/home/m.yu/repos/foundry/datasets/toxinpred3/train_pos.csv
train_pos_3333,1,/mnt/nw/home/m.yu/repos/foundry/datasets/toxinpred3/train_pos.csv
train_pos_3334,1,/mnt/nw/home/m.yu/repos/foundry/datasets/toxinpred3/train_pos.csv
train_pos_3335,1,/mnt/nw/home/m.yu/repos/foundry/datasets/toxinpred3/train_pos.csv
train_pos_3336,1,/mnt/nw/home/m.yu/repos/foundry/datasets/toxinpred3/train_pos.csv
train_pos_3337,1,/mnt/nw/home/m.yu/repos/foundry/datasets/toxinpred3/train_pos.csv
train_pos_3338,1,/mnt/nw/home/m.yu/repos/foundry/datasets/toxinpred3/train_pos.csv
train_pos_3339,1,/mnt/nw/home/m.yu/repos/foundry/datasets/toxinpred3/train_pos.csv
train_pos_3340,1,/mnt/nw/home/m.yu/repos/foundry/datasets/toxinpred3/train_pos.csv
train_pos_3341,1,/mnt/nw/home/m.yu/repos/foundry/datasets/toxinpred3/train_pos.csv
train_pos_3342,1,/mnt/nw/home/m.yu/repos/foundry/datasets/toxinpred3/train_pos.csv
train_pos_3343,1,/mnt/nw/home/m.yu/repos/foundry/datasets/toxinpred3/train_pos.csv
train_pos_3344,1,/mnt/nw/home/m.yu/repos/foundry/datasets/toxinpred3/train_pos.csv
train_pos_3345,1,/mnt/nw/home/m.yu/repos/foundry/datasets/toxinpred3/train_pos.csv
train_pos_3346,1,/mnt/nw/home/m.yu/repos/foundry/datasets/toxinpred3/train_pos.csv
train_pos_3347,1,/mnt/nw/home/m.yu/repos/foundry/datasets/toxinpred3/train_pos.csv
train_pos_3348,1,/mnt/nw/home/m.yu/repos/foundry/datasets/toxinpred3/train_pos.csv
train_pos_3349,1,/mnt/nw/home/m.yu/repos/foundry/datasets/toxinpred3/train_pos.csv
train_pos_3350,1,/mnt/nw/home/m.yu/repos/foundry/datasets/toxinpred3/train_pos.csv
train_pos_3351,1,/mnt/nw/home/m.yu/repos/foundry/datasets/toxinpred3/train_pos.csv
train_pos_3352,1,/mnt/nw/home/m.yu/repos/foundry/datasets/toxinpred3/train_pos.csv
train_pos_3353,1,/mnt/nw/home/m.yu/repos/foundry/datasets/toxinpred3/train_pos.csv
train_pos_3354,1,/mnt/nw/home/m.yu/repos/foundry/datasets/toxinpred3/train_pos.csv
train_pos_3355,1,/mnt/nw/home/m.yu/repos/foundry/datasets/toxinpred3/train_pos.csv
train_pos_3356,1,/mnt/nw/home/m.yu/repos/foundry/datasets/toxinpred3/train_pos.csv
train_pos_3357,1,/mnt/nw/home/m.yu/repos/foundry/datasets/toxinpred3/train_pos.csv
train_pos_3358,1,/mnt/nw/home/m.yu/repos/foundry/datasets/toxinpred3/train_pos.csv
train_pos_3359,1,/mnt/nw/home/m.yu/repos/foundry/datasets/toxinpred3/train_pos.csv
train_pos_3360,1,/mnt/nw/home/m.yu/repos/foundry/datasets/toxinpred3/train_pos.csv
train_pos_3361,1,/mnt/nw/home/m.yu/repos/foundry/datasets/toxinpred3/train_pos.csv
train_pos_3362,1,/mnt/nw/home/m.yu/repos/foundry/datasets/toxinpred3/train_pos.csv
train_pos_3363,1,/mnt/nw/home/m.yu/repos/foundry/datasets/toxinpred3/train_pos.csv
train_pos_3364,1,/mnt/nw/home/m.yu/repos/foundry/datasets/toxinpred3/train_pos.csv
train_pos_3365,1,/mnt/nw/home/m.yu/repos/foundry/datasets/toxinpred3/train_pos.csv
train_pos_3366,1,/mnt/nw/home/m.yu/repos/foundry/datasets/toxinpred3/train_pos.csv
train_pos_3367,1,/mnt/nw/home/m.yu/repos/foundry/datasets/toxinpred3/train_pos.csv
train_pos_3368,1,/mnt/nw/home/m.yu/repos/foundry/datasets/toxinpred3/train_pos.csv
train_pos_3369,1,/mnt/nw/home/m.yu/repos/foundry/datasets/toxinpred3/train_pos.csv
train_pos_3370,1,/mnt/nw/home/m.yu/repos/foundry/datasets/toxinpred3/train_pos.csv
train_pos_3371,1,/mnt/nw/home/m.yu/repos/foundry/datasets/toxinpred3/train_pos.csv
train_pos_3372,1,/mnt/nw/home/m.yu/repos/foundry/datasets/toxinpred3/train_pos.csv
train_pos_3373,1,/mnt/nw/home/m.yu/repos/foundry/datasets/toxinpred3/train_pos.csv
train_pos_3374,1,/mnt/nw/home/m.yu/repos/foundry/datasets/toxinpred3/train_pos.csv
train_pos_3375,1,/mnt/nw/home/m.yu/repos/foundry/datasets/toxinpred3/train_pos.csv
train_pos_3376,1,/mnt/nw/home/m.yu/repos/foundry/datasets/toxinpred3/train_pos.csv
train_pos_3377,1,/mnt/nw/home/m.yu/repos/foundry/datasets/toxinpred3/train_pos.csv
train_pos_3378,1,/mnt/nw/home/m.yu/repos/foundry/datasets/toxinpred3/train_pos.csv
train_pos_3379,1,/mnt/nw/home/m.yu/repos/foundry/datasets/toxinpred3/train_pos.csv
train_pos_3380,1,/mnt/nw/home/m.yu/repos/foundry/datasets/toxinpred3/train_pos.csv
train_pos_3381,1,/mnt/nw/home/m.yu/repos/foundry/datasets/toxinpred3/train_pos.csv
train_pos_3382,1,/mnt/nw/home/m.yu/repos/foundry/datasets/toxinpred3/train_pos.csv
train_pos_3383,1,/mnt/nw/home/m.yu/repos/foundry/datasets/toxinpred3/train_pos.csv
train_pos_3384,1,/mnt/nw/home/m.yu/repos/foundry/datasets/toxinpred3/train_pos.csv
train_pos_3385,1,/mnt/nw/home/m.yu/repos/foundry/datasets/toxinpred3/train_pos.csv
train_pos_3386,1,/mnt/nw/home/m.yu/repos/foundry/datasets/toxinpred3/train_pos.csv
train_pos_3387,1,/mnt/nw/home/m.yu/repos/foundry/datasets/toxinpred3/train_pos.csv
train_pos_3388,1,/mnt/nw/home/m.yu/repos/foundry/datasets/toxinpred3/train_pos.csv
train_pos_3389,1,/mnt/nw/home/m.yu/repos/foundry/datasets/toxinpred3/train_pos.csv
train_pos_3390,1,/mnt/nw/home/m.yu/repos/foundry/datasets/toxinpred3/train_pos.csv
train_pos_3391,1,/mnt/nw/home/m.yu/repos/foundry/datasets/toxinpred3/train_pos.csv
train_pos_3392,1,/mnt/nw/home/m.yu/repos/foundry/datasets/toxinpred3/train_pos.csv
train_pos_3393,1,/mnt/nw/home/m.yu/repos/foundry/datasets/toxinpred3/train_pos.csv
train_pos_3394,1,/mnt/nw/home/m.yu/repos/foundry/datasets/toxinpred3/train_pos.csv
train_pos_3395,1,/mnt/nw/home/m.yu/repos/foundry/datasets/toxinpred3/train_pos.csv
train_pos_3396,1,/mnt/nw/home/m.yu/repos/foundry/datasets/toxinpred3/train_pos.csv
train_pos_3397,1,/mnt/nw/home/m.yu/repos/foundry/datasets/toxinpred3/train_pos.csv
train_pos_3398,1,/mnt/nw/home/m.yu/repos/foundry/datasets/toxinpred3/train_pos.csv
train_pos_3399,1,/mnt/nw/home/m.yu/repos/foundry/datasets/toxinpred3/train_pos.csv
train_pos_3400,1,/mnt/nw/home/m.yu/repos/foundry/datasets/toxinpred3/train_pos.csv
train_pos_3401,1,/mnt/nw/home/m.yu/repos/foundry/datasets/toxinpred3/train_pos.csv
train_pos_3402,1,/mnt/nw/home/m.yu/repos/foundry/datasets/toxinpred3/train_pos.csv
train_pos_3403,1,/mnt/nw/home/m.yu/repos/foundry/datasets/toxinpred3/train_pos.csv
train_pos_3404,1,/mnt/nw/home/m.yu/repos/foundry/datasets/toxinpred3/train_pos.csv
train_pos_3405,1,/mnt/nw/home/m.yu/repos/foundry/datasets/toxinpred3/train_pos.csv
train_pos_3406,1,/mnt/nw/home/m.yu/repos/foundry/datasets/toxinpred3/train_pos.csv
train_pos_3407,1,/mnt/nw/home/m.yu/repos/foundry/datasets/toxinpred3/train_pos.csv
train_pos_3408,1,/mnt/nw/home/m.yu/repos/foundry/datasets/toxinpred3/train_pos.csv
train_pos_3409,1,/mnt/nw/home/m.yu/repos/foundry/datasets/toxinpred3/train_pos.csv
train_pos_3410,1,/mnt/nw/home/m.yu/repos/foundry/datasets/toxinpred3/train_pos.csv
train_pos_3411,1,/mnt/nw/home/m.yu/repos/foundry/datasets/toxinpred3/train_pos.csv
train_pos_3412,1,/mnt/nw/home/m.yu/repos/foundry/datasets/toxinpred3/train_pos.csv
train_pos_3413,1,/mnt/nw/home/m.yu/repos/foundry/datasets/toxinpred3/train_pos.csv
train_pos_3414,1,/mnt/nw/home/m.yu/repos/foundry/datasets/toxinpred3/train_pos.csv
train_pos_3415,1,/mnt/nw/home/m.yu/repos/foundry/datasets/toxinpred3/train_pos.csv
train_pos_3416,1,/mnt/nw/home/m.yu/repos/foundry/datasets/toxinpred3/train_pos.csv
train_pos_3417,1,/mnt/nw/home/m.yu/repos/foundry/datasets/toxinpred3/train_pos.csv
train_pos_3418,1,/mnt/nw/home/m.yu/repos/foundry/datasets/toxinpred3/train_pos.csv
train_pos_3419,1,/mnt/nw/home/m.yu/repos/foundry/datasets/toxinpred3/train_pos.csv
train_pos_3420,1,/mnt/nw/home/m.yu/repos/foundry/datasets/toxinpred3/train_pos.csv
train_pos_3421,1,/mnt/nw/home/m.yu/repos/foundry/datasets/toxinpred3/train_pos.csv
train_pos_3422,1,/mnt/nw/home/m.yu/repos/foundry/datasets/toxinpred3/train_pos.csv
train_pos_3423,1,/mnt/nw/home/m.yu/repos/foundry/datasets/toxinpred3/train_pos.csv
train_pos_3424,1,/mnt/nw/home/m.yu/repos/foundry/datasets/toxinpred3/train_pos.csv
train_pos_3425,1,/mnt/nw/home/m.yu/repos/foundry/datasets/toxinpred3/train_pos.csv
train_pos_3426,1,/mnt/nw/home/m.yu/repos/foundry/datasets/toxinpred3/train_pos.csv
train_pos_3427,1,/mnt/nw/home/m.yu/repos/foundry/datasets/toxinpred3/train_pos.csv
train_pos_3428,1,/mnt/nw/home/m.yu/repos/foundry/datasets/toxinpred3/train_pos.csv
train_pos_3429,1,/mnt/nw/home/m.yu/repos/foundry/datasets/toxinpred3/train_pos.csv
train_pos_3430,1,/mnt/nw/home/m.yu/repos/foundry/datasets/toxinpred3/train_pos.csv
train_pos_3431,1,/mnt/nw/home/m.yu/repos/foundry/datasets/toxinpred3/train_pos.csv
train_pos_3432,1,/mnt/nw/home/m.yu/repos/foundry/datasets/toxinpred3/train_pos.csv
train_pos_3433,1,/mnt/nw/home/m.yu/repos/foundry/datasets/toxinpred3/train_pos.csv
train_pos_3434,1,/mnt/nw/home/m.yu/repos/foundry/datasets/toxinpred3/train_pos.csv
train_pos_3435,1,/mnt/nw/home/m.yu/repos/foundry/datasets/toxinpred3/train_pos.csv
train_pos_3436,1,/mnt/nw/home/m.yu/repos/foundry/datasets/toxinpred3/train_pos.csv
train_pos_3437,1,/mnt/nw/home/m.yu/repos/foundry/datasets/toxinpred3/train_pos.csv
train_pos_3438,1,/mnt/nw/home/m.yu/repos/foundry/datasets/toxinpred3/train_pos.csv
train_pos_3439,1,/mnt/nw/home/m.yu/repos/foundry/datasets/toxinpred3/train_pos.csv
train_pos_3440,1,/mnt/nw/home/m.yu/repos/foundry/datasets/toxinpred3/train_pos.csv
train_pos_3441,1,/mnt/nw/home/m.yu/repos/foundry/datasets/toxinpred3/train_pos.csv
train_pos_3442,1,/mnt/nw/home/m.yu/repos/foundry/datasets/toxinpred3/train_pos.csv
train_pos_3443,1,/mnt/nw/home/m.yu/repos/foundry/datasets/toxinpred3/train_pos.csv
train_pos_3444,1,/mnt/nw/home/m.yu/repos/foundry/datasets/toxinpred3/train_pos.csv
train_pos_3445,1,/mnt/nw/home/m.yu/repos/foundry/datasets/toxinpred3/train_pos.csv
train_pos_3446,1,/mnt/nw/home/m.yu/repos/foundry/datasets/toxinpred3/train_pos.csv
train_pos_3447,1,/mnt/nw/home/m.yu/repos/foundry/datasets/toxinpred3/train_pos.csv
train_pos_3448,1,/mnt/nw/home/m.yu/repos/foundry/datasets/toxinpred3/train_pos.csv
train_pos_3449,1,/mnt/nw/home/m.yu/repos/foundry/datasets/toxinpred3/train_pos.csv
train_pos_3450,1,/mnt/nw/home/m.yu/repos/foundry/datasets/toxinpred3/train_pos.csv
train_pos_3451,1,/mnt/nw/home/m.yu/repos/foundry/datasets/toxinpred3/train_pos.csv
train_pos_3452,1,/mnt/nw/home/m.yu/repos/foundry/datasets/toxinpred3/train_pos.csv
train_pos_3453,1,/mnt/nw/home/m.yu/repos/foundry/datasets/toxinpred3/train_pos.csv
train_pos_3454,1,/mnt/nw/home/m.yu/repos/foundry/datasets/toxinpred3/train_pos.csv
train_pos_3455,1,/mnt/nw/home/m.yu/repos/foundry/datasets/toxinpred3/train_pos.csv
train_pos_3456,1,/mnt/nw/home/m.yu/repos/foundry/datasets/toxinpred3/train_pos.csv
train_pos_3457,1,/mnt/nw/home/m.yu/repos/foundry/datasets/toxinpred3/train_pos.csv
train_pos_3458,1,/mnt/nw/home/m.yu/repos/foundry/datasets/toxinpred3/train_pos.csv
train_pos_3459,1,/mnt/nw/home/m.yu/repos/foundry/datasets/toxinpred3/train_pos.csv
train_pos_3460,1,/mnt/nw/home/m.yu/repos/foundry/datasets/toxinpred3/train_pos.csv
train_pos_3461,1,/mnt/nw/home/m.yu/repos/foundry/datasets/toxinpred3/train_pos.csv
train_pos_3462,1,/mnt/nw/home/m.yu/repos/foundry/datasets/toxinpred3/train_pos.csv
train_pos_3463,1,/mnt/nw/home/m.yu/repos/foundry/datasets/toxinpred3/train_pos.csv
train_pos_3464,1,/mnt/nw/home/m.yu/repos/foundry/datasets/toxinpred3/train_pos.csv
train_pos_3465,1,/mnt/nw/home/m.yu/repos/foundry/datasets/toxinpred3/train_pos.csv
train_pos_3466,1,/mnt/nw/home/m.yu/repos/foundry/datasets/toxinpred3/train_pos.csv
train_pos_3467,1,/mnt/nw/home/m.yu/repos/foundry/datasets/toxinpred3/train_pos.csv
train_pos_3468,1,/mnt/nw/home/m.yu/repos/foundry/datasets/toxinpred3/train_pos.csv
train_pos_3469,1,/mnt/nw/home/m.yu/repos/foundry/datasets/toxinpred3/train_pos.csv
train_pos_3470,1,/mnt/nw/home/m.yu/repos/foundry/datasets/toxinpred3/train_pos.csv
train_pos_3471,1,/mnt/nw/home/m.yu/repos/foundry/datasets/toxinpred3/train_pos.csv
train_pos_3472,1,/mnt/nw/home/m.yu/repos/foundry/datasets/toxinpred3/train_pos.csv
train_pos_3473,1,/mnt/nw/home/m.yu/repos/foundry/datasets/toxinpred3/train_pos.csv
train_pos_3474,1,/mnt/nw/home/m.yu/repos/foundry/datasets/toxinpred3/train_pos.csv
train_pos_3475,1,/mnt/nw/home/m.yu/repos/foundry/datasets/toxinpred3/train_pos.csv
train_pos_3476,1,/mnt/nw/home/m.yu/repos/foundry/datasets/toxinpred3/train_pos.csv
train_pos_3477,1,/mnt/nw/home/m.yu/repos/foundry/datasets/toxinpred3/train_pos.csv
train_pos_3478,1,/mnt/nw/home/m.yu/repos/foundry/datasets/toxinpred3/train_pos.csv
train_pos_3479,1,/mnt/nw/home/m.yu/repos/foundry/datasets/toxinpred3/train_pos.csv
train_pos_3480,1,/mnt/nw/home/m.yu/repos/foundry/datasets/toxinpred3/train_pos.csv
train_pos_3481,1,/mnt/nw/home/m.yu/repos/foundry/datasets/toxinpred3/train_pos.csv
train_pos_3482,1,/mnt/nw/home/m.yu/repos/foundry/datasets/toxinpred3/train_pos.csv
train_pos_3483,1,/mnt/nw/home/m.yu/repos/foundry/datasets/toxinpred3/train_pos.csv
train_pos_3484,1,/mnt/nw/home/m.yu/repos/foundry/datasets/toxinpred3/train_pos.csv
train_pos_3485,1,/mnt/nw/home/m.yu/repos/foundry/datasets/toxinpred3/train_pos.csv
train_pos_3486,1,/mnt/nw/home/m.yu/repos/foundry/datasets/toxinpred3/train_pos.csv
train_pos_3487,1,/mnt/nw/home/m.yu/repos/foundry/datasets/toxinpred3/train_pos.csv
train_pos_3488,1,/mnt/nw/home/m.yu/repos/foundry/datasets/toxinpred3/train_pos.csv
train_pos_3489,1,/mnt/nw/home/m.yu/repos/foundry/datasets/toxinpred3/train_pos.csv
train_pos_3490,1,/mnt/nw/home/m.yu/repos/foundry/datasets/toxinpred3/train_pos.csv
train_pos_3491,1,/mnt/nw/home/m.yu/repos/foundry/datasets/toxinpred3/train_pos.csv
train_pos_3492,1,/mnt/nw/home/m.yu/repos/foundry/datasets/toxinpred3/train_pos.csv
train_pos_3493,1,/mnt/nw/home/m.yu/repos/foundry/datasets/toxinpred3/train_pos.csv
train_pos_3494,1,/mnt/nw/home/m.yu/repos/foundry/datasets/toxinpred3/train_pos.csv
train_pos_3495,1,/mnt/nw/home/m.yu/repos/foundry/datasets/toxinpred3/train_pos.csv
train_pos_3496,1,/mnt/nw/home/m.yu/repos/foundry/datasets/toxinpred3/train_pos.csv
train_pos_3497,1,/mnt/nw/home/m.yu/repos/foundry/datasets/toxinpred3/train_pos.csv
train_pos_3498,1,/mnt/nw/home/m.yu/repos/foundry/datasets/toxinpred3/train_pos.csv
train_pos_3499,1,/mnt/nw/home/m.yu/repos/foundry/datasets/toxinpred3/train_pos.csv
train_pos_3500,1,/mnt/nw/home/m.yu/repos/foundry/datasets/toxinpred3/train_pos.csv
train_pos_3501,1,/mnt/nw/home/m.yu/repos/foundry/datasets/toxinpred3/train_pos.csv
train_pos_3502,1,/mnt/nw/home/m.yu/repos/foundry/datasets/toxinpred3/train_pos.csv
train_pos_3503,1,/mnt/nw/home/m.yu/repos/foundry/datasets/toxinpred3/train_pos.csv
train_pos_3504,1,/mnt/nw/home/m.yu/repos/foundry/datasets/toxinpred3/train_pos.csv
train_pos_3505,1,/mnt/nw/home/m.yu/repos/foundry/datasets/toxinpred3/train_pos.csv
train_pos_3506,1,/mnt/nw/home/m.yu/repos/foundry/datasets/toxinpred3/train_pos.csv
train_pos_3507,1,/mnt/nw/home/m.yu/repos/foundry/datasets/toxinpred3/train_pos.csv
train_pos_3508,1,/mnt/nw/home/m.yu/repos/foundry/datasets/toxinpred3/train_pos.csv
train_pos_3509,1,/mnt/nw/home/m.yu/repos/foundry/datasets/toxinpred3/train_pos.csv
train_pos_3510,1,/mnt/nw/home/m.yu/repos/foundry/datasets/toxinpred3/train_pos.csv
train_pos_3511,1,/mnt/nw/home/m.yu/repos/foundry/datasets/toxinpred3/train_pos.csv
train_pos_3512,1,/mnt/nw/home/m.yu/repos/foundry/datasets/toxinpred3/train_pos.csv
train_pos_3513,1,/mnt/nw/home/m.yu/repos/foundry/datasets/toxinpred3/train_pos.csv
train_pos_3514,1,/mnt/nw/home/m.yu/repos/foundry/datasets/toxinpred3/train_pos.csv
train_pos_3515,1,/mnt/nw/home/m.yu/repos/foundry/datasets/toxinpred3/train_pos.csv
train_pos_3516,1,/mnt/nw/home/m.yu/repos/foundry/datasets/toxinpred3/train_pos.csv
train_pos_3517,1,/mnt/nw/home/m.yu/repos/foundry/datasets/toxinpred3/train_pos.csv
train_pos_3518,1,/mnt/nw/home/m.yu/repos/foundry/datasets/toxinpred3/train_pos.csv
train_pos_3519,1,/mnt/nw/home/m.yu/repos/foundry/datasets/toxinpred3/train_pos.csv
train_pos_3520,1,/mnt/nw/home/m.yu/repos/foundry/datasets/toxinpred3/train_pos.csv
train_pos_3521,1,/mnt/nw/home/m.yu/repos/foundry/datasets/toxinpred3/train_pos.csv
train_pos_3522,1,/mnt/nw/home/m.yu/repos/foundry/datasets/toxinpred3/train_pos.csv
train_pos_3523,1,/mnt/nw/home/m.yu/repos/foundry/datasets/toxinpred3/train_pos.csv
train_pos_3524,1,/mnt/nw/home/m.yu/repos/foundry/datasets/toxinpred3/train_pos.csv
train_pos_3525,1,/mnt/nw/home/m.yu/repos/foundry/datasets/toxinpred3/train_pos.csv
train_pos_3526,1,/mnt/nw/home/m.yu/repos/foundry/datasets/toxinpred3/train_pos.csv
train_pos_3527,1,/mnt/nw/home/m.yu/repos/foundry/datasets/toxinpred3/train_pos.csv
train_pos_3528,1,/mnt/nw/home/m.yu/repos/foundry/datasets/toxinpred3/train_pos.csv
train_pos_3529,1,/mnt/nw/home/m.yu/repos/foundry/datasets/toxinpred3/train_pos.csv
train_pos_3530,1,/mnt/nw/home/m.yu/repos/foundry/datasets/toxinpred3/train_pos.csv
train_pos_3531,1,/mnt/nw/home/m.yu/repos/foundry/datasets/toxinpred3/train_pos.csv
train_pos_3532,1,/mnt/nw/home/m.yu/repos/foundry/datasets/toxinpred3/train_pos.csv
train_pos_3533,1,/mnt/nw/home/m.yu/repos/foundry/datasets/toxinpred3/train_pos.csv
train_pos_3534,1,/mnt/nw/home/m.yu/repos/foundry/datasets/toxinpred3/train_pos.csv
train_pos_3535,1,/mnt/nw/home/m.yu/repos/foundry/datasets/toxinpred3/train_pos.csv
train_pos_3536,1,/mnt/nw/home/m.yu/repos/foundry/datasets/toxinpred3/train_pos.csv
train_pos_3537,1,/mnt/nw/home/m.yu/repos/foundry/datasets/toxinpred3/train_pos.csv
train_pos_3538,1,/mnt/nw/home/m.yu/repos/foundry/datasets/toxinpred3/train_pos.csv
train_pos_3539,1,/mnt/nw/home/m.yu/repos/foundry/datasets/toxinpred3/train_pos.csv
train_pos_3540,1,/mnt/nw/home/m.yu/repos/foundry/datasets/toxinpred3/train_pos.csv
train_pos_3541,1,/mnt/nw/home/m.yu/repos/foundry/datasets/toxinpred3/train_pos.csv
train_pos_3542,1,/mnt/nw/home/m.yu/repos/foundry/datasets/toxinpred3/train_pos.csv
train_pos_3543,1,/mnt/nw/home/m.yu/repos/foundry/datasets/toxinpred3/train_pos.csv
train_pos_3544,1,/mnt/nw/home/m.yu/repos/foundry/datasets/toxinpred3/train_pos.csv
train_pos_3545,1,/mnt/nw/home/m.yu/repos/foundry/datasets/toxinpred3/train_pos.csv
train_pos_3546,1,/mnt/nw/home/m.yu/repos/foundry/datasets/toxinpred3/train_pos.csv
train_pos_3547,1,/mnt/nw/home/m.yu/repos/foundry/datasets/toxinpred3/train_pos.csv
train_pos_3548,1,/mnt/nw/home/m.yu/repos/foundry/datasets/toxinpred3/train_pos.csv
train_pos_3549,1,/mnt/nw/home/m.yu/repos/foundry/datasets/toxinpred3/train_pos.csv
train_pos_3550,1,/mnt/nw/home/m.yu/repos/foundry/datasets/toxinpred3/train_pos.csv
train_pos_3551,1,/mnt/nw/home/m.yu/repos/foundry/datasets/toxinpred3/train_pos.csv
train_pos_3552,1,/mnt/nw/home/m.yu/repos/foundry/datasets/toxinpred3/train_pos.csv
train_pos_3553,1,/mnt/nw/home/m.yu/repos/foundry/datasets/toxinpred3/train_pos.csv
train_pos_3554,1,/mnt/nw/home/m.yu/repos/foundry/datasets/toxinpred3/train_pos.csv
train_pos_3555,1,/mnt/nw/home/m.yu/repos/foundry/datasets/toxinpred3/train_pos.csv
train_pos_3556,1,/mnt/nw/home/m.yu/repos/foundry/datasets/toxinpred3/train_pos.csv
train_pos_3557,1,/mnt/nw/home/m.yu/repos/foundry/datasets/toxinpred3/train_pos.csv
train_pos_3558,1,/mnt/nw/home/m.yu/repos/foundry/datasets/toxinpred3/train_pos.csv
train_pos_3559,1,/mnt/nw/home/m.yu/repos/foundry/datasets/toxinpred3/train_pos.csv
train_pos_3560,1,/mnt/nw/home/m.yu/repos/foundry/datasets/toxinpred3/train_pos.csv
train_pos_3561,1,/mnt/nw/home/m.yu/repos/foundry/datasets/toxinpred3/train_pos.csv
train_pos_3562,1,/mnt/nw/home/m.yu/repos/foundry/datasets/toxinpred3/train_pos.csv
train_pos_3563,1,/mnt/nw/home/m.yu/repos/foundry/datasets/toxinpred3/train_pos.csv
train_pos_3564,1,/mnt/nw/home/m.yu/repos/foundry/datasets/toxinpred3/train_pos.csv
train_pos_3565,1,/mnt/nw/home/m.yu/repos/foundry/datasets/toxinpred3/train_pos.csv
train_pos_3566,1,/mnt/nw/home/m.yu/repos/foundry/datasets/toxinpred3/train_pos.csv
train_pos_3567,1,/mnt/nw/home/m.yu/repos/foundry/datasets/toxinpred3/train_pos.csv
train_pos_3568,1,/mnt/nw/home/m.yu/repos/foundry/datasets/toxinpred3/train_pos.csv
train_pos_3569,1,/mnt/nw/home/m.yu/repos/foundry/datasets/toxinpred3/train_pos.csv
train_pos_3570,1,/mnt/nw/home/m.yu/repos/foundry/datasets/toxinpred3/train_pos.csv
train_pos_3571,1,/mnt/nw/home/m.yu/repos/foundry/datasets/toxinpred3/train_pos.csv
train_pos_3572,1,/mnt/nw/home/m.yu/repos/foundry/datasets/toxinpred3/train_pos.csv
train_pos_3573,1,/mnt/nw/home/m.yu/repos/foundry/datasets/toxinpred3/train_pos.csv
train_pos_3574,1,/mnt/nw/home/m.yu/repos/foundry/datasets/toxinpred3/train_pos.csv
train_pos_3575,1,/mnt/nw/home/m.yu/repos/foundry/datasets/toxinpred3/train_pos.csv
train_pos_3576,1,/mnt/nw/home/m.yu/repos/foundry/datasets/toxinpred3/train_pos.csv
train_pos_3577,1,/mnt/nw/home/m.yu/repos/foundry/datasets/toxinpred3/train_pos.csv
train_pos_3578,1,/mnt/nw/home/m.yu/repos/foundry/datasets/toxinpred3/train_pos.csv
train_pos_3579,1,/mnt/nw/home/m.yu/repos/foundry/datasets/toxinpred3/train_pos.csv
train_pos_3580,1,/mnt/nw/home/m.yu/repos/foundry/datasets/toxinpred3/train_pos.csv
train_pos_3581,1,/mnt/nw/home/m.yu/repos/foundry/datasets/toxinpred3/train_pos.csv
train_pos_3582,1,/mnt/nw/home/m.yu/repos/foundry/datasets/toxinpred3/train_pos.csv
train_pos_3583,1,/mnt/nw/home/m.yu/repos/foundry/datasets/toxinpred3/train_pos.csv
train_pos_3584,1,/mnt/nw/home/m.yu/repos/foundry/datasets/toxinpred3/train_pos.csv
train_pos_3585,1,/mnt/nw/home/m.yu/repos/foundry/datasets/toxinpred3/train_pos.csv
train_pos_3586,1,/mnt/nw/home/m.yu/repos/foundry/datasets/toxinpred3/train_pos.csv
train_pos_3587,1,/mnt/nw/home/m.yu/repos/foundry/datasets/toxinpred3/train_pos.csv
train_pos_3588,1,/mnt/nw/home/m.yu/repos/foundry/datasets/toxinpred3/train_pos.csv
train_pos_3589,1,/mnt/nw/home/m.yu/repos/foundry/datasets/toxinpred3/train_pos.csv
train_pos_3590,1,/mnt/nw/home/m.yu/repos/foundry/datasets/toxinpred3/train_pos.csv
train_pos_3591,1,/mnt/nw/home/m.yu/repos/foundry/datasets/toxinpred3/train_pos.csv
train_pos_3592,1,/mnt/nw/home/m.yu/repos/foundry/datasets/toxinpred3/train_pos.csv
train_pos_3593,1,/mnt/nw/home/m.yu/repos/foundry/datasets/toxinpred3/train_pos.csv
train_pos_3594,1,/mnt/nw/home/m.yu/repos/foundry/datasets/toxinpred3/train_pos.csv
train_pos_3595,1,/mnt/nw/home/m.yu/repos/foundry/datasets/toxinpred3/train_pos.csv
train_pos_3596,1,/mnt/nw/home/m.yu/repos/foundry/datasets/toxinpred3/train_pos.csv
train_pos_3597,1,/mnt/nw/home/m.yu/repos/foundry/datasets/toxinpred3/train_pos.csv
train_pos_3598,1,/mnt/nw/home/m.yu/repos/foundry/datasets/toxinpred3/train_pos.csv
train_pos_3599,1,/mnt/nw/home/m.yu/repos/foundry/datasets/toxinpred3/train_pos.csv
train_pos_3600,1,/mnt/nw/home/m.yu/repos/foundry/datasets/toxinpred3/train_pos.csv
train_pos_3601,1,/mnt/nw/home/m.yu/repos/foundry/datasets/toxinpred3/train_pos.csv
train_pos_3602,1,/mnt/nw/home/m.yu/repos/foundry/datasets/toxinpred3/train_pos.csv
train_pos_3603,1,/mnt/nw/home/m.yu/repos/foundry/datasets/toxinpred3/train_pos.csv
train_pos_3604,1,/mnt/nw/home/m.yu/repos/foundry/datasets/toxinpred3/train_pos.csv
train_pos_3605,1,/mnt/nw/home/m.yu/repos/foundry/datasets/toxinpred3/train_pos.csv
train_pos_3606,1,/mnt/nw/home/m.yu/repos/foundry/datasets/toxinpred3/train_pos.csv
train_pos_3607,1,/mnt/nw/home/m.yu/repos/foundry/datasets/toxinpred3/train_pos.csv
train_pos_3608,1,/mnt/nw/home/m.yu/repos/foundry/datasets/toxinpred3/train_pos.csv
train_pos_3609,1,/mnt/nw/home/m.yu/repos/foundry/datasets/toxinpred3/train_pos.csv
train_pos_3610,1,/mnt/nw/home/m.yu/repos/foundry/datasets/toxinpred3/train_pos.csv
train_pos_3611,1,/mnt/nw/home/m.yu/repos/foundry/datasets/toxinpred3/train_pos.csv
train_pos_3612,1,/mnt/nw/home/m.yu/repos/foundry/datasets/toxinpred3/train_pos.csv
train_pos_3613,1,/mnt/nw/home/m.yu/repos/foundry/datasets/toxinpred3/train_pos.csv
train_pos_3614,1,/mnt/nw/home/m.yu/repos/foundry/datasets/toxinpred3/train_pos.csv
train_pos_3615,1,/mnt/nw/home/m.yu/repos/foundry/datasets/toxinpred3/train_pos.csv
train_pos_3616,1,/mnt/nw/home/m.yu/repos/foundry/datasets/toxinpred3/train_pos.csv
train_pos_3617,1,/mnt/nw/home/m.yu/repos/foundry/datasets/toxinpred3/train_pos.csv
train_pos_3618,1,/mnt/nw/home/m.yu/repos/foundry/datasets/toxinpred3/train_pos.csv
train_pos_3619,1,/mnt/nw/home/m.yu/repos/foundry/datasets/toxinpred3/train_pos.csv
train_pos_3620,1,/mnt/nw/home/m.yu/repos/foundry/datasets/toxinpred3/train_pos.csv
train_pos_3621,1,/mnt/nw/home/m.yu/repos/foundry/datasets/toxinpred3/train_pos.csv
train_pos_3622,1,/mnt/nw/home/m.yu/repos/foundry/datasets/toxinpred3/train_pos.csv
train_pos_3623,1,/mnt/nw/home/m.yu/repos/foundry/datasets/toxinpred3/train_pos.csv
train_pos_3624,1,/mnt/nw/home/m.yu/repos/foundry/datasets/toxinpred3/train_pos.csv
train_pos_3625,1,/mnt/nw/home/m.yu/repos/foundry/datasets/toxinpred3/train_pos.csv
train_pos_3626,1,/mnt/nw/home/m.yu/repos/foundry/datasets/toxinpred3/train_pos.csv
train_pos_3627,1,/mnt/nw/home/m.yu/repos/foundry/datasets/toxinpred3/train_pos.csv
train_pos_3628,1,/mnt/nw/home/m.yu/repos/foundry/datasets/toxinpred3/train_pos.csv
train_pos_3629,1,/mnt/nw/home/m.yu/repos/foundry/datasets/toxinpred3/train_pos.csv
train_pos_3630,1,/mnt/nw/home/m.yu/repos/foundry/datasets/toxinpred3/train_pos.csv
train_pos_3631,1,/mnt/nw/home/m.yu/repos/foundry/datasets/toxinpred3/train_pos.csv
train_pos_3632,1,/mnt/nw/home/m.yu/repos/foundry/datasets/toxinpred3/train_pos.csv
train_pos_3633,1,/mnt/nw/home/m.yu/repos/foundry/datasets/toxinpred3/train_pos.csv
train_pos_3634,1,/mnt/nw/home/m.yu/repos/foundry/datasets/toxinpred3/train_pos.csv
train_pos_3635,1,/mnt/nw/home/m.yu/repos/foundry/datasets/toxinpred3/train_pos.csv
train_pos_3636,1,/mnt/nw/home/m.yu/repos/foundry/datasets/toxinpred3/train_pos.csv
train_pos_3637,1,/mnt/nw/home/m.yu/repos/foundry/datasets/toxinpred3/train_pos.csv
train_pos_3638,1,/mnt/nw/home/m.yu/repos/foundry/datasets/toxinpred3/train_pos.csv
train_pos_3639,1,/mnt/nw/home/m.yu/repos/foundry/datasets/toxinpred3/train_pos.csv
train_pos_3640,1,/mnt/nw/home/m.yu/repos/foundry/datasets/toxinpred3/train_pos.csv
train_pos_3641,1,/mnt/nw/home/m.yu/repos/foundry/datasets/toxinpred3/train_pos.csv
train_pos_3642,1,/mnt/nw/home/m.yu/repos/foundry/datasets/toxinpred3/train_pos.csv
train_pos_3643,1,/mnt/nw/home/m.yu/repos/foundry/datasets/toxinpred3/train_pos.csv
train_pos_3644,1,/mnt/nw/home/m.yu/repos/foundry/datasets/toxinpred3/train_pos.csv
train_pos_3645,1,/mnt/nw/home/m.yu/repos/foundry/datasets/toxinpred3/train_pos.csv
train_pos_3646,1,/mnt/nw/home/m.yu/repos/foundry/datasets/toxinpred3/train_pos.csv
train_pos_3647,1,/mnt/nw/home/m.yu/repos/foundry/datasets/toxinpred3/train_pos.csv
train_pos_3648,1,/mnt/nw/home/m.yu/repos/foundry/datasets/toxinpred3/train_pos.csv
train_pos_3649,1,/mnt/nw/home/m.yu/repos/foundry/datasets/toxinpred3/train_pos.csv
train_pos_3650,1,/mnt/nw/home/m.yu/repos/foundry/datasets/toxinpred3/train_pos.csv
train_pos_3651,1,/mnt/nw/home/m.yu/repos/foundry/datasets/toxinpred3/train_pos.csv
train_pos_3652,1,/mnt/nw/home/m.yu/repos/foundry/datasets/toxinpred3/train_pos.csv
train_pos_3653,1,/mnt/nw/home/m.yu/repos/foundry/datasets/toxinpred3/train_pos.csv
train_pos_3654,1,/mnt/nw/home/m.yu/repos/foundry/datasets/toxinpred3/train_pos.csv
train_pos_3655,1,/mnt/nw/home/m.yu/repos/foundry/datasets/toxinpred3/train_pos.csv
train_pos_3656,1,/mnt/nw/home/m.yu/repos/foundry/datasets/toxinpred3/train_pos.csv
train_pos_3657,1,/mnt/nw/home/m.yu/repos/foundry/datasets/toxinpred3/train_pos.csv
train_pos_3658,1,/mnt/nw/home/m.yu/repos/foundry/datasets/toxinpred3/train_pos.csv
train_pos_3659,1,/mnt/nw/home/m.yu/repos/foundry/datasets/toxinpred3/train_pos.csv
train_pos_3660,1,/mnt/nw/home/m.yu/repos/foundry/datasets/toxinpred3/train_pos.csv
train_pos_3661,1,/mnt/nw/home/m.yu/repos/foundry/datasets/toxinpred3/train_pos.csv
train_pos_3662,1,/mnt/nw/home/m.yu/repos/foundry/datasets/toxinpred3/train_pos.csv
train_pos_3663,1,/mnt/nw/home/m.yu/repos/foundry/datasets/toxinpred3/train_pos.csv
train_pos_3664,1,/mnt/nw/home/m.yu/repos/foundry/datasets/toxinpred3/train_pos.csv
train_pos_3665,1,/mnt/nw/home/m.yu/repos/foundry/datasets/toxinpred3/train_pos.csv
train_pos_3666,1,/mnt/nw/home/m.yu/repos/foundry/datasets/toxinpred3/train_pos.csv
train_pos_3667,1,/mnt/nw/home/m.yu/repos/foundry/datasets/toxinpred3/train_pos.csv
train_pos_3668,1,/mnt/nw/home/m.yu/repos/foundry/datasets/toxinpred3/train_pos.csv
train_pos_3669,1,/mnt/nw/home/m.yu/repos/foundry/datasets/toxinpred3/train_pos.csv
train_pos_3670,1,/mnt/nw/home/m.yu/repos/foundry/datasets/toxinpred3/train_pos.csv
train_pos_3671,1,/mnt/nw/home/m.yu/repos/foundry/datasets/toxinpred3/train_pos.csv
train_pos_3672,1,/mnt/nw/home/m.yu/repos/foundry/datasets/toxinpred3/train_pos.csv
train_pos_3673,1,/mnt/nw/home/m.yu/repos/foundry/datasets/toxinpred3/train_pos.csv
train_pos_3674,1,/mnt/nw/home/m.yu/repos/foundry/datasets/toxinpred3/train_pos.csv
train_pos_3675,1,/mnt/nw/home/m.yu/repos/foundry/datasets/toxinpred3/train_pos.csv
train_pos_3676,1,/mnt/nw/home/m.yu/repos/foundry/datasets/toxinpred3/train_pos.csv
train_pos_3677,1,/mnt/nw/home/m.yu/repos/foundry/datasets/toxinpred3/train_pos.csv
train_pos_3678,1,/mnt/nw/home/m.yu/repos/foundry/datasets/toxinpred3/train_pos.csv
train_pos_3679,1,/mnt/nw/home/m.yu/repos/foundry/datasets/toxinpred3/train_pos.csv
train_pos_3680,1,/mnt/nw/home/m.yu/repos/foundry/datasets/toxinpred3/train_pos.csv
train_pos_3681,1,/mnt/nw/home/m.yu/repos/foundry/datasets/toxinpred3/train_pos.csv
train_pos_3682,1,/mnt/nw/home/m.yu/repos/foundry/datasets/toxinpred3/train_pos.csv
train_pos_3683,1,/mnt/nw/home/m.yu/repos/foundry/datasets/toxinpred3/train_pos.csv
train_pos_3684,1,/mnt/nw/home/m.yu/repos/foundry/datasets/toxinpred3/train_pos.csv
train_pos_3685,1,/mnt/nw/home/m.yu/repos/foundry/datasets/toxinpred3/train_pos.csv
train_pos_3686,1,/mnt/nw/home/m.yu/repos/foundry/datasets/toxinpred3/train_pos.csv
train_pos_3687,1,/mnt/nw/home/m.yu/repos/foundry/datasets/toxinpred3/train_pos.csv
train_pos_3688,1,/mnt/nw/home/m.yu/repos/foundry/datasets/toxinpred3/train_pos.csv
train_pos_3689,1,/mnt/nw/home/m.yu/repos/foundry/datasets/toxinpred3/train_pos.csv
train_pos_3690,1,/mnt/nw/home/m.yu/repos/foundry/datasets/toxinpred3/train_pos.csv
train_pos_3691,1,/mnt/nw/home/m.yu/repos/foundry/datasets/toxinpred3/train_pos.csv
train_pos_3692,1,/mnt/nw/home/m.yu/repos/foundry/datasets/toxinpred3/train_pos.csv
train_pos_3693,1,/mnt/nw/home/m.yu/repos/foundry/datasets/toxinpred3/train_pos.csv
train_pos_3694,1,/mnt/nw/home/m.yu/repos/foundry/datasets/toxinpred3/train_pos.csv
train_pos_3695,1,/mnt/nw/home/m.yu/repos/foundry/datasets/toxinpred3/train_pos.csv
train_pos_3696,1,/mnt/nw/home/m.yu/repos/foundry/datasets/toxinpred3/train_pos.csv
train_pos_3697,1,/mnt/nw/home/m.yu/repos/foundry/datasets/toxinpred3/train_pos.csv
train_pos_3698,1,/mnt/nw/home/m.yu/repos/foundry/datasets/toxinpred3/train_pos.csv
train_pos_3699,1,/mnt/nw/home/m.yu/repos/foundry/datasets/toxinpred3/train_pos.csv
train_pos_3700,1,/mnt/nw/home/m.yu/repos/foundry/datasets/toxinpred3/train_pos.csv
train_pos_3701,1,/mnt/nw/home/m.yu/repos/foundry/datasets/toxinpred3/train_pos.csv
train_pos_3702,1,/mnt/nw/home/m.yu/repos/foundry/datasets/toxinpred3/train_pos.csv
train_pos_3703,1,/mnt/nw/home/m.yu/repos/foundry/datasets/toxinpred3/train_pos.csv
train_pos_3704,1,/mnt/nw/home/m.yu/repos/foundry/datasets/toxinpred3/train_pos.csv
train_pos_3705,1,/mnt/nw/home/m.yu/repos/foundry/datasets/toxinpred3/train_pos.csv
train_pos_3706,1,/mnt/nw/home/m.yu/repos/foundry/datasets/toxinpred3/train_pos.csv
train_pos_3707,1,/mnt/nw/home/m.yu/repos/foundry/datasets/toxinpred3/train_pos.csv
train_pos_3708,1,/mnt/nw/home/m.yu/repos/foundry/datasets/toxinpred3/train_pos.csv
train_pos_3709,1,/mnt/nw/home/m.yu/repos/foundry/datasets/toxinpred3/train_pos.csv
train_pos_3710,1,/mnt/nw/home/m.yu/repos/foundry/datasets/toxinpred3/train_pos.csv
train_pos_3711,1,/mnt/nw/home/m.yu/repos/foundry/datasets/toxinpred3/train_pos.csv
train_pos_3712,1,/mnt/nw/home/m.yu/repos/foundry/datasets/toxinpred3/train_pos.csv
train_pos_3713,1,/mnt/nw/home/m.yu/repos/foundry/datasets/toxinpred3/train_pos.csv
train_pos_3714,1,/mnt/nw/home/m.yu/repos/foundry/datasets/toxinpred3/train_pos.csv
train_pos_3715,1,/mnt/nw/home/m.yu/repos/foundry/datasets/toxinpred3/train_pos.csv
train_pos_3716,1,/mnt/nw/home/m.yu/repos/foundry/datasets/toxinpred3/train_pos.csv
train_pos_3717,1,/mnt/nw/home/m.yu/repos/foundry/datasets/toxinpred3/train_pos.csv
train_pos_3718,1,/mnt/nw/home/m.yu/repos/foundry/datasets/toxinpred3/train_pos.csv
train_pos_3719,1,/mnt/nw/home/m.yu/repos/foundry/datasets/toxinpred3/train_pos.csv
train_pos_3720,1,/mnt/nw/home/m.yu/repos/foundry/datasets/toxinpred3/train_pos.csv
train_pos_3721,1,/mnt/nw/home/m.yu/repos/foundry/datasets/toxinpred3/train_pos.csv
train_pos_3722,1,/mnt/nw/home/m.yu/repos/foundry/datasets/toxinpred3/train_pos.csv
train_pos_3723,1,/mnt/nw/home/m.yu/repos/foundry/datasets/toxinpred3/train_pos.csv
train_pos_3724,1,/mnt/nw/home/m.yu/repos/foundry/datasets/toxinpred3/train_pos.csv
train_pos_3725,1,/mnt/nw/home/m.yu/repos/foundry/datasets/toxinpred3/train_pos.csv
train_pos_3726,1,/mnt/nw/home/m.yu/repos/foundry/datasets/toxinpred3/train_pos.csv
train_pos_3727,1,/mnt/nw/home/m.yu/repos/foundry/datasets/toxinpred3/train_pos.csv
train_pos_3728,1,/mnt/nw/home/m.yu/repos/foundry/datasets/toxinpred3/train_pos.csv
train_pos_3729,1,/mnt/nw/home/m.yu/repos/foundry/datasets/toxinpred3/train_pos.csv
train_pos_3730,1,/mnt/nw/home/m.yu/repos/foundry/datasets/toxinpred3/train_pos.csv
train_pos_3731,1,/mnt/nw/home/m.yu/repos/foundry/datasets/toxinpred3/train_pos.csv
train_pos_3732,1,/mnt/nw/home/m.yu/repos/foundry/datasets/toxinpred3/train_pos.csv
train_pos_3733,1,/mnt/nw/home/m.yu/repos/foundry/datasets/toxinpred3/train_pos.csv
train_pos_3734,1,/mnt/nw/home/m.yu/repos/foundry/datasets/toxinpred3/train_pos.csv
train_pos_3735,1,/mnt/nw/home/m.yu/repos/foundry/datasets/toxinpred3/train_pos.csv
train_pos_3736,1,/mnt/nw/home/m.yu/repos/foundry/datasets/toxinpred3/train_pos.csv
train_pos_3737,1,/mnt/nw/home/m.yu/repos/foundry/datasets/toxinpred3/train_pos.csv
train_pos_3738,1,/mnt/nw/home/m.yu/repos/foundry/datasets/toxinpred3/train_pos.csv
train_pos_3739,1,/mnt/nw/home/m.yu/repos/foundry/datasets/toxinpred3/train_pos.csv
train_pos_3740,1,/mnt/nw/home/m.yu/repos/foundry/datasets/toxinpred3/train_pos.csv
train_pos_3741,1,/mnt/nw/home/m.yu/repos/foundry/datasets/toxinpred3/train_pos.csv
train_pos_3742,1,/mnt/nw/home/m.yu/repos/foundry/datasets/toxinpred3/train_pos.csv
train_pos_3743,1,/mnt/nw/home/m.yu/repos/foundry/datasets/toxinpred3/train_pos.csv
train_pos_3744,1,/mnt/nw/home/m.yu/repos/foundry/datasets/toxinpred3/train_pos.csv
train_pos_3745,1,/mnt/nw/home/m.yu/repos/foundry/datasets/toxinpred3/train_pos.csv
train_pos_3746,1,/mnt/nw/home/m.yu/repos/foundry/datasets/toxinpred3/train_pos.csv
train_pos_3747,1,/mnt/nw/home/m.yu/repos/foundry/datasets/toxinpred3/train_pos.csv
train_pos_3748,1,/mnt/nw/home/m.yu/repos/foundry/datasets/toxinpred3/train_pos.csv
train_pos_3749,1,/mnt/nw/home/m.yu/repos/foundry/datasets/toxinpred3/train_pos.csv
train_pos_3750,1,/mnt/nw/home/m.yu/repos/foundry/datasets/toxinpred3/train_pos.csv
train_pos_3751,1,/mnt/nw/home/m.yu/repos/foundry/datasets/toxinpred3/train_pos.csv
train_pos_3752,1,/mnt/nw/home/m.yu/repos/foundry/datasets/toxinpred3/train_pos.csv
train_pos_3753,1,/mnt/nw/home/m.yu/repos/foundry/datasets/toxinpred3/train_pos.csv
train_pos_3754,1,/mnt/nw/home/m.yu/repos/foundry/datasets/toxinpred3/train_pos.csv
train_pos_3755,1,/mnt/nw/home/m.yu/repos/foundry/datasets/toxinpred3/train_pos.csv
train_pos_3756,1,/mnt/nw/home/m.yu/repos/foundry/datasets/toxinpred3/train_pos.csv
train_pos_3757,1,/mnt/nw/home/m.yu/repos/foundry/datasets/toxinpred3/train_pos.csv
train_pos_3758,1,/mnt/nw/home/m.yu/repos/foundry/datasets/toxinpred3/train_pos.csv
train_pos_3759,1,/mnt/nw/home/m.yu/repos/foundry/datasets/toxinpred3/train_pos.csv
train_pos_3760,1,/mnt/nw/home/m.yu/repos/foundry/datasets/toxinpred3/train_pos.csv
train_pos_3761,1,/mnt/nw/home/m.yu/repos/foundry/datasets/toxinpred3/train_pos.csv
train_pos_3762,1,/mnt/nw/home/m.yu/repos/foundry/datasets/toxinpred3/train_pos.csv
train_pos_3763,1,/mnt/nw/home/m.yu/repos/foundry/datasets/toxinpred3/train_pos.csv
train_pos_3764,1,/mnt/nw/home/m.yu/repos/foundry/datasets/toxinpred3/train_pos.csv
train_pos_3765,1,/mnt/nw/home/m.yu/repos/foundry/datasets/toxinpred3/train_pos.csv
train_pos_3766,1,/mnt/nw/home/m.yu/repos/foundry/datasets/toxinpred3/train_pos.csv
train_pos_3767,1,/mnt/nw/home/m.yu/repos/foundry/datasets/toxinpred3/train_pos.csv
train_pos_3768,1,/mnt/nw/home/m.yu/repos/foundry/datasets/toxinpred3/train_pos.csv
train_pos_3769,1,/mnt/nw/home/m.yu/repos/foundry/datasets/toxinpred3/train_pos.csv
train_pos_3770,1,/mnt/nw/home/m.yu/repos/foundry/datasets/toxinpred3/train_pos.csv
train_pos_3771,1,/mnt/nw/home/m.yu/repos/foundry/datasets/toxinpred3/train_pos.csv
train_pos_3772,1,/mnt/nw/home/m.yu/repos/foundry/datasets/toxinpred3/train_pos.csv
train_pos_3773,1,/mnt/nw/home/m.yu/repos/foundry/datasets/toxinpred3/train_pos.csv
train_pos_3774,1,/mnt/nw/home/m.yu/repos/foundry/datasets/toxinpred3/train_pos.csv
train_pos_3775,1,/mnt/nw/home/m.yu/repos/foundry/datasets/toxinpred3/train_pos.csv
train_pos_3776,1,/mnt/nw/home/m.yu/repos/foundry/datasets/toxinpred3/train_pos.csv
train_pos_3777,1,/mnt/nw/home/m.yu/repos/foundry/datasets/toxinpred3/train_pos.csv
train_pos_3778,1,/mnt/nw/home/m.yu/repos/foundry/datasets/toxinpred3/train_pos.csv
train_pos_3779,1,/mnt/nw/home/m.yu/repos/foundry/datasets/toxinpred3/train_pos.csv
train_pos_3780,1,/mnt/nw/home/m.yu/repos/foundry/datasets/toxinpred3/train_pos.csv
train_pos_3781,1,/mnt/nw/home/m.yu/repos/foundry/datasets/toxinpred3/train_pos.csv
train_pos_3782,1,/mnt/nw/home/m.yu/repos/foundry/datasets/toxinpred3/train_pos.csv
train_pos_3783,1,/mnt/nw/home/m.yu/repos/foundry/datasets/toxinpred3/train_pos.csv
train_pos_3784,1,/mnt/nw/home/m.yu/repos/foundry/datasets/toxinpred3/train_pos.csv
train_pos_3785,1,/mnt/nw/home/m.yu/repos/foundry/datasets/toxinpred3/train_pos.csv
train_pos_3786,1,/mnt/nw/home/m.yu/repos/foundry/datasets/toxinpred3/train_pos.csv
train_pos_3787,1,/mnt/nw/home/m.yu/repos/foundry/datasets/toxinpred3/train_pos.csv
train_pos_3788,1,/mnt/nw/home/m.yu/repos/foundry/datasets/toxinpred3/train_pos.csv
train_pos_3789,1,/mnt/nw/home/m.yu/repos/foundry/datasets/toxinpred3/train_pos.csv
train_pos_3790,1,/mnt/nw/home/m.yu/repos/foundry/datasets/toxinpred3/train_pos.csv
train_pos_3791,1,/mnt/nw/home/m.yu/repos/foundry/datasets/toxinpred3/train_pos.csv
train_pos_3792,1,/mnt/nw/home/m.yu/repos/foundry/datasets/toxinpred3/train_pos.csv
train_pos_3793,1,/mnt/nw/home/m.yu/repos/foundry/datasets/toxinpred3/train_pos.csv
train_pos_3794,1,/mnt/nw/home/m.yu/repos/foundry/datasets/toxinpred3/train_pos.csv
train_pos_3795,1,/mnt/nw/home/m.yu/repos/foundry/datasets/toxinpred3/train_pos.csv
train_pos_3796,1,/mnt/nw/home/m.yu/repos/foundry/datasets/toxinpred3/train_pos.csv
train_pos_3797,1,/mnt/nw/home/m.yu/repos/foundry/datasets/toxinpred3/train_pos.csv
train_pos_3798,1,/mnt/nw/home/m.yu/repos/foundry/datasets/toxinpred3/train_pos.csv
train_pos_3799,1,/mnt/nw/home/m.yu/repos/foundry/datasets/toxinpred3/train_pos.csv
train_pos_3800,1,/mnt/nw/home/m.yu/repos/foundry/datasets/toxinpred3/train_pos.csv
train_pos_3801,1,/mnt/nw/home/m.yu/repos/foundry/datasets/toxinpred3/train_pos.csv
train_pos_3802,1,/mnt/nw/home/m.yu/repos/foundry/datasets/toxinpred3/train_pos.csv
train_pos_3803,1,/mnt/nw/home/m.yu/repos/foundry/datasets/toxinpred3/train_pos.csv
train_pos_3804,1,/mnt/nw/home/m.yu/repos/foundry/datasets/toxinpred3/train_pos.csv
train_pos_3805,1,/mnt/nw/home/m.yu/repos/foundry/datasets/toxinpred3/train_pos.csv
train_pos_3806,1,/mnt/nw/home/m.yu/repos/foundry/datasets/toxinpred3/train_pos.csv
train_pos_3807,1,/mnt/nw/home/m.yu/repos/foundry/datasets/toxinpred3/train_pos.csv
train_pos_3808,1,/mnt/nw/home/m.yu/repos/foundry/datasets/toxinpred3/train_pos.csv
train_pos_3809,1,/mnt/nw/home/m.yu/repos/foundry/datasets/toxinpred3/train_pos.csv
train_pos_3810,1,/mnt/nw/home/m.yu/repos/foundry/datasets/toxinpred3/train_pos.csv
train_pos_3811,1,/mnt/nw/home/m.yu/repos/foundry/datasets/toxinpred3/train_pos.csv
train_pos_3812,1,/mnt/nw/home/m.yu/repos/foundry/datasets/toxinpred3/train_pos.csv
train_pos_3813,1,/mnt/nw/home/m.yu/repos/foundry/datasets/toxinpred3/train_pos.csv
train_pos_3814,1,/mnt/nw/home/m.yu/repos/foundry/datasets/toxinpred3/train_pos.csv
train_pos_3815,1,/mnt/nw/home/m.yu/repos/foundry/datasets/toxinpred3/train_pos.csv
train_pos_3816,1,/mnt/nw/home/m.yu/repos/foundry/datasets/toxinpred3/train_pos.csv
train_pos_3817,1,/mnt/nw/home/m.yu/repos/foundry/datasets/toxinpred3/train_pos.csv
train_pos_3818,1,/mnt/nw/home/m.yu/repos/foundry/datasets/toxinpred3/train_pos.csv
train_pos_3819,1,/mnt/nw/home/m.yu/repos/foundry/datasets/toxinpred3/train_pos.csv
train_pos_3820,1,/mnt/nw/home/m.yu/repos/foundry/datasets/toxinpred3/train_pos.csv
train_pos_3821,1,/mnt/nw/home/m.yu/repos/foundry/datasets/toxinpred3/train_pos.csv
train_pos_3822,1,/mnt/nw/home/m.yu/repos/foundry/datasets/toxinpred3/train_pos.csv
train_pos_3823,1,/mnt/nw/home/m.yu/repos/foundry/datasets/toxinpred3/train_pos.csv
train_pos_3824,1,/mnt/nw/home/m.yu/repos/foundry/datasets/toxinpred3/train_pos.csv
train_pos_3825,1,/mnt/nw/home/m.yu/repos/foundry/datasets/toxinpred3/train_pos.csv
train_pos_3826,1,/mnt/nw/home/m.yu/repos/foundry/datasets/toxinpred3/train_pos.csv
train_pos_3827,1,/mnt/nw/home/m.yu/repos/foundry/datasets/toxinpred3/train_pos.csv
train_pos_3828,1,/mnt/nw/home/m.yu/repos/foundry/datasets/toxinpred3/train_pos.csv
train_pos_3829,1,/mnt/nw/home/m.yu/repos/foundry/datasets/toxinpred3/train_pos.csv
train_pos_3830,1,/mnt/nw/home/m.yu/repos/foundry/datasets/toxinpred3/train_pos.csv
train_pos_3831,1,/mnt/nw/home/m.yu/repos/foundry/datasets/toxinpred3/train_pos.csv
train_pos_3832,1,/mnt/nw/home/m.yu/repos/foundry/datasets/toxinpred3/train_pos.csv
train_pos_3833,1,/mnt/nw/home/m.yu/repos/foundry/datasets/toxinpred3/train_pos.csv
train_pos_3834,1,/mnt/nw/home/m.yu/repos/foundry/datasets/toxinpred3/train_pos.csv
train_pos_3835,1,/mnt/nw/home/m.yu/repos/foundry/datasets/toxinpred3/train_pos.csv
train_pos_3836,1,/mnt/nw/home/m.yu/repos/foundry/datasets/toxinpred3/train_pos.csv
train_pos_3837,1,/mnt/nw/home/m.yu/repos/foundry/datasets/toxinpred3/train_pos.csv
train_pos_3838,1,/mnt/nw/home/m.yu/repos/foundry/datasets/toxinpred3/train_pos.csv
train_pos_3839,1,/mnt/nw/home/m.yu/repos/foundry/datasets/toxinpred3/train_pos.csv
train_pos_3840,1,/mnt/nw/home/m.yu/repos/foundry/datasets/toxinpred3/train_pos.csv
train_pos_3841,1,/mnt/nw/home/m.yu/repos/foundry/datasets/toxinpred3/train_pos.csv
train_pos_3842,1,/mnt/nw/home/m.yu/repos/foundry/datasets/toxinpred3/train_pos.csv
train_pos_3843,1,/mnt/nw/home/m.yu/repos/foundry/datasets/toxinpred3/train_pos.csv
train_pos_3844,1,/mnt/nw/home/m.yu/repos/foundry/datasets/toxinpred3/train_pos.csv
train_pos_3845,1,/mnt/nw/home/m.yu/repos/foundry/datasets/toxinpred3/train_pos.csv
train_pos_3846,1,/mnt/nw/home/m.yu/repos/foundry/datasets/toxinpred3/train_pos.csv
train_pos_3847,1,/mnt/nw/home/m.yu/repos/foundry/datasets/toxinpred3/train_pos.csv
train_pos_3848,1,/mnt/nw/home/m.yu/repos/foundry/datasets/toxinpred3/train_pos.csv
train_pos_3849,1,/mnt/nw/home/m.yu/repos/foundry/datasets/toxinpred3/train_pos.csv
train_pos_3850,1,/mnt/nw/home/m.yu/repos/foundry/datasets/toxinpred3/train_pos.csv
train_pos_3851,1,/mnt/nw/home/m.yu/repos/foundry/datasets/toxinpred3/train_pos.csv
train_pos_3852,1,/mnt/nw/home/m.yu/repos/foundry/datasets/toxinpred3/train_pos.csv
train_pos_3853,1,/mnt/nw/home/m.yu/repos/foundry/datasets/toxinpred3/train_pos.csv
train_pos_3854,1,/mnt/nw/home/m.yu/repos/foundry/datasets/toxinpred3/train_pos.csv
train_pos_3855,1,/mnt/nw/home/m.yu/repos/foundry/datasets/toxinpred3/train_pos.csv
train_pos_3856,1,/mnt/nw/home/m.yu/repos/foundry/datasets/toxinpred3/train_pos.csv
train_pos_3857,1,/mnt/nw/home/m.yu/repos/foundry/datasets/toxinpred3/train_pos.csv
train_pos_3858,1,/mnt/nw/home/m.yu/repos/foundry/datasets/toxinpred3/train_pos.csv
train_pos_3859,1,/mnt/nw/home/m.yu/repos/foundry/datasets/toxinpred3/train_pos.csv
train_pos_3860,1,/mnt/nw/home/m.yu/repos/foundry/datasets/toxinpred3/train_pos.csv
train_pos_3861,1,/mnt/nw/home/m.yu/repos/foundry/datasets/toxinpred3/train_pos.csv
train_pos_3862,1,/mnt/nw/home/m.yu/repos/foundry/datasets/toxinpred3/train_pos.csv
train_pos_3863,1,/mnt/nw/home/m.yu/repos/foundry/datasets/toxinpred3/train_pos.csv
train_pos_3864,1,/mnt/nw/home/m.yu/repos/foundry/datasets/toxinpred3/train_pos.csv
train_pos_3865,1,/mnt/nw/home/m.yu/repos/foundry/datasets/toxinpred3/train_pos.csv
train_pos_3866,1,/mnt/nw/home/m.yu/repos/foundry/datasets/toxinpred3/train_pos.csv
train_pos_3867,1,/mnt/nw/home/m.yu/repos/foundry/datasets/toxinpred3/train_pos.csv
train_pos_3868,1,/mnt/nw/home/m.yu/repos/foundry/datasets/toxinpred3/train_pos.csv
train_pos_3869,1,/mnt/nw/home/m.yu/repos/foundry/datasets/toxinpred3/train_pos.csv
train_pos_3870,1,/mnt/nw/home/m.yu/repos/foundry/datasets/toxinpred3/train_pos.csv
train_pos_3871,1,/mnt/nw/home/m.yu/repos/foundry/datasets/toxinpred3/train_pos.csv
train_pos_3872,1,/mnt/nw/home/m.yu/repos/foundry/datasets/toxinpred3/train_pos.csv
train_pos_3873,1,/mnt/nw/home/m.yu/repos/foundry/datasets/toxinpred3/train_pos.csv
train_pos_3874,1,/mnt/nw/home/m.yu/repos/foundry/datasets/toxinpred3/train_pos.csv
train_pos_3875,1,/mnt/nw/home/m.yu/repos/foundry/datasets/toxinpred3/train_pos.csv
train_pos_3876,1,/mnt/nw/home/m.yu/repos/foundry/datasets/toxinpred3/train_pos.csv
train_pos_3877,1,/mnt/nw/home/m.yu/repos/foundry/datasets/toxinpred3/train_pos.csv
train_pos_3878,1,/mnt/nw/home/m.yu/repos/foundry/datasets/toxinpred3/train_pos.csv
train_pos_3879,1,/mnt/nw/home/m.yu/repos/foundry/datasets/toxinpred3/train_pos.csv
train_pos_3880,1,/mnt/nw/home/m.yu/repos/foundry/datasets/toxinpred3/train_pos.csv
train_pos_3881,1,/mnt/nw/home/m.yu/repos/foundry/datasets/toxinpred3/train_pos.csv
train_pos_3882,1,/mnt/nw/home/m.yu/repos/foundry/datasets/toxinpred3/train_pos.csv
train_pos_3883,1,/mnt/nw/home/m.yu/repos/foundry/datasets/toxinpred3/train_pos.csv
train_pos_3884,1,/mnt/nw/home/m.yu/repos/foundry/datasets/toxinpred3/train_pos.csv
train_pos_3885,1,/mnt/nw/home/m.yu/repos/foundry/datasets/toxinpred3/train_pos.csv
train_pos_3886,1,/mnt/nw/home/m.yu/repos/foundry/datasets/toxinpred3/train_pos.csv
train_pos_3887,1,/mnt/nw/home/m.yu/repos/foundry/datasets/toxinpred3/train_pos.csv
train_pos_3888,1,/mnt/nw/home/m.yu/repos/foundry/datasets/toxinpred3/train_pos.csv
train_pos_3889,1,/mnt/nw/home/m.yu/repos/foundry/datasets/toxinpred3/train_pos.csv
train_pos_3890,1,/mnt/nw/home/m.yu/repos/foundry/datasets/toxinpred3/train_pos.csv
train_pos_3891,1,/mnt/nw/home/m.yu/repos/foundry/datasets/toxinpred3/train_pos.csv
train_pos_3892,1,/mnt/nw/home/m.yu/repos/foundry/datasets/toxinpred3/train_pos.csv
train_pos_3893,1,/mnt/nw/home/m.yu/repos/foundry/datasets/toxinpred3/train_pos.csv
train_pos_3894,1,/mnt/nw/home/m.yu/repos/foundry/datasets/toxinpred3/train_pos.csv
train_pos_3895,1,/mnt/nw/home/m.yu/repos/foundry/datasets/toxinpred3/train_pos.csv
train_pos_3896,1,/mnt/nw/home/m.yu/repos/foundry/datasets/toxinpred3/train_pos.csv
train_pos_3897,1,/mnt/nw/home/m.yu/repos/foundry/datasets/toxinpred3/train_pos.csv
train_pos_3898,1,/mnt/nw/home/m.yu/repos/foundry/datasets/toxinpred3/train_pos.csv
train_pos_3899,1,/mnt/nw/home/m.yu/repos/foundry/datasets/toxinpred3/train_pos.csv
train_pos_3900,1,/mnt/nw/home/m.yu/repos/foundry/datasets/toxinpred3/train_pos.csv
train_pos_3901,1,/mnt/nw/home/m.yu/repos/foundry/datasets/toxinpred3/train_pos.csv
train_pos_3902,1,/mnt/nw/home/m.yu/repos/foundry/datasets/toxinpred3/train_pos.csv
train_pos_3903,1,/mnt/nw/home/m.yu/repos/foundry/datasets/toxinpred3/train_pos.csv
train_pos_3904,1,/mnt/nw/home/m.yu/repos/foundry/datasets/toxinpred3/train_pos.csv
train_pos_3905,1,/mnt/nw/home/m.yu/repos/foundry/datasets/toxinpred3/train_pos.csv
train_pos_3906,1,/mnt/nw/home/m.yu/repos/foundry/datasets/toxinpred3/train_pos.csv
train_pos_3907,1,/mnt/nw/home/m.yu/repos/foundry/datasets/toxinpred3/train_pos.csv
train_pos_3908,1,/mnt/nw/home/m.yu/repos/foundry/datasets/toxinpred3/train_pos.csv
train_pos_3909,1,/mnt/nw/home/m.yu/repos/foundry/datasets/toxinpred3/train_pos.csv
train_pos_3910,1,/mnt/nw/home/m.yu/repos/foundry/datasets/toxinpred3/train_pos.csv
train_pos_3911,1,/mnt/nw/home/m.yu/repos/foundry/datasets/toxinpred3/train_pos.csv
train_pos_3912,1,/mnt/nw/home/m.yu/repos/foundry/datasets/toxinpred3/train_pos.csv
train_pos_3913,1,/mnt/nw/home/m.yu/repos/foundry/datasets/toxinpred3/train_pos.csv
train_pos_3914,1,/mnt/nw/home/m.yu/repos/foundry/datasets/toxinpred3/train_pos.csv
train_pos_3915,1,/mnt/nw/home/m.yu/repos/foundry/datasets/toxinpred3/train_pos.csv
train_pos_3916,1,/mnt/nw/home/m.yu/repos/foundry/datasets/toxinpred3/train_pos.csv
train_pos_3917,1,/mnt/nw/home/m.yu/repos/foundry/datasets/toxinpred3/train_pos.csv
train_pos_3918,1,/mnt/nw/home/m.yu/repos/foundry/datasets/toxinpred3/train_pos.csv
train_pos_3919,1,/mnt/nw/home/m.yu/repos/foundry/datasets/toxinpred3/train_pos.csv
train_pos_3920,1,/mnt/nw/home/m.yu/repos/foundry/datasets/toxinpred3/train_pos.csv
train_pos_3921,1,/mnt/nw/home/m.yu/repos/foundry/datasets/toxinpred3/train_pos.csv
train_pos_3922,1,/mnt/nw/home/m.yu/repos/foundry/datasets/toxinpred3/train_pos.csv
train_pos_3923,1,/mnt/nw/home/m.yu/repos/foundry/datasets/toxinpred3/train_pos.csv
train_pos_3924,1,/mnt/nw/home/m.yu/repos/foundry/datasets/toxinpred3/train_pos.csv
train_pos_3925,1,/mnt/nw/home/m.yu/repos/foundry/datasets/toxinpred3/train_pos.csv
train_pos_3926,1,/mnt/nw/home/m.yu/repos/foundry/datasets/toxinpred3/train_pos.csv
train_pos_3927,1,/mnt/nw/home/m.yu/repos/foundry/datasets/toxinpred3/train_pos.csv
train_pos_3928,1,/mnt/nw/home/m.yu/repos/foundry/datasets/toxinpred3/train_pos.csv
train_pos_3929,1,/mnt/nw/home/m.yu/repos/foundry/datasets/toxinpred3/train_pos.csv
train_pos_3930,1,/mnt/nw/home/m.yu/repos/foundry/datasets/toxinpred3/train_pos.csv
train_pos_3931,1,/mnt/nw/home/m.yu/repos/foundry/datasets/toxinpred3/train_pos.csv
train_pos_3932,1,/mnt/nw/home/m.yu/repos/foundry/datasets/toxinpred3/train_pos.csv
train_pos_3933,1,/mnt/nw/home/m.yu/repos/foundry/datasets/toxinpred3/train_pos.csv
train_pos_3934,1,/mnt/nw/home/m.yu/repos/foundry/datasets/toxinpred3/train_pos.csv
train_pos_3935,1,/mnt/nw/home/m.yu/repos/foundry/datasets/toxinpred3/train_pos.csv
train_pos_3936,1,/mnt/nw/home/m.yu/repos/foundry/datasets/toxinpred3/train_pos.csv
train_pos_3937,1,/mnt/nw/home/m.yu/repos/foundry/datasets/toxinpred3/train_pos.csv
train_pos_3938,1,/mnt/nw/home/m.yu/repos/foundry/datasets/toxinpred3/train_pos.csv
train_pos_3939,1,/mnt/nw/home/m.yu/repos/foundry/datasets/toxinpred3/train_pos.csv
train_pos_3940,1,/mnt/nw/home/m.yu/repos/foundry/datasets/toxinpred3/train_pos.csv
train_pos_3941,1,/mnt/nw/home/m.yu/repos/foundry/datasets/toxinpred3/train_pos.csv
train_pos_3942,1,/mnt/nw/home/m.yu/repos/foundry/datasets/toxinpred3/train_pos.csv
train_pos_3943,1,/mnt/nw/home/m.yu/repos/foundry/datasets/toxinpred3/train_pos.csv
train_pos_3944,1,/mnt/nw/home/m.yu/repos/foundry/datasets/toxinpred3/train_pos.csv
train_pos_3945,1,/mnt/nw/home/m.yu/repos/foundry/datasets/toxinpred3/train_pos.csv
train_pos_3946,1,/mnt/nw/home/m.yu/repos/foundry/datasets/toxinpred3/train_pos.csv
train_pos_3947,1,/mnt/nw/home/m.yu/repos/foundry/datasets/toxinpred3/train_pos.csv
train_pos_3948,1,/mnt/nw/home/m.yu/repos/foundry/datasets/toxinpred3/train_pos.csv
train_pos_3949,1,/mnt/nw/home/m.yu/repos/foundry/datasets/toxinpred3/train_pos.csv
train_pos_3950,1,/mnt/nw/home/m.yu/repos/foundry/datasets/toxinpred3/train_pos.csv
train_pos_3951,1,/mnt/nw/home/m.yu/repos/foundry/datasets/toxinpred3/train_pos.csv
train_pos_3952,1,/mnt/nw/home/m.yu/repos/foundry/datasets/toxinpred3/train_pos.csv
train_pos_3953,1,/mnt/nw/home/m.yu/repos/foundry/datasets/toxinpred3/train_pos.csv
train_pos_3954,1,/mnt/nw/home/m.yu/repos/foundry/datasets/toxinpred3/train_pos.csv
train_pos_3955,1,/mnt/nw/home/m.yu/repos/foundry/datasets/toxinpred3/train_pos.csv
train_pos_3956,1,/mnt/nw/home/m.yu/repos/foundry/datasets/toxinpred3/train_pos.csv
train_pos_3957,1,/mnt/nw/home/m.yu/repos/foundry/datasets/toxinpred3/train_pos.csv
train_pos_3958,1,/mnt/nw/home/m.yu/repos/foundry/datasets/toxinpred3/train_pos.csv
train_pos_3959,1,/mnt/nw/home/m.yu/repos/foundry/datasets/toxinpred3/train_pos.csv
train_pos_3960,1,/mnt/nw/home/m.yu/repos/foundry/datasets/toxinpred3/train_pos.csv
train_pos_3961,1,/mnt/nw/home/m.yu/repos/foundry/datasets/toxinpred3/train_pos.csv
train_pos_3962,1,/mnt/nw/home/m.yu/repos/foundry/datasets/toxinpred3/train_pos.csv
train_pos_3963,1,/mnt/nw/home/m.yu/repos/foundry/datasets/toxinpred3/train_pos.csv
train_pos_3964,1,/mnt/nw/home/m.yu/repos/foundry/datasets/toxinpred3/train_pos.csv
train_pos_3965,1,/mnt/nw/home/m.yu/repos/foundry/datasets/toxinpred3/train_pos.csv
train_pos_3966,1,/mnt/nw/home/m.yu/repos/foundry/datasets/toxinpred3/train_pos.csv
train_pos_3967,1,/mnt/nw/home/m.yu/repos/foundry/datasets/toxinpred3/train_pos.csv
train_pos_3968,1,/mnt/nw/home/m.yu/repos/foundry/datasets/toxinpred3/train_pos.csv
train_pos_3969,1,/mnt/nw/home/m.yu/repos/foundry/datasets/toxinpred3/train_pos.csv
train_pos_3970,1,/mnt/nw/home/m.yu/repos/foundry/datasets/toxinpred3/train_pos.csv
train_pos_3971,1,/mnt/nw/home/m.yu/repos/foundry/datasets/toxinpred3/train_pos.csv
train_pos_3972,1,/mnt/nw/home/m.yu/repos/foundry/datasets/toxinpred3/train_pos.csv
train_pos_3973,1,/mnt/nw/home/m.yu/repos/foundry/datasets/toxinpred3/train_pos.csv
train_pos_3974,1,/mnt/nw/home/m.yu/repos/foundry/datasets/toxinpred3/train_pos.csv
train_pos_3975,1,/mnt/nw/home/m.yu/repos/foundry/datasets/toxinpred3/train_pos.csv
train_pos_3976,1,/mnt/nw/home/m.yu/repos/foundry/datasets/toxinpred3/train_pos.csv
train_pos_3977,1,/mnt/nw/home/m.yu/repos/foundry/datasets/toxinpred3/train_pos.csv
train_pos_3978,1,/mnt/nw/home/m.yu/repos/foundry/datasets/toxinpred3/train_pos.csv
train_pos_3979,1,/mnt/nw/home/m.yu/repos/foundry/datasets/toxinpred3/train_pos.csv
train_pos_3980,1,/mnt/nw/home/m.yu/repos/foundry/datasets/toxinpred3/train_pos.csv
train_pos_3981,1,/mnt/nw/home/m.yu/repos/foundry/datasets/toxinpred3/train_pos.csv
train_pos_3982,1,/mnt/nw/home/m.yu/repos/foundry/datasets/toxinpred3/train_pos.csv
train_pos_3983,1,/mnt/nw/home/m.yu/repos/foundry/datasets/toxinpred3/train_pos.csv
train_pos_3984,1,/mnt/nw/home/m.yu/repos/foundry/datasets/toxinpred3/train_pos.csv
train_pos_3985,1,/mnt/nw/home/m.yu/repos/foundry/datasets/toxinpred3/train_pos.csv
train_pos_3986,1,/mnt/nw/home/m.yu/repos/foundry/datasets/toxinpred3/train_pos.csv
train_pos_3987,1,/mnt/nw/home/m.yu/repos/foundry/datasets/toxinpred3/train_pos.csv
train_pos_3988,1,/mnt/nw/home/m.yu/repos/foundry/datasets/toxinpred3/train_pos.csv
train_pos_3989,1,/mnt/nw/home/m.yu/repos/foundry/datasets/toxinpred3/train_pos.csv
train_pos_3990,1,/mnt/nw/home/m.yu/repos/foundry/datasets/toxinpred3/train_pos.csv
train_pos_3991,1,/mnt/nw/home/m.yu/repos/foundry/datasets/toxinpred3/train_pos.csv
train_pos_3992,1,/mnt/nw/home/m.yu/repos/foundry/datasets/toxinpred3/train_pos.csv
train_pos_3993,1,/mnt/nw/home/m.yu/repos/foundry/datasets/toxinpred3/train_pos.csv
train_pos_3994,1,/mnt/nw/home/m.yu/repos/foundry/datasets/toxinpred3/train_pos.csv
train_pos_3995,1,/mnt/nw/home/m.yu/repos/foundry/datasets/toxinpred3/train_pos.csv
train_pos_3996,1,/mnt/nw/home/m.yu/repos/foundry/datasets/toxinpred3/train_pos.csv
train_pos_3997,1,/mnt/nw/home/m.yu/repos/foundry/datasets/toxinpred3/train_pos.csv
train_pos_3998,1,/mnt/nw/home/m.yu/repos/foundry/datasets/toxinpred3/train_pos.csv
train_pos_3999,1,/mnt/nw/home/m.yu/repos/foundry/datasets/toxinpred3/train_pos.csv
train_pos_4000,1,/mnt/nw/home/m.yu/repos/foundry/datasets/toxinpred3/train_pos.csv
train_pos_4001,1,/mnt/nw/home/m.yu/repos/foundry/datasets/toxinpred3/train_pos.csv
train_pos_4002,1,/mnt/nw/home/m.yu/repos/foundry/datasets/toxinpred3/train_pos.csv
train_pos_4003,1,/mnt/nw/home/m.yu/repos/foundry/datasets/toxinpred3/train_pos.csv
train_pos_4004,1,/mnt/nw/home/m.yu/repos/foundry/datasets/toxinpred3/train_pos.csv
train_pos_4005,1,/mnt/nw/home/m.yu/repos/foundry/datasets/toxinpred3/train_pos.csv
train_pos_4006,1,/mnt/nw/home/m.yu/repos/foundry/datasets/toxinpred3/train_pos.csv
train_pos_4007,1,/mnt/nw/home/m.yu/repos/foundry/datasets/toxinpred3/train_pos.csv
train_pos_4008,1,/mnt/nw/home/m.yu/repos/foundry/datasets/toxinpred3/train_pos.csv
train_pos_4009,1,/mnt/nw/home/m.yu/repos/foundry/datasets/toxinpred3/train_pos.csv
train_pos_4010,1,/mnt/nw/home/m.yu/repos/foundry/datasets/toxinpred3/train_pos.csv
train_pos_4011,1,/mnt/nw/home/m.yu/repos/foundry/datasets/toxinpred3/train_pos.csv
train_pos_4012,1,/mnt/nw/home/m.yu/repos/foundry/datasets/toxinpred3/train_pos.csv
train_pos_4013,1,/mnt/nw/home/m.yu/repos/foundry/datasets/toxinpred3/train_pos.csv
train_pos_4014,1,/mnt/nw/home/m.yu/repos/foundry/datasets/toxinpred3/train_pos.csv
train_pos_4015,1,/mnt/nw/home/m.yu/repos/foundry/datasets/toxinpred3/train_pos.csv
train_pos_4016,1,/mnt/nw/home/m.yu/repos/foundry/datasets/toxinpred3/train_pos.csv
train_pos_4017,1,/mnt/nw/home/m.yu/repos/foundry/datasets/toxinpred3/train_pos.csv
train_pos_4018,1,/mnt/nw/home/m.yu/repos/foundry/datasets/toxinpred3/train_pos.csv
train_pos_4019,1,/mnt/nw/home/m.yu/repos/foundry/datasets/toxinpred3/train_pos.csv
train_pos_4020,1,/mnt/nw/home/m.yu/repos/foundry/datasets/toxinpred3/train_pos.csv
train_pos_4021,1,/mnt/nw/home/m.yu/repos/foundry/datasets/toxinpred3/train_pos.csv
train_pos_4022,1,/mnt/nw/home/m.yu/repos/foundry/datasets/toxinpred3/train_pos.csv
train_pos_4023,1,/mnt/nw/home/m.yu/repos/foundry/datasets/toxinpred3/train_pos.csv
train_pos_4024,1,/mnt/nw/home/m.yu/repos/foundry/datasets/toxinpred3/train_pos.csv
train_pos_4025,1,/mnt/nw/home/m.yu/repos/foundry/datasets/toxinpred3/train_pos.csv
train_pos_4026,1,/mnt/nw/home/m.yu/repos/foundry/datasets/toxinpred3/train_pos.csv
train_pos_4027,1,/mnt/nw/home/m.yu/repos/foundry/datasets/toxinpred3/train_pos.csv
train_pos_4028,1,/mnt/nw/home/m.yu/repos/foundry/datasets/toxinpred3/train_pos.csv
train_pos_4029,1,/mnt/nw/home/m.yu/repos/foundry/datasets/toxinpred3/train_pos.csv
train_pos_4030,1,/mnt/nw/home/m.yu/repos/foundry/datasets/toxinpred3/train_pos.csv
train_pos_4031,1,/mnt/nw/home/m.yu/repos/foundry/datasets/toxinpred3/train_pos.csv
train_pos_4032,1,/mnt/nw/home/m.yu/repos/foundry/datasets/toxinpred3/train_pos.csv
train_pos_4033,1,/mnt/nw/home/m.yu/repos/foundry/datasets/toxinpred3/train_pos.csv
train_pos_4034,1,/mnt/nw/home/m.yu/repos/foundry/datasets/toxinpred3/train_pos.csv
train_pos_4035,1,/mnt/nw/home/m.yu/repos/foundry/datasets/toxinpred3/train_pos.csv
train_pos_4036,1,/mnt/nw/home/m.yu/repos/foundry/datasets/toxinpred3/train_pos.csv
train_pos_4037,1,/mnt/nw/home/m.yu/repos/foundry/datasets/toxinpred3/train_pos.csv
train_pos_4038,1,/mnt/nw/home/m.yu/repos/foundry/datasets/toxinpred3/train_pos.csv
train_pos_4039,1,/mnt/nw/home/m.yu/repos/foundry/datasets/toxinpred3/train_pos.csv
train_pos_4040,1,/mnt/nw/home/m.yu/repos/foundry/datasets/toxinpred3/train_pos.csv
train_pos_4041,1,/mnt/nw/home/m.yu/repos/foundry/datasets/toxinpred3/train_pos.csv
train_pos_4042,1,/mnt/nw/home/m.yu/repos/foundry/datasets/toxinpred3/train_pos.csv
train_pos_4043,1,/mnt/nw/home/m.yu/repos/foundry/datasets/toxinpred3/train_pos.csv
train_pos_4044,1,/mnt/nw/home/m.yu/repos/foundry/datasets/toxinpred3/train_pos.csv
train_pos_4045,1,/mnt/nw/home/m.yu/repos/foundry/datasets/toxinpred3/train_pos.csv
train_pos_4046,1,/mnt/nw/home/m.yu/repos/foundry/datasets/toxinpred3/train_pos.csv
train_pos_4047,1,/mnt/nw/home/m.yu/repos/foundry/datasets/toxinpred3/train_pos.csv
train_pos_4048,1,/mnt/nw/home/m.yu/repos/foundry/datasets/toxinpred3/train_pos.csv
train_pos_4049,1,/mnt/nw/home/m.yu/repos/foundry/datasets/toxinpred3/train_pos.csv
train_pos_4050,1,/mnt/nw/home/m.yu/repos/foundry/datasets/toxinpred3/train_pos.csv
train_pos_4051,1,/mnt/nw/home/m.yu/repos/foundry/datasets/toxinpred3/train_pos.csv
train_pos_4052,1,/mnt/nw/home/m.yu/repos/foundry/datasets/toxinpred3/train_pos.csv
train_pos_4053,1,/mnt/nw/home/m.yu/repos/foundry/datasets/toxinpred3/train_pos.csv
train_pos_4054,1,/mnt/nw/home/m.yu/repos/foundry/datasets/toxinpred3/train_pos.csv
train_pos_4055,1,/mnt/nw/home/m.yu/repos/foundry/datasets/toxinpred3/train_pos.csv
train_pos_4056,1,/mnt/nw/home/m.yu/repos/foundry/datasets/toxinpred3/train_pos.csv
train_pos_4057,1,/mnt/nw/home/m.yu/repos/foundry/datasets/toxinpred3/train_pos.csv
train_pos_4058,1,/mnt/nw/home/m.yu/repos/foundry/datasets/toxinpred3/train_pos.csv
train_pos_4059,1,/mnt/nw/home/m.yu/repos/foundry/datasets/toxinpred3/train_pos.csv
train_pos_4060,1,/mnt/nw/home/m.yu/repos/foundry/datasets/toxinpred3/train_pos.csv
train_pos_4061,1,/mnt/nw/home/m.yu/repos/foundry/datasets/toxinpred3/train_pos.csv
train_pos_4062,1,/mnt/nw/home/m.yu/repos/foundry/datasets/toxinpred3/train_pos.csv
train_pos_4063,1,/mnt/nw/home/m.yu/repos/foundry/datasets/toxinpred3/train_pos.csv
train_pos_4064,1,/mnt/nw/home/m.yu/repos/foundry/datasets/toxinpred3/train_pos.csv
train_pos_4065,1,/mnt/nw/home/m.yu/repos/foundry/datasets/toxinpred3/train_pos.csv
train_pos_4066,1,/mnt/nw/home/m.yu/repos/foundry/datasets/toxinpred3/train_pos.csv
train_pos_4067,1,/mnt/nw/home/m.yu/repos/foundry/datasets/toxinpred3/train_pos.csv
train_pos_4068,1,/mnt/nw/home/m.yu/repos/foundry/datasets/toxinpred3/train_pos.csv
train_pos_4069,1,/mnt/nw/home/m.yu/repos/foundry/datasets/toxinpred3/train_pos.csv
train_pos_4070,1,/mnt/nw/home/m.yu/repos/foundry/datasets/toxinpred3/train_pos.csv
train_pos_4071,1,/mnt/nw/home/m.yu/repos/foundry/datasets/toxinpred3/train_pos.csv
train_pos_4072,1,/mnt/nw/home/m.yu/repos/foundry/datasets/toxinpred3/train_pos.csv
train_pos_4073,1,/mnt/nw/home/m.yu/repos/foundry/datasets/toxinpred3/train_pos.csv
train_pos_4074,1,/mnt/nw/home/m.yu/repos/foundry/datasets/toxinpred3/train_pos.csv
train_pos_4075,1,/mnt/nw/home/m.yu/repos/foundry/datasets/toxinpred3/train_pos.csv
train_pos_4076,1,/mnt/nw/home/m.yu/repos/foundry/datasets/toxinpred3/train_pos.csv
train_pos_4077,1,/mnt/nw/home/m.yu/repos/foundry/datasets/toxinpred3/train_pos.csv
train_pos_4078,1,/mnt/nw/home/m.yu/repos/foundry/datasets/toxinpred3/train_pos.csv
train_pos_4079,1,/mnt/nw/home/m.yu/repos/foundry/datasets/toxinpred3/train_pos.csv
train_pos_4080,1,/mnt/nw/home/m.yu/repos/foundry/datasets/toxinpred3/train_pos.csv
train_pos_4081,1,/mnt/nw/home/m.yu/repos/foundry/datasets/toxinpred3/train_pos.csv
train_pos_4082,1,/mnt/nw/home/m.yu/repos/foundry/datasets/toxinpred3/train_pos.csv
train_pos_4083,1,/mnt/nw/home/m.yu/repos/foundry/datasets/toxinpred3/train_pos.csv
train_pos_4084,1,/mnt/nw/home/m.yu/repos/foundry/datasets/toxinpred3/train_pos.csv
train_pos_4085,1,/mnt/nw/home/m.yu/repos/foundry/datasets/toxinpred3/train_pos.csv
train_pos_4086,1,/mnt/nw/home/m.yu/repos/foundry/datasets/toxinpred3/train_pos.csv
train_pos_4087,1,/mnt/nw/home/m.yu/repos/foundry/datasets/toxinpred3/train_pos.csv
train_pos_4088,1,/mnt/nw/home/m.yu/repos/foundry/datasets/toxinpred3/train_pos.csv
train_pos_4089,1,/mnt/nw/home/m.yu/repos/foundry/datasets/toxinpred3/train_pos.csv
train_pos_4090,1,/mnt/nw/home/m.yu/repos/foundry/datasets/toxinpred3/train_pos.csv
train_pos_4091,1,/mnt/nw/home/m.yu/repos/foundry/datasets/toxinpred3/train_pos.csv
train_pos_4092,1,/mnt/nw/home/m.yu/repos/foundry/datasets/toxinpred3/train_pos.csv
train_pos_4093,1,/mnt/nw/home/m.yu/repos/foundry/datasets/toxinpred3/train_pos.csv
train_pos_4094,1,/mnt/nw/home/m.yu/repos/foundry/datasets/toxinpred3/train_pos.csv
train_pos_4095,1,/mnt/nw/home/m.yu/repos/foundry/datasets/toxinpred3/train_pos.csv
train_pos_4096,1,/mnt/nw/home/m.yu/repos/foundry/datasets/toxinpred3/train_pos.csv
train_pos_4097,1,/mnt/nw/home/m.yu/repos/foundry/datasets/toxinpred3/train_pos.csv
train_pos_4098,1,/mnt/nw/home/m.yu/repos/foundry/datasets/toxinpred3/train_pos.csv
train_pos_4099,1,/mnt/nw/home/m.yu/repos/foundry/datasets/toxinpred3/train_pos.csv
train_pos_4100,1,/mnt/nw/home/m.yu/repos/foundry/datasets/toxinpred3/train_pos.csv
train_pos_4101,1,/mnt/nw/home/m.yu/repos/foundry/datasets/toxinpred3/train_pos.csv
train_pos_4102,1,/mnt/nw/home/m.yu/repos/foundry/datasets/toxinpred3/train_pos.csv
train_pos_4103,1,/mnt/nw/home/m.yu/repos/foundry/datasets/toxinpred3/train_pos.csv
train_pos_4104,1,/mnt/nw/home/m.yu/repos/foundry/datasets/toxinpred3/train_pos.csv
train_pos_4105,1,/mnt/nw/home/m.yu/repos/foundry/datasets/toxinpred3/train_pos.csv
train_pos_4106,1,/mnt/nw/home/m.yu/repos/foundry/datasets/toxinpred3/train_pos.csv
train_pos_4107,1,/mnt/nw/home/m.yu/repos/foundry/datasets/toxinpred3/train_pos.csv
train_pos_4108,1,/mnt/nw/home/m.yu/repos/foundry/datasets/toxinpred3/train_pos.csv
train_pos_4109,1,/mnt/nw/home/m.yu/repos/foundry/datasets/toxinpred3/train_pos.csv
train_pos_4110,1,/mnt/nw/home/m.yu/repos/foundry/datasets/toxinpred3/train_pos.csv
train_pos_4111,1,/mnt/nw/home/m.yu/repos/foundry/datasets/toxinpred3/train_pos.csv
train_pos_4112,1,/mnt/nw/home/m.yu/repos/foundry/datasets/toxinpred3/train_pos.csv
train_pos_4113,1,/mnt/nw/home/m.yu/repos/foundry/datasets/toxinpred3/train_pos.csv
train_pos_4114,1,/mnt/nw/home/m.yu/repos/foundry/datasets/toxinpred3/train_pos.csv
train_pos_4115,1,/mnt/nw/home/m.yu/repos/foundry/datasets/toxinpred3/train_pos.csv
train_pos_4116,1,/mnt/nw/home/m.yu/repos/foundry/datasets/toxinpred3/train_pos.csv
train_pos_4117,1,/mnt/nw/home/m.yu/repos/foundry/datasets/toxinpred3/train_pos.csv
train_pos_4118,1,/mnt/nw/home/m.yu/repos/foundry/datasets/toxinpred3/train_pos.csv
train_pos_4119,1,/mnt/nw/home/m.yu/repos/foundry/datasets/toxinpred3/train_pos.csv
train_pos_4120,1,/mnt/nw/home/m.yu/repos/foundry/datasets/toxinpred3/train_pos.csv
train_pos_4121,1,/mnt/nw/home/m.yu/repos/foundry/datasets/toxinpred3/train_pos.csv
train_pos_4122,1,/mnt/nw/home/m.yu/repos/foundry/datasets/toxinpred3/train_pos.csv
train_pos_4123,1,/mnt/nw/home/m.yu/repos/foundry/datasets/toxinpred3/train_pos.csv
train_pos_4124,1,/mnt/nw/home/m.yu/repos/foundry/datasets/toxinpred3/train_pos.csv
train_pos_4125,1,/mnt/nw/home/m.yu/repos/foundry/datasets/toxinpred3/train_pos.csv
train_pos_4126,1,/mnt/nw/home/m.yu/repos/foundry/datasets/toxinpred3/train_pos.csv
train_pos_4127,1,/mnt/nw/home/m.yu/repos/foundry/datasets/toxinpred3/train_pos.csv
train_pos_4128,1,/mnt/nw/home/m.yu/repos/foundry/datasets/toxinpred3/train_pos.csv
train_pos_4129,1,/mnt/nw/home/m.yu/repos/foundry/datasets/toxinpred3/train_pos.csv
train_pos_4130,1,/mnt/nw/home/m.yu/repos/foundry/datasets/toxinpred3/train_pos.csv
train_pos_4131,1,/mnt/nw/home/m.yu/repos/foundry/datasets/toxinpred3/train_pos.csv
train_pos_4132,1,/mnt/nw/home/m.yu/repos/foundry/datasets/toxinpred3/train_pos.csv
train_pos_4133,1,/mnt/nw/home/m.yu/repos/foundry/datasets/toxinpred3/train_pos.csv
train_pos_4134,1,/mnt/nw/home/m.yu/repos/foundry/datasets/toxinpred3/train_pos.csv
train_pos_4135,1,/mnt/nw/home/m.yu/repos/foundry/datasets/toxinpred3/train_pos.csv
train_pos_4136,1,/mnt/nw/home/m.yu/repos/foundry/datasets/toxinpred3/train_pos.csv
train_pos_4137,1,/mnt/nw/home/m.yu/repos/foundry/datasets/toxinpred3/train_pos.csv
train_pos_4138,1,/mnt/nw/home/m.yu/repos/foundry/datasets/toxinpred3/train_pos.csv
train_pos_4139,1,/mnt/nw/home/m.yu/repos/foundry/datasets/toxinpred3/train_pos.csv
train_pos_4140,1,/mnt/nw/home/m.yu/repos/foundry/datasets/toxinpred3/train_pos.csv
train_pos_4141,1,/mnt/nw/home/m.yu/repos/foundry/datasets/toxinpred3/train_pos.csv
train_pos_4142,1,/mnt/nw/home/m.yu/repos/foundry/datasets/toxinpred3/train_pos.csv
train_pos_4143,1,/mnt/nw/home/m.yu/repos/foundry/datasets/toxinpred3/train_pos.csv
train_pos_4144,1,/mnt/nw/home/m.yu/repos/foundry/datasets/toxinpred3/train_pos.csv
train_pos_4145,1,/mnt/nw/home/m.yu/repos/foundry/datasets/toxinpred3/train_pos.csv
train_pos_4146,1,/mnt/nw/home/m.yu/repos/foundry/datasets/toxinpred3/train_pos.csv
train_pos_4147,1,/mnt/nw/home/m.yu/repos/foundry/datasets/toxinpred3/train_pos.csv
train_pos_4148,1,/mnt/nw/home/m.yu/repos/foundry/datasets/toxinpred3/train_pos.csv
train_pos_4149,1,/mnt/nw/home/m.yu/repos/foundry/datasets/toxinpred3/train_pos.csv
train_pos_4150,1,/mnt/nw/home/m.yu/repos/foundry/datasets/toxinpred3/train_pos.csv
train_pos_4151,1,/mnt/nw/home/m.yu/repos/foundry/datasets/toxinpred3/train_pos.csv
train_pos_4152,1,/mnt/nw/home/m.yu/repos/foundry/datasets/toxinpred3/train_pos.csv
train_pos_4153,1,/mnt/nw/home/m.yu/repos/foundry/datasets/toxinpred3/train_pos.csv
train_pos_4154,1,/mnt/nw/home/m.yu/repos/foundry/datasets/toxinpred3/train_pos.csv
train_pos_4155,1,/mnt/nw/home/m.yu/repos/foundry/datasets/toxinpred3/train_pos.csv
train_pos_4156,1,/mnt/nw/home/m.yu/repos/foundry/datasets/toxinpred3/train_pos.csv
train_pos_4157,1,/mnt/nw/home/m.yu/repos/foundry/datasets/toxinpred3/train_pos.csv
train_pos_4158,1,/mnt/nw/home/m.yu/repos/foundry/datasets/toxinpred3/train_pos.csv
train_pos_4159,1,/mnt/nw/home/m.yu/repos/foundry/datasets/toxinpred3/train_pos.csv
train_pos_4160,1,/mnt/nw/home/m.yu/repos/foundry/datasets/toxinpred3/train_pos.csv
train_pos_4161,1,/mnt/nw/home/m.yu/repos/foundry/datasets/toxinpred3/train_pos.csv
train_pos_4162,1,/mnt/nw/home/m.yu/repos/foundry/datasets/toxinpred3/train_pos.csv
train_pos_4163,1,/mnt/nw/home/m.yu/repos/foundry/datasets/toxinpred3/train_pos.csv
train_pos_4164,1,/mnt/nw/home/m.yu/repos/foundry/datasets/toxinpred3/train_pos.csv
train_pos_4165,1,/mnt/nw/home/m.yu/repos/foundry/datasets/toxinpred3/train_pos.csv
train_pos_4166,1,/mnt/nw/home/m.yu/repos/foundry/datasets/toxinpred3/train_pos.csv
train_pos_4167,1,/mnt/nw/home/m.yu/repos/foundry/datasets/toxinpred3/train_pos.csv
train_pos_4168,1,/mnt/nw/home/m.yu/repos/foundry/datasets/toxinpred3/train_pos.csv
train_pos_4169,1,/mnt/nw/home/m.yu/repos/foundry/datasets/toxinpred3/train_pos.csv
train_pos_4170,1,/mnt/nw/home/m.yu/repos/foundry/datasets/toxinpred3/train_pos.csv
train_pos_4171,1,/mnt/nw/home/m.yu/repos/foundry/datasets/toxinpred3/train_pos.csv
train_pos_4172,1,/mnt/nw/home/m.yu/repos/foundry/datasets/toxinpred3/train_pos.csv
train_pos_4173,1,/mnt/nw/home/m.yu/repos/foundry/datasets/toxinpred3/train_pos.csv
train_pos_4174,1,/mnt/nw/home/m.yu/repos/foundry/datasets/toxinpred3/train_pos.csv
train_pos_4175,1,/mnt/nw/home/m.yu/repos/foundry/datasets/toxinpred3/train_pos.csv
train_pos_4176,1,/mnt/nw/home/m.yu/repos/foundry/datasets/toxinpred3/train_pos.csv
train_pos_4177,1,/mnt/nw/home/m.yu/repos/foundry/datasets/toxinpred3/train_pos.csv
train_pos_4178,1,/mnt/nw/home/m.yu/repos/foundry/datasets/toxinpred3/train_pos.csv
train_pos_4179,1,/mnt/nw/home/m.yu/repos/foundry/datasets/toxinpred3/train_pos.csv
train_pos_4180,1,/mnt/nw/home/m.yu/repos/foundry/datasets/toxinpred3/train_pos.csv
train_pos_4181,1,/mnt/nw/home/m.yu/repos/foundry/datasets/toxinpred3/train_pos.csv
train_pos_4182,1,/mnt/nw/home/m.yu/repos/foundry/datasets/toxinpred3/train_pos.csv
train_pos_4183,1,/mnt/nw/home/m.yu/repos/foundry/datasets/toxinpred3/train_pos.csv
train_pos_4184,1,/mnt/nw/home/m.yu/repos/foundry/datasets/toxinpred3/train_pos.csv
train_pos_4185,1,/mnt/nw/home/m.yu/repos/foundry/datasets/toxinpred3/train_pos.csv
train_pos_4186,1,/mnt/nw/home/m.yu/repos/foundry/datasets/toxinpred3/train_pos.csv
train_pos_4187,1,/mnt/nw/home/m.yu/repos/foundry/datasets/toxinpred3/train_pos.csv
train_pos_4188,1,/mnt/nw/home/m.yu/repos/foundry/datasets/toxinpred3/train_pos.csv
train_pos_4189,1,/mnt/nw/home/m.yu/repos/foundry/datasets/toxinpred3/train_pos.csv
train_pos_4190,1,/mnt/nw/home/m.yu/repos/foundry/datasets/toxinpred3/train_pos.csv
train_pos_4191,1,/mnt/nw/home/m.yu/repos/foundry/datasets/toxinpred3/train_pos.csv
train_pos_4192,1,/mnt/nw/home/m.yu/repos/foundry/datasets/toxinpred3/train_pos.csv
train_pos_4193,1,/mnt/nw/home/m.yu/repos/foundry/datasets/toxinpred3/train_pos.csv
train_pos_4194,1,/mnt/nw/home/m.yu/repos/foundry/datasets/toxinpred3/train_pos.csv
train_pos_4195,1,/mnt/nw/home/m.yu/repos/foundry/datasets/toxinpred3/train_pos.csv
train_pos_4196,1,/mnt/nw/home/m.yu/repos/foundry/datasets/toxinpred3/train_pos.csv
train_pos_4197,1,/mnt/nw/home/m.yu/repos/foundry/datasets/toxinpred3/train_pos.csv
train_pos_4198,1,/mnt/nw/home/m.yu/repos/foundry/datasets/toxinpred3/train_pos.csv
train_pos_4199,1,/mnt/nw/home/m.yu/repos/foundry/datasets/toxinpred3/train_pos.csv
train_pos_4200,1,/mnt/nw/home/m.yu/repos/foundry/datasets/toxinpred3/train_pos.csv
train_pos_4201,1,/mnt/nw/home/m.yu/repos/foundry/datasets/toxinpred3/train_pos.csv
train_pos_4202,1,/mnt/nw/home/m.yu/repos/foundry/datasets/toxinpred3/train_pos.csv
train_pos_4203,1,/mnt/nw/home/m.yu/repos/foundry/datasets/toxinpred3/train_pos.csv
train_pos_4204,1,/mnt/nw/home/m.yu/repos/foundry/datasets/toxinpred3/train_pos.csv
train_pos_4205,1,/mnt/nw/home/m.yu/repos/foundry/datasets/toxinpred3/train_pos.csv
train_pos_4206,1,/mnt/nw/home/m.yu/repos/foundry/datasets/toxinpred3/train_pos.csv
train_pos_4207,1,/mnt/nw/home/m.yu/repos/foundry/datasets/toxinpred3/train_pos.csv
train_pos_4208,1,/mnt/nw/home/m.yu/repos/foundry/datasets/toxinpred3/train_pos.csv
train_pos_4209,1,/mnt/nw/home/m.yu/repos/foundry/datasets/toxinpred3/train_pos.csv
train_pos_4210,1,/mnt/nw/home/m.yu/repos/foundry/datasets/toxinpred3/train_pos.csv
train_pos_4211,1,/mnt/nw/home/m.yu/repos/foundry/datasets/toxinpred3/train_pos.csv
train_pos_4212,1,/mnt/nw/home/m.yu/repos/foundry/datasets/toxinpred3/train_pos.csv
train_pos_4213,1,/mnt/nw/home/m.yu/repos/foundry/datasets/toxinpred3/train_pos.csv
train_pos_4214,1,/mnt/nw/home/m.yu/repos/foundry/datasets/toxinpred3/train_pos.csv
train_pos_4215,1,/mnt/nw/home/m.yu/repos/foundry/datasets/toxinpred3/train_pos.csv
train_pos_4216,1,/mnt/nw/home/m.yu/repos/foundry/datasets/toxinpred3/train_pos.csv
train_pos_4217,1,/mnt/nw/home/m.yu/repos/foundry/datasets/toxinpred3/train_pos.csv
train_pos_4218,1,/mnt/nw/home/m.yu/repos/foundry/datasets/toxinpred3/train_pos.csv
train_pos_4219,1,/mnt/nw/home/m.yu/repos/foundry/datasets/toxinpred3/train_pos.csv
train_pos_4220,1,/mnt/nw/home/m.yu/repos/foundry/datasets/toxinpred3/train_pos.csv
train_pos_4221,1,/mnt/nw/home/m.yu/repos/foundry/datasets/toxinpred3/train_pos.csv
train_pos_4222,1,/mnt/nw/home/m.yu/repos/foundry/datasets/toxinpred3/train_pos.csv
train_pos_4223,1,/mnt/nw/home/m.yu/repos/foundry/datasets/toxinpred3/train_pos.csv
train_pos_4224,1,/mnt/nw/home/m.yu/repos/foundry/datasets/toxinpred3/train_pos.csv
train_pos_4225,1,/mnt/nw/home/m.yu/repos/foundry/datasets/toxinpred3/train_pos.csv
train_pos_4226,1,/mnt/nw/home/m.yu/repos/foundry/datasets/toxinpred3/train_pos.csv
train_pos_4227,1,/mnt/nw/home/m.yu/repos/foundry/datasets/toxinpred3/train_pos.csv
train_pos_4228,1,/mnt/nw/home/m.yu/repos/foundry/datasets/toxinpred3/train_pos.csv
train_pos_4229,1,/mnt/nw/home/m.yu/repos/foundry/datasets/toxinpred3/train_pos.csv
train_pos_4230,1,/mnt/nw/home/m.yu/repos/foundry/datasets/toxinpred3/train_pos.csv
train_pos_4231,1,/mnt/nw/home/m.yu/repos/foundry/datasets/toxinpred3/train_pos.csv
train_pos_4232,1,/mnt/nw/home/m.yu/repos/foundry/datasets/toxinpred3/train_pos.csv
train_pos_4233,1,/mnt/nw/home/m.yu/repos/foundry/datasets/toxinpred3/train_pos.csv
train_pos_4234,1,/mnt/nw/home/m.yu/repos/foundry/datasets/toxinpred3/train_pos.csv
train_pos_4235,1,/mnt/nw/home/m.yu/repos/foundry/datasets/toxinpred3/train_pos.csv
train_pos_4236,1,/mnt/nw/home/m.yu/repos/foundry/datasets/toxinpred3/train_pos.csv
train_pos_4237,1,/mnt/nw/home/m.yu/repos/foundry/datasets/toxinpred3/train_pos.csv
train_pos_4238,1,/mnt/nw/home/m.yu/repos/foundry/datasets/toxinpred3/train_pos.csv
train_pos_4239,1,/mnt/nw/home/m.yu/repos/foundry/datasets/toxinpred3/train_pos.csv
train_pos_4240,1,/mnt/nw/home/m.yu/repos/foundry/datasets/toxinpred3/train_pos.csv
train_pos_4241,1,/mnt/nw/home/m.yu/repos/foundry/datasets/toxinpred3/train_pos.csv
train_pos_4242,1,/mnt/nw/home/m.yu/repos/foundry/datasets/toxinpred3/train_pos.csv
train_pos_4243,1,/mnt/nw/home/m.yu/repos/foundry/datasets/toxinpred3/train_pos.csv
train_pos_4244,1,/mnt/nw/home/m.yu/repos/foundry/datasets/toxinpred3/train_pos.csv
train_pos_4245,1,/mnt/nw/home/m.yu/repos/foundry/datasets/toxinpred3/train_pos.csv
train_pos_4246,1,/mnt/nw/home/m.yu/repos/foundry/datasets/toxinpred3/train_pos.csv
train_pos_4247,1,/mnt/nw/home/m.yu/repos/foundry/datasets/toxinpred3/train_pos.csv
train_pos_4248,1,/mnt/nw/home/m.yu/repos/foundry/datasets/toxinpred3/train_pos.csv
train_pos_4249,1,/mnt/nw/home/m.yu/repos/foundry/datasets/toxinpred3/train_pos.csv
train_pos_4250,1,/mnt/nw/home/m.yu/repos/foundry/datasets/toxinpred3/train_pos.csv
train_pos_4251,1,/mnt/nw/home/m.yu/repos/foundry/datasets/toxinpred3/train_pos.csv
train_pos_4252,1,/mnt/nw/home/m.yu/repos/foundry/datasets/toxinpred3/train_pos.csv
train_pos_4253,1,/mnt/nw/home/m.yu/repos/foundry/datasets/toxinpred3/train_pos.csv
train_pos_4254,1,/mnt/nw/home/m.yu/repos/foundry/datasets/toxinpred3/train_pos.csv
train_pos_4255,1,/mnt/nw/home/m.yu/repos/foundry/datasets/toxinpred3/train_pos.csv
train_pos_4256,1,/mnt/nw/home/m.yu/repos/foundry/datasets/toxinpred3/train_pos.csv
train_pos_4257,1,/mnt/nw/home/m.yu/repos/foundry/datasets/toxinpred3/train_pos.csv
train_pos_4258,1,/mnt/nw/home/m.yu/repos/foundry/datasets/toxinpred3/train_pos.csv
train_pos_4259,1,/mnt/nw/home/m.yu/repos/foundry/datasets/toxinpred3/train_pos.csv
train_pos_4260,1,/mnt/nw/home/m.yu/repos/foundry/datasets/toxinpred3/train_pos.csv
train_pos_4261,1,/mnt/nw/home/m.yu/repos/foundry/datasets/toxinpred3/train_pos.csv
train_pos_4262,1,/mnt/nw/home/m.yu/repos/foundry/datasets/toxinpred3/train_pos.csv
train_pos_4263,1,/mnt/nw/home/m.yu/repos/foundry/datasets/toxinpred3/train_pos.csv
train_pos_4264,1,/mnt/nw/home/m.yu/repos/foundry/datasets/toxinpred3/train_pos.csv
train_pos_4265,1,/mnt/nw/home/m.yu/repos/foundry/datasets/toxinpred3/train_pos.csv
train_pos_4266,1,/mnt/nw/home/m.yu/repos/foundry/datasets/toxinpred3/train_pos.csv
train_pos_4267,1,/mnt/nw/home/m.yu/repos/foundry/datasets/toxinpred3/train_pos.csv
train_pos_4268,1,/mnt/nw/home/m.yu/repos/foundry/datasets/toxinpred3/train_pos.csv
train_pos_4269,1,/mnt/nw/home/m.yu/repos/foundry/datasets/toxinpred3/train_pos.csv
train_pos_4270,1,/mnt/nw/home/m.yu/repos/foundry/datasets/toxinpred3/train_pos.csv
train_pos_4271,1,/mnt/nw/home/m.yu/repos/foundry/datasets/toxinpred3/train_pos.csv
train_pos_4272,1,/mnt/nw/home/m.yu/repos/foundry/datasets/toxinpred3/train_pos.csv
train_pos_4273,1,/mnt/nw/home/m.yu/repos/foundry/datasets/toxinpred3/train_pos.csv
train_pos_4274,1,/mnt/nw/home/m.yu/repos/foundry/datasets/toxinpred3/train_pos.csv
train_pos_4275,1,/mnt/nw/home/m.yu/repos/foundry/datasets/toxinpred3/train_pos.csv
train_pos_4276,1,/mnt/nw/home/m.yu/repos/foundry/datasets/toxinpred3/train_pos.csv
train_pos_4277,1,/mnt/nw/home/m.yu/repos/foundry/datasets/toxinpred3/train_pos.csv
train_pos_4278,1,/mnt/nw/home/m.yu/repos/foundry/datasets/toxinpred3/train_pos.csv
train_pos_4279,1,/mnt/nw/home/m.yu/repos/foundry/datasets/toxinpred3/train_pos.csv
train_pos_4280,1,/mnt/nw/home/m.yu/repos/foundry/datasets/toxinpred3/train_pos.csv
train_pos_4281,1,/mnt/nw/home/m.yu/repos/foundry/datasets/toxinpred3/train_pos.csv
train_pos_4282,1,/mnt/nw/home/m.yu/repos/foundry/datasets/toxinpred3/train_pos.csv
train_pos_4283,1,/mnt/nw/home/m.yu/repos/foundry/datasets/toxinpred3/train_pos.csv
train_pos_4284,1,/mnt/nw/home/m.yu/repos/foundry/datasets/toxinpred3/train_pos.csv
train_pos_4285,1,/mnt/nw/home/m.yu/repos/foundry/datasets/toxinpred3/train_pos.csv
train_pos_4286,1,/mnt/nw/home/m.yu/repos/foundry/datasets/toxinpred3/train_pos.csv
train_pos_4287,1,/mnt/nw/home/m.yu/repos/foundry/datasets/toxinpred3/train_pos.csv
train_pos_4288,1,/mnt/nw/home/m.yu/repos/foundry/datasets/toxinpred3/train_pos.csv
train_pos_4289,1,/mnt/nw/home/m.yu/repos/foundry/datasets/toxinpred3/train_pos.csv
train_pos_4290,1,/mnt/nw/home/m.yu/repos/foundry/datasets/toxinpred3/train_pos.csv
train_pos_4291,1,/mnt/nw/home/m.yu/repos/foundry/datasets/toxinpred3/train_pos.csv
train_pos_4292,1,/mnt/nw/home/m.yu/repos/foundry/datasets/toxinpred3/train_pos.csv
train_pos_4293,1,/mnt/nw/home/m.yu/repos/foundry/datasets/toxinpred3/train_pos.csv
train_pos_4294,1,/mnt/nw/home/m.yu/repos/foundry/datasets/toxinpred3/train_pos.csv
train_pos_4295,1,/mnt/nw/home/m.yu/repos/foundry/datasets/toxinpred3/train_pos.csv
train_pos_4296,1,/mnt/nw/home/m.yu/repos/foundry/datasets/toxinpred3/train_pos.csv
train_pos_4297,1,/mnt/nw/home/m.yu/repos/foundry/datasets/toxinpred3/train_pos.csv
train_pos_4298,1,/mnt/nw/home/m.yu/repos/foundry/datasets/toxinpred3/train_pos.csv
train_pos_4299,1,/mnt/nw/home/m.yu/repos/foundry/datasets/toxinpred3/train_pos.csv
train_pos_4300,1,/mnt/nw/home/m.yu/repos/foundry/datasets/toxinpred3/train_pos.csv
train_pos_4301,1,/mnt/nw/home/m.yu/repos/foundry/datasets/toxinpred3/train_pos.csv
train_pos_4302,1,/mnt/nw/home/m.yu/repos/foundry/datasets/toxinpred3/train_pos.csv
train_pos_4303,1,/mnt/nw/home/m.yu/repos/foundry/datasets/toxinpred3/train_pos.csv
train_pos_4304,1,/mnt/nw/home/m.yu/repos/foundry/datasets/toxinpred3/train_pos.csv
train_pos_4305,1,/mnt/nw/home/m.yu/repos/foundry/datasets/toxinpred3/train_pos.csv
train_pos_4306,1,/mnt/nw/home/m.yu/repos/foundry/datasets/toxinpred3/train_pos.csv
train_pos_4307,1,/mnt/nw/home/m.yu/repos/foundry/datasets/toxinpred3/train_pos.csv
train_pos_4308,1,/mnt/nw/home/m.yu/repos/foundry/datasets/toxinpred3/train_pos.csv
train_pos_4309,1,/mnt/nw/home/m.yu/repos/foundry/datasets/toxinpred3/train_pos.csv
train_pos_4310,1,/mnt/nw/home/m.yu/repos/foundry/datasets/toxinpred3/train_pos.csv
train_pos_4311,1,/mnt/nw/home/m.yu/repos/foundry/datasets/toxinpred3/train_pos.csv
train_pos_4312,1,/mnt/nw/home/m.yu/repos/foundry/datasets/toxinpred3/train_pos.csv
train_pos_4313,1,/mnt/nw/home/m.yu/repos/foundry/datasets/toxinpred3/train_pos.csv
train_pos_4314,1,/mnt/nw/home/m.yu/repos/foundry/datasets/toxinpred3/train_pos.csv
train_pos_4315,1,/mnt/nw/home/m.yu/repos/foundry/datasets/toxinpred3/train_pos.csv
train_pos_4316,1,/mnt/nw/home/m.yu/repos/foundry/datasets/toxinpred3/train_pos.csv
train_pos_4317,1,/mnt/nw/home/m.yu/repos/foundry/datasets/toxinpred3/train_pos.csv
train_pos_4318,1,/mnt/nw/home/m.yu/repos/foundry/datasets/toxinpred3/train_pos.csv
train_pos_4319,1,/mnt/nw/home/m.yu/repos/foundry/datasets/toxinpred3/train_pos.csv
train_pos_4320,1,/mnt/nw/home/m.yu/repos/foundry/datasets/toxinpred3/train_pos.csv
train_pos_4321,1,/mnt/nw/home/m.yu/repos/foundry/datasets/toxinpred3/train_pos.csv
train_pos_4322,1,/mnt/nw/home/m.yu/repos/foundry/datasets/toxinpred3/train_pos.csv
train_pos_4323,1,/mnt/nw/home/m.yu/repos/foundry/datasets/toxinpred3/train_pos.csv
train_pos_4324,1,/mnt/nw/home/m.yu/repos/foundry/datasets/toxinpred3/train_pos.csv
train_pos_4325,1,/mnt/nw/home/m.yu/repos/foundry/datasets/toxinpred3/train_pos.csv
train_pos_4326,1,/mnt/nw/home/m.yu/repos/foundry/datasets/toxinpred3/train_pos.csv
train_pos_4327,1,/mnt/nw/home/m.yu/repos/foundry/datasets/toxinpred3/train_pos.csv
train_pos_4328,1,/mnt/nw/home/m.yu/repos/foundry/datasets/toxinpred3/train_pos.csv
train_pos_4329,1,/mnt/nw/home/m.yu/repos/foundry/datasets/toxinpred3/train_pos.csv
train_pos_4330,1,/mnt/nw/home/m.yu/repos/foundry/datasets/toxinpred3/train_pos.csv
train_pos_4331,1,/mnt/nw/home/m.yu/repos/foundry/datasets/toxinpred3/train_pos.csv
train_pos_4332,1,/mnt/nw/home/m.yu/repos/foundry/datasets/toxinpred3/train_pos.csv
train_pos_4333,1,/mnt/nw/home/m.yu/repos/foundry/datasets/toxinpred3/train_pos.csv
train_pos_4334,1,/mnt/nw/home/m.yu/repos/foundry/datasets/toxinpred3/train_pos.csv
train_pos_4335,1,/mnt/nw/home/m.yu/repos/foundry/datasets/toxinpred3/train_pos.csv
train_pos_4336,1,/mnt/nw/home/m.yu/repos/foundry/datasets/toxinpred3/train_pos.csv
train_pos_4337,1,/mnt/nw/home/m.yu/repos/foundry/datasets/toxinpred3/train_pos.csv
train_pos_4338,1,/mnt/nw/home/m.yu/repos/foundry/datasets/toxinpred3/train_pos.csv
train_pos_4339,1,/mnt/nw/home/m.yu/repos/foundry/datasets/toxinpred3/train_pos.csv
train_pos_4340,1,/mnt/nw/home/m.yu/repos/foundry/datasets/toxinpred3/train_pos.csv
train_pos_4341,1,/mnt/nw/home/m.yu/repos/foundry/datasets/toxinpred3/train_pos.csv
train_pos_4342,1,/mnt/nw/home/m.yu/repos/foundry/datasets/toxinpred3/train_pos.csv
train_pos_4343,1,/mnt/nw/home/m.yu/repos/foundry/datasets/toxinpred3/train_pos.csv
train_pos_4344,1,/mnt/nw/home/m.yu/repos/foundry/datasets/toxinpred3/train_pos.csv
train_pos_4345,1,/mnt/nw/home/m.yu/repos/foundry/datasets/toxinpred3/train_pos.csv
train_pos_4346,1,/mnt/nw/home/m.yu/repos/foundry/datasets/toxinpred3/train_pos.csv
train_pos_4347,1,/mnt/nw/home/m.yu/repos/foundry/datasets/toxinpred3/train_pos.csv
train_pos_4348,1,/mnt/nw/home/m.yu/repos/foundry/datasets/toxinpred3/train_pos.csv
train_pos_4349,1,/mnt/nw/home/m.yu/repos/foundry/datasets/toxinpred3/train_pos.csv
train_pos_4350,1,/mnt/nw/home/m.yu/repos/foundry/datasets/toxinpred3/train_pos.csv
train_pos_4351,1,/mnt/nw/home/m.yu/repos/foundry/datasets/toxinpred3/train_pos.csv
train_pos_4352,1,/mnt/nw/home/m.yu/repos/foundry/datasets/toxinpred3/train_pos.csv
train_pos_4353,1,/mnt/nw/home/m.yu/repos/foundry/datasets/toxinpred3/train_pos.csv
train_pos_4354,1,/mnt/nw/home/m.yu/repos/foundry/datasets/toxinpred3/train_pos.csv
train_pos_4355,1,/mnt/nw/home/m.yu/repos/foundry/datasets/toxinpred3/train_pos.csv
train_pos_4356,1,/mnt/nw/home/m.yu/repos/foundry/datasets/toxinpred3/train_pos.csv
train_pos_4357,1,/mnt/nw/home/m.yu/repos/foundry/datasets/toxinpred3/train_pos.csv
train_pos_4358,1,/mnt/nw/home/m.yu/repos/foundry/datasets/toxinpred3/train_pos.csv
train_pos_4359,1,/mnt/nw/home/m.yu/repos/foundry/datasets/toxinpred3/train_pos.csv
train_pos_4360,1,/mnt/nw/home/m.yu/repos/foundry/datasets/toxinpred3/train_pos.csv
train_pos_4361,1,/mnt/nw/home/m.yu/repos/foundry/datasets/toxinpred3/train_pos.csv
train_pos_4362,1,/mnt/nw/home/m.yu/repos/foundry/datasets/toxinpred3/train_pos.csv
train_pos_4363,1,/mnt/nw/home/m.yu/repos/foundry/datasets/toxinpred3/train_pos.csv
train_pos_4364,1,/mnt/nw/home/m.yu/repos/foundry/datasets/toxinpred3/train_pos.csv
train_pos_4365,1,/mnt/nw/home/m.yu/repos/foundry/datasets/toxinpred3/train_pos.csv
train_pos_4366,1,/mnt/nw/home/m.yu/repos/foundry/datasets/toxinpred3/train_pos.csv
train_pos_4367,1,/mnt/nw/home/m.yu/repos/foundry/datasets/toxinpred3/train_pos.csv
train_pos_4368,1,/mnt/nw/home/m.yu/repos/foundry/datasets/toxinpred3/train_pos.csv
train_pos_4369,1,/mnt/nw/home/m.yu/repos/foundry/datasets/toxinpred3/train_pos.csv
train_pos_4370,1,/mnt/nw/home/m.yu/repos/foundry/datasets/toxinpred3/train_pos.csv
train_pos_4371,1,/mnt/nw/home/m.yu/repos/foundry/datasets/toxinpred3/train_pos.csv
train_pos_4372,1,/mnt/nw/home/m.yu/repos/foundry/datasets/toxinpred3/train_pos.csv
train_pos_4373,1,/mnt/nw/home/m.yu/repos/foundry/datasets/toxinpred3/train_pos.csv
train_pos_4374,1,/mnt/nw/home/m.yu/repos/foundry/datasets/toxinpred3/train_pos.csv
train_pos_4375,1,/mnt/nw/home/m.yu/repos/foundry/datasets/toxinpred3/train_pos.csv
train_pos_4376,1,/mnt/nw/home/m.yu/repos/foundry/datasets/toxinpred3/train_pos.csv
train_pos_4377,1,/mnt/nw/home/m.yu/repos/foundry/datasets/toxinpred3/train_pos.csv
train_pos_4378,1,/mnt/nw/home/m.yu/repos/foundry/datasets/toxinpred3/train_pos.csv
train_pos_4379,1,/mnt/nw/home/m.yu/repos/foundry/datasets/toxinpred3/train_pos.csv
train_pos_4380,1,/mnt/nw/home/m.yu/repos/foundry/datasets/toxinpred3/train_pos.csv
train_pos_4381,1,/mnt/nw/home/m.yu/repos/foundry/datasets/toxinpred3/train_pos.csv
train_pos_4382,1,/mnt/nw/home/m.yu/repos/foundry/datasets/toxinpred3/train_pos.csv
train_pos_4383,1,/mnt/nw/home/m.yu/repos/foundry/datasets/toxinpred3/train_pos.csv
train_pos_4384,1,/mnt/nw/home/m.yu/repos/foundry/datasets/toxinpred3/train_pos.csv
train_pos_4385,1,/mnt/nw/home/m.yu/repos/foundry/datasets/toxinpred3/train_pos.csv
train_pos_4386,1,/mnt/nw/home/m.yu/repos/foundry/datasets/toxinpred3/train_pos.csv
train_pos_4387,1,/mnt/nw/home/m.yu/repos/foundry/datasets/toxinpred3/train_pos.csv
train_pos_4388,1,/mnt/nw/home/m.yu/repos/foundry/datasets/toxinpred3/train_pos.csv
train_pos_4389,1,/mnt/nw/home/m.yu/repos/foundry/datasets/toxinpred3/train_pos.csv
train_pos_4390,1,/mnt/nw/home/m.yu/repos/foundry/datasets/toxinpred3/train_pos.csv
train_pos_4391,1,/mnt/nw/home/m.yu/repos/foundry/datasets/toxinpred3/train_pos.csv
train_pos_4392,1,/mnt/nw/home/m.yu/repos/foundry/datasets/toxinpred3/train_pos.csv
train_pos_4393,1,/mnt/nw/home/m.yu/repos/foundry/datasets/toxinpred3/train_pos.csv
train_pos_4394,1,/mnt/nw/home/m.yu/repos/foundry/datasets/toxinpred3/train_pos.csv
train_pos_4395,1,/mnt/nw/home/m.yu/repos/foundry/datasets/toxinpred3/train_pos.csv
train_pos_4396,1,/mnt/nw/home/m.yu/repos/foundry/datasets/toxinpred3/train_pos.csv
train_pos_4397,1,/mnt/nw/home/m.yu/repos/foundry/datasets/toxinpred3/train_pos.csv
train_pos_4398,1,/mnt/nw/home/m.yu/repos/foundry/datasets/toxinpred3/train_pos.csv
train_pos_4399,1,/mnt/nw/home/m.yu/repos/foundry/datasets/toxinpred3/train_pos.csv
train_pos_4400,1,/mnt/nw/home/m.yu/repos/foundry/datasets/toxinpred3/train_pos.csv
train_pos_4401,1,/mnt/nw/home/m.yu/repos/foundry/datasets/toxinpred3/train_pos.csv
train_pos_4402,1,/mnt/nw/home/m.yu/repos/foundry/datasets/toxinpred3/train_pos.csv
train_pos_4403,1,/mnt/nw/home/m.yu/repos/foundry/datasets/toxinpred3/train_pos.csv
train_pos_4404,1,/mnt/nw/home/m.yu/repos/foundry/datasets/toxinpred3/train_pos.csv
train_pos_4405,1,/mnt/nw/home/m.yu/repos/foundry/datasets/toxinpred3/train_pos.csv
train_pos_4406,1,/mnt/nw/home/m.yu/repos/foundry/datasets/toxinpred3/train_pos.csv
train_pos_4407,1,/mnt/nw/home/m.yu/repos/foundry/datasets/toxinpred3/train_pos.csv
train_pos_4408,1,/mnt/nw/home/m.yu/repos/foundry/datasets/toxinpred3/train_pos.csv
train_pos_4409,1,/mnt/nw/home/m.yu/repos/foundry/datasets/toxinpred3/train_pos.csv
train_pos_4410,1,/mnt/nw/home/m.yu/repos/foundry/datasets/toxinpred3/train_pos.csv
train_pos_4411,1,/mnt/nw/home/m.yu/repos/foundry/datasets/toxinpred3/train_pos.csv
train_pos_4412,1,/mnt/nw/home/m.yu/repos/foundry/datasets/toxinpred3/train_pos.csv
train_pos_4413,1,/mnt/nw/home/m.yu/repos/foundry/datasets/toxinpred3/train_pos.csv
train_pos_4414,1,/mnt/nw/home/m.yu/repos/foundry/datasets/toxinpred3/train_pos.csv
train_neg_1,0,/mnt/nw/home/m.yu/repos/foundry/datasets/toxinpred3/train_neg.csv
train_neg_2,0,/mnt/nw/home/m.yu/repos/foundry/datasets/toxinpred3/train_neg.csv
train_neg_3,0,/mnt/nw/home/m.yu/repos/foundry/datasets/toxinpred3/train_neg.csv
train_neg_4,0,/mnt/nw/home/m.yu/repos/foundry/datasets/toxinpred3/train_neg.csv
train_neg_5,0,/mnt/nw/home/m.yu/repos/foundry/datasets/toxinpred3/train_neg.csv
train_neg_6,0,/mnt/nw/home/m.yu/repos/foundry/datasets/toxinpred3/train_neg.csv
train_neg_7,0,/mnt/nw/home/m.yu/repos/foundry/datasets/toxinpred3/train_neg.csv
train_neg_8,0,/mnt/nw/home/m.yu/repos/foundry/datasets/toxinpred3/train_neg.csv
train_neg_9,0,/mnt/nw/home/m.yu/repos/foundry/datasets/toxinpred3/train_neg.csv
train_neg_10,0,/mnt/nw/home/m.yu/repos/foundry/datasets/toxinpred3/train_neg.csv
train_neg_11,0,/mnt/nw/home/m.yu/repos/foundry/datasets/toxinpred3/train_neg.csv
train_neg_12,0,/mnt/nw/home/m.yu/repos/foundry/datasets/toxinpred3/train_neg.csv
train_neg_13,0,/mnt/nw/home/m.yu/repos/foundry/datasets/toxinpred3/train_neg.csv
train_neg_14,0,/mnt/nw/home/m.yu/repos/foundry/datasets/toxinpred3/train_neg.csv
train_neg_15,0,/mnt/nw/home/m.yu/repos/foundry/datasets/toxinpred3/train_neg.csv
train_neg_16,0,/mnt/nw/home/m.yu/repos/foundry/datasets/toxinpred3/train_neg.csv
train_neg_17,0,/mnt/nw/home/m.yu/repos/foundry/datasets/toxinpred3/train_neg.csv
train_neg_18,0,/mnt/nw/home/m.yu/repos/foundry/datasets/toxinpred3/train_neg.csv
train_neg_19,0,/mnt/nw/home/m.yu/repos/foundry/datasets/toxinpred3/train_neg.csv
train_neg_20,0,/mnt/nw/home/m.yu/repos/foundry/datasets/toxinpred3/train_neg.csv
train_neg_21,0,/mnt/nw/home/m.yu/repos/foundry/datasets/toxinpred3/train_neg.csv
train_neg_22,0,/mnt/nw/home/m.yu/repos/foundry/datasets/toxinpred3/train_neg.csv
train_neg_23,0,/mnt/nw/home/m.yu/repos/foundry/datasets/toxinpred3/train_neg.csv
train_neg_24,0,/mnt/nw/home/m.yu/repos/foundry/datasets/toxinpred3/train_neg.csv
train_neg_25,0,/mnt/nw/home/m.yu/repos/foundry/datasets/toxinpred3/train_neg.csv
train_neg_26,0,/mnt/nw/home/m.yu/repos/foundry/datasets/toxinpred3/train_neg.csv
train_neg_27,0,/mnt/nw/home/m.yu/repos/foundry/datasets/toxinpred3/train_neg.csv
train_neg_28,0,/mnt/nw/home/m.yu/repos/foundry/datasets/toxinpred3/train_neg.csv
train_neg_29,0,/mnt/nw/home/m.yu/repos/foundry/datasets/toxinpred3/train_neg.csv
train_neg_30,0,/mnt/nw/home/m.yu/repos/foundry/datasets/toxinpred3/train_neg.csv
train_neg_31,0,/mnt/nw/home/m.yu/repos/foundry/datasets/toxinpred3/train_neg.csv
train_neg_32,0,/mnt/nw/home/m.yu/repos/foundry/datasets/toxinpred3/train_neg.csv
train_neg_33,0,/mnt/nw/home/m.yu/repos/foundry/datasets/toxinpred3/train_neg.csv
train_neg_34,0,/mnt/nw/home/m.yu/repos/foundry/datasets/toxinpred3/train_neg.csv
train_neg_35,0,/mnt/nw/home/m.yu/repos/foundry/datasets/toxinpred3/train_neg.csv
train_neg_36,0,/mnt/nw/home/m.yu/repos/foundry/datasets/toxinpred3/train_neg.csv
train_neg_37,0,/mnt/nw/home/m.yu/repos/foundry/datasets/toxinpred3/train_neg.csv
train_neg_38,0,/mnt/nw/home/m.yu/repos/foundry/datasets/toxinpred3/train_neg.csv
train_neg_39,0,/mnt/nw/home/m.yu/repos/foundry/datasets/toxinpred3/train_neg.csv
train_neg_40,0,/mnt/nw/home/m.yu/repos/foundry/datasets/toxinpred3/train_neg.csv
train_neg_41,0,/mnt/nw/home/m.yu/repos/foundry/datasets/toxinpred3/train_neg.csv
train_neg_42,0,/mnt/nw/home/m.yu/repos/foundry/datasets/toxinpred3/train_neg.csv
train_neg_43,0,/mnt/nw/home/m.yu/repos/foundry/datasets/toxinpred3/train_neg.csv
train_neg_44,0,/mnt/nw/home/m.yu/repos/foundry/datasets/toxinpred3/train_neg.csv
train_neg_45,0,/mnt/nw/home/m.yu/repos/foundry/datasets/toxinpred3/train_neg.csv
train_neg_46,0,/mnt/nw/home/m.yu/repos/foundry/datasets/toxinpred3/train_neg.csv
train_neg_47,0,/mnt/nw/home/m.yu/repos/foundry/datasets/toxinpred3/train_neg.csv
train_neg_48,0,/mnt/nw/home/m.yu/repos/foundry/datasets/toxinpred3/train_neg.csv
train_neg_49,0,/mnt/nw/home/m.yu/repos/foundry/datasets/toxinpred3/train_neg.csv
train_neg_50,0,/mnt/nw/home/m.yu/repos/foundry/datasets/toxinpred3/train_neg.csv
train_neg_51,0,/mnt/nw/home/m.yu/repos/foundry/datasets/toxinpred3/train_neg.csv
train_neg_52,0,/mnt/nw/home/m.yu/repos/foundry/datasets/toxinpred3/train_neg.csv
train_neg_53,0,/mnt/nw/home/m.yu/repos/foundry/datasets/toxinpred3/train_neg.csv
train_neg_54,0,/mnt/nw/home/m.yu/repos/foundry/datasets/toxinpred3/train_neg.csv
train_neg_55,0,/mnt/nw/home/m.yu/repos/foundry/datasets/toxinpred3/train_neg.csv
train_neg_56,0,/mnt/nw/home/m.yu/repos/foundry/datasets/toxinpred3/train_neg.csv
train_neg_57,0,/mnt/nw/home/m.yu/repos/foundry/datasets/toxinpred3/train_neg.csv
train_neg_58,0,/mnt/nw/home/m.yu/repos/foundry/datasets/toxinpred3/train_neg.csv
train_neg_59,0,/mnt/nw/home/m.yu/repos/foundry/datasets/toxinpred3/train_neg.csv
train_neg_60,0,/mnt/nw/home/m.yu/repos/foundry/datasets/toxinpred3/train_neg.csv
train_neg_61,0,/mnt/nw/home/m.yu/repos/foundry/datasets/toxinpred3/train_neg.csv
train_neg_62,0,/mnt/nw/home/m.yu/repos/foundry/datasets/toxinpred3/train_neg.csv
train_neg_63,0,/mnt/nw/home/m.yu/repos/foundry/datasets/toxinpred3/train_neg.csv
train_neg_64,0,/mnt/nw/home/m.yu/repos/foundry/datasets/toxinpred3/train_neg.csv
train_neg_65,0,/mnt/nw/home/m.yu/repos/foundry/datasets/toxinpred3/train_neg.csv
train_neg_66,0,/mnt/nw/home/m.yu/repos/foundry/datasets/toxinpred3/train_neg.csv
train_neg_67,0,/mnt/nw/home/m.yu/repos/foundry/datasets/toxinpred3/train_neg.csv
train_neg_68,0,/mnt/nw/home/m.yu/repos/foundry/datasets/toxinpred3/train_neg.csv
train_neg_69,0,/mnt/nw/home/m.yu/repos/foundry/datasets/toxinpred3/train_neg.csv
train_neg_70,0,/mnt/nw/home/m.yu/repos/foundry/datasets/toxinpred3/train_neg.csv
train_neg_71,0,/mnt/nw/home/m.yu/repos/foundry/datasets/toxinpred3/train_neg.csv
train_neg_72,0,/mnt/nw/home/m.yu/repos/foundry/datasets/toxinpred3/train_neg.csv
train_neg_73,0,/mnt/nw/home/m.yu/repos/foundry/datasets/toxinpred3/train_neg.csv
train_neg_74,0,/mnt/nw/home/m.yu/repos/foundry/datasets/toxinpred3/train_neg.csv
train_neg_75,0,/mnt/nw/home/m.yu/repos/foundry/datasets/toxinpred3/train_neg.csv
train_neg_76,0,/mnt/nw/home/m.yu/repos/foundry/datasets/toxinpred3/train_neg.csv
train_neg_77,0,/mnt/nw/home/m.yu/repos/foundry/datasets/toxinpred3/train_neg.csv
train_neg_78,0,/mnt/nw/home/m.yu/repos/foundry/datasets/toxinpred3/train_neg.csv
train_neg_79,0,/mnt/nw/home/m.yu/repos/foundry/datasets/toxinpred3/train_neg.csv
train_neg_80,0,/mnt/nw/home/m.yu/repos/foundry/datasets/toxinpred3/train_neg.csv
train_neg_81,0,/mnt/nw/home/m.yu/repos/foundry/datasets/toxinpred3/train_neg.csv
train_neg_82,0,/mnt/nw/home/m.yu/repos/foundry/datasets/toxinpred3/train_neg.csv
train_neg_83,0,/mnt/nw/home/m.yu/repos/foundry/datasets/toxinpred3/train_neg.csv
train_neg_84,0,/mnt/nw/home/m.yu/repos/foundry/datasets/toxinpred3/train_neg.csv
train_neg_85,0,/mnt/nw/home/m.yu/repos/foundry/datasets/toxinpred3/train_neg.csv
train_neg_86,0,/mnt/nw/home/m.yu/repos/foundry/datasets/toxinpred3/train_neg.csv
train_neg_87,0,/mnt/nw/home/m.yu/repos/foundry/datasets/toxinpred3/train_neg.csv
train_neg_88,0,/mnt/nw/home/m.yu/repos/foundry/datasets/toxinpred3/train_neg.csv
train_neg_89,0,/mnt/nw/home/m.yu/repos/foundry/datasets/toxinpred3/train_neg.csv
train_neg_90,0,/mnt/nw/home/m.yu/repos/foundry/datasets/toxinpred3/train_neg.csv
train_neg_91,0,/mnt/nw/home/m.yu/repos/foundry/datasets/toxinpred3/train_neg.csv
train_neg_92,0,/mnt/nw/home/m.yu/repos/foundry/datasets/toxinpred3/train_neg.csv
train_neg_93,0,/mnt/nw/home/m.yu/repos/foundry/datasets/toxinpred3/train_neg.csv
train_neg_94,0,/mnt/nw/home/m.yu/repos/foundry/datasets/toxinpred3/train_neg.csv
train_neg_95,0,/mnt/nw/home/m.yu/repos/foundry/datasets/toxinpred3/train_neg.csv
train_neg_96,0,/mnt/nw/home/m.yu/repos/foundry/datasets/toxinpred3/train_neg.csv
train_neg_97,0,/mnt/nw/home/m.yu/repos/foundry/datasets/toxinpred3/train_neg.csv
train_neg_98,0,/mnt/nw/home/m.yu/repos/foundry/datasets/toxinpred3/train_neg.csv
train_neg_99,0,/mnt/nw/home/m.yu/repos/foundry/datasets/toxinpred3/train_neg.csv
train_neg_100,0,/mnt/nw/home/m.yu/repos/foundry/datasets/toxinpred3/train_neg.csv
train_neg_101,0,/mnt/nw/home/m.yu/repos/foundry/datasets/toxinpred3/train_neg.csv
train_neg_102,0,/mnt/nw/home/m.yu/repos/foundry/datasets/toxinpred3/train_neg.csv
train_neg_103,0,/mnt/nw/home/m.yu/repos/foundry/datasets/toxinpred3/train_neg.csv
train_neg_104,0,/mnt/nw/home/m.yu/repos/foundry/datasets/toxinpred3/train_neg.csv
train_neg_105,0,/mnt/nw/home/m.yu/repos/foundry/datasets/toxinpred3/train_neg.csv
train_neg_106,0,/mnt/nw/home/m.yu/repos/foundry/datasets/toxinpred3/train_neg.csv
train_neg_107,0,/mnt/nw/home/m.yu/repos/foundry/datasets/toxinpred3/train_neg.csv
train_neg_108,0,/mnt/nw/home/m.yu/repos/foundry/datasets/toxinpred3/train_neg.csv
train_neg_109,0,/mnt/nw/home/m.yu/repos/foundry/datasets/toxinpred3/train_neg.csv
train_neg_110,0,/mnt/nw/home/m.yu/repos/foundry/datasets/toxinpred3/train_neg.csv
train_neg_111,0,/mnt/nw/home/m.yu/repos/foundry/datasets/toxinpred3/train_neg.csv
train_neg_112,0,/mnt/nw/home/m.yu/repos/foundry/datasets/toxinpred3/train_neg.csv
train_neg_113,0,/mnt/nw/home/m.yu/repos/foundry/datasets/toxinpred3/train_neg.csv
train_neg_114,0,/mnt/nw/home/m.yu/repos/foundry/datasets/toxinpred3/train_neg.csv
train_neg_115,0,/mnt/nw/home/m.yu/repos/foundry/datasets/toxinpred3/train_neg.csv
train_neg_116,0,/mnt/nw/home/m.yu/repos/foundry/datasets/toxinpred3/train_neg.csv
train_neg_117,0,/mnt/nw/home/m.yu/repos/foundry/datasets/toxinpred3/train_neg.csv
train_neg_118,0,/mnt/nw/home/m.yu/repos/foundry/datasets/toxinpred3/train_neg.csv
train_neg_119,0,/mnt/nw/home/m.yu/repos/foundry/datasets/toxinpred3/train_neg.csv
train_neg_120,0,/mnt/nw/home/m.yu/repos/foundry/datasets/toxinpred3/train_neg.csv
train_neg_121,0,/mnt/nw/home/m.yu/repos/foundry/datasets/toxinpred3/train_neg.csv
train_neg_122,0,/mnt/nw/home/m.yu/repos/foundry/datasets/toxinpred3/train_neg.csv
train_neg_123,0,/mnt/nw/home/m.yu/repos/foundry/datasets/toxinpred3/train_neg.csv
train_neg_124,0,/mnt/nw/home/m.yu/repos/foundry/datasets/toxinpred3/train_neg.csv
train_neg_125,0,/mnt/nw/home/m.yu/repos/foundry/datasets/toxinpred3/train_neg.csv
train_neg_126,0,/mnt/nw/home/m.yu/repos/foundry/datasets/toxinpred3/train_neg.csv
train_neg_127,0,/mnt/nw/home/m.yu/repos/foundry/datasets/toxinpred3/train_neg.csv
train_neg_128,0,/mnt/nw/home/m.yu/repos/foundry/datasets/toxinpred3/train_neg.csv
train_neg_129,0,/mnt/nw/home/m.yu/repos/foundry/datasets/toxinpred3/train_neg.csv
train_neg_130,0,/mnt/nw/home/m.yu/repos/foundry/datasets/toxinpred3/train_neg.csv
train_neg_131,0,/mnt/nw/home/m.yu/repos/foundry/datasets/toxinpred3/train_neg.csv
train_neg_132,0,/mnt/nw/home/m.yu/repos/foundry/datasets/toxinpred3/train_neg.csv
train_neg_133,0,/mnt/nw/home/m.yu/repos/foundry/datasets/toxinpred3/train_neg.csv
train_neg_134,0,/mnt/nw/home/m.yu/repos/foundry/datasets/toxinpred3/train_neg.csv
train_neg_135,0,/mnt/nw/home/m.yu/repos/foundry/datasets/toxinpred3/train_neg.csv
train_neg_136,0,/mnt/nw/home/m.yu/repos/foundry/datasets/toxinpred3/train_neg.csv
train_neg_137,0,/mnt/nw/home/m.yu/repos/foundry/datasets/toxinpred3/train_neg.csv
train_neg_138,0,/mnt/nw/home/m.yu/repos/foundry/datasets/toxinpred3/train_neg.csv
train_neg_139,0,/mnt/nw/home/m.yu/repos/foundry/datasets/toxinpred3/train_neg.csv
train_neg_140,0,/mnt/nw/home/m.yu/repos/foundry/datasets/toxinpred3/train_neg.csv
train_neg_141,0,/mnt/nw/home/m.yu/repos/foundry/datasets/toxinpred3/train_neg.csv
train_neg_142,0,/mnt/nw/home/m.yu/repos/foundry/datasets/toxinpred3/train_neg.csv
train_neg_143,0,/mnt/nw/home/m.yu/repos/foundry/datasets/toxinpred3/train_neg.csv
train_neg_144,0,/mnt/nw/home/m.yu/repos/foundry/datasets/toxinpred3/train_neg.csv
train_neg_145,0,/mnt/nw/home/m.yu/repos/foundry/datasets/toxinpred3/train_neg.csv
train_neg_146,0,/mnt/nw/home/m.yu/repos/foundry/datasets/toxinpred3/train_neg.csv
train_neg_147,0,/mnt/nw/home/m.yu/repos/foundry/datasets/toxinpred3/train_neg.csv
train_neg_148,0,/mnt/nw/home/m.yu/repos/foundry/datasets/toxinpred3/train_neg.csv
train_neg_149,0,/mnt/nw/home/m.yu/repos/foundry/datasets/toxinpred3/train_neg.csv
train_neg_150,0,/mnt/nw/home/m.yu/repos/foundry/datasets/toxinpred3/train_neg.csv
train_neg_151,0,/mnt/nw/home/m.yu/repos/foundry/datasets/toxinpred3/train_neg.csv
train_neg_152,0,/mnt/nw/home/m.yu/repos/foundry/datasets/toxinpred3/train_neg.csv
train_neg_153,0,/mnt/nw/home/m.yu/repos/foundry/datasets/toxinpred3/train_neg.csv
train_neg_154,0,/mnt/nw/home/m.yu/repos/foundry/datasets/toxinpred3/train_neg.csv
train_neg_155,0,/mnt/nw/home/m.yu/repos/foundry/datasets/toxinpred3/train_neg.csv
train_neg_156,0,/mnt/nw/home/m.yu/repos/foundry/datasets/toxinpred3/train_neg.csv
train_neg_157,0,/mnt/nw/home/m.yu/repos/foundry/datasets/toxinpred3/train_neg.csv
train_neg_158,0,/mnt/nw/home/m.yu/repos/foundry/datasets/toxinpred3/train_neg.csv
train_neg_159,0,/mnt/nw/home/m.yu/repos/foundry/datasets/toxinpred3/train_neg.csv
train_neg_160,0,/mnt/nw/home/m.yu/repos/foundry/datasets/toxinpred3/train_neg.csv
train_neg_161,0,/mnt/nw/home/m.yu/repos/foundry/datasets/toxinpred3/train_neg.csv
train_neg_162,0,/mnt/nw/home/m.yu/repos/foundry/datasets/toxinpred3/train_neg.csv
train_neg_163,0,/mnt/nw/home/m.yu/repos/foundry/datasets/toxinpred3/train_neg.csv
train_neg_164,0,/mnt/nw/home/m.yu/repos/foundry/datasets/toxinpred3/train_neg.csv
train_neg_165,0,/mnt/nw/home/m.yu/repos/foundry/datasets/toxinpred3/train_neg.csv
train_neg_166,0,/mnt/nw/home/m.yu/repos/foundry/datasets/toxinpred3/train_neg.csv
train_neg_167,0,/mnt/nw/home/m.yu/repos/foundry/datasets/toxinpred3/train_neg.csv
train_neg_168,0,/mnt/nw/home/m.yu/repos/foundry/datasets/toxinpred3/train_neg.csv
train_neg_169,0,/mnt/nw/home/m.yu/repos/foundry/datasets/toxinpred3/train_neg.csv
train_neg_170,0,/mnt/nw/home/m.yu/repos/foundry/datasets/toxinpred3/train_neg.csv
train_neg_171,0,/mnt/nw/home/m.yu/repos/foundry/datasets/toxinpred3/train_neg.csv
train_neg_172,0,/mnt/nw/home/m.yu/repos/foundry/datasets/toxinpred3/train_neg.csv
train_neg_173,0,/mnt/nw/home/m.yu/repos/foundry/datasets/toxinpred3/train_neg.csv
train_neg_174,0,/mnt/nw/home/m.yu/repos/foundry/datasets/toxinpred3/train_neg.csv
train_neg_175,0,/mnt/nw/home/m.yu/repos/foundry/datasets/toxinpred3/train_neg.csv
train_neg_176,0,/mnt/nw/home/m.yu/repos/foundry/datasets/toxinpred3/train_neg.csv
train_neg_177,0,/mnt/nw/home/m.yu/repos/foundry/datasets/toxinpred3/train_neg.csv
train_neg_178,0,/mnt/nw/home/m.yu/repos/foundry/datasets/toxinpred3/train_neg.csv
train_neg_179,0,/mnt/nw/home/m.yu/repos/foundry/datasets/toxinpred3/train_neg.csv
train_neg_180,0,/mnt/nw/home/m.yu/repos/foundry/datasets/toxinpred3/train_neg.csv
train_neg_181,0,/mnt/nw/home/m.yu/repos/foundry/datasets/toxinpred3/train_neg.csv
train_neg_182,0,/mnt/nw/home/m.yu/repos/foundry/datasets/toxinpred3/train_neg.csv
train_neg_183,0,/mnt/nw/home/m.yu/repos/foundry/datasets/toxinpred3/train_neg.csv
train_neg_184,0,/mnt/nw/home/m.yu/repos/foundry/datasets/toxinpred3/train_neg.csv
train_neg_185,0,/mnt/nw/home/m.yu/repos/foundry/datasets/toxinpred3/train_neg.csv
train_neg_186,0,/mnt/nw/home/m.yu/repos/foundry/datasets/toxinpred3/train_neg.csv
train_neg_187,0,/mnt/nw/home/m.yu/repos/foundry/datasets/toxinpred3/train_neg.csv
train_neg_188,0,/mnt/nw/home/m.yu/repos/foundry/datasets/toxinpred3/train_neg.csv
train_neg_189,0,/mnt/nw/home/m.yu/repos/foundry/datasets/toxinpred3/train_neg.csv
train_neg_190,0,/mnt/nw/home/m.yu/repos/foundry/datasets/toxinpred3/train_neg.csv
train_neg_191,0,/mnt/nw/home/m.yu/repos/foundry/datasets/toxinpred3/train_neg.csv
train_neg_192,0,/mnt/nw/home/m.yu/repos/foundry/datasets/toxinpred3/train_neg.csv
train_neg_193,0,/mnt/nw/home/m.yu/repos/foundry/datasets/toxinpred3/train_neg.csv
train_neg_194,0,/mnt/nw/home/m.yu/repos/foundry/datasets/toxinpred3/train_neg.csv
train_neg_195,0,/mnt/nw/home/m.yu/repos/foundry/datasets/toxinpred3/train_neg.csv
train_neg_196,0,/mnt/nw/home/m.yu/repos/foundry/datasets/toxinpred3/train_neg.csv
train_neg_197,0,/mnt/nw/home/m.yu/repos/foundry/datasets/toxinpred3/train_neg.csv
train_neg_198,0,/mnt/nw/home/m.yu/repos/foundry/datasets/toxinpred3/train_neg.csv
train_neg_199,0,/mnt/nw/home/m.yu/repos/foundry/datasets/toxinpred3/train_neg.csv
train_neg_200,0,/mnt/nw/home/m.yu/repos/foundry/datasets/toxinpred3/train_neg.csv
train_neg_201,0,/mnt/nw/home/m.yu/repos/foundry/datasets/toxinpred3/train_neg.csv
train_neg_202,0,/mnt/nw/home/m.yu/repos/foundry/datasets/toxinpred3/train_neg.csv
train_neg_203,0,/mnt/nw/home/m.yu/repos/foundry/datasets/toxinpred3/train_neg.csv
train_neg_204,0,/mnt/nw/home/m.yu/repos/foundry/datasets/toxinpred3/train_neg.csv
train_neg_205,0,/mnt/nw/home/m.yu/repos/foundry/datasets/toxinpred3/train_neg.csv
train_neg_206,0,/mnt/nw/home/m.yu/repos/foundry/datasets/toxinpred3/train_neg.csv
train_neg_207,0,/mnt/nw/home/m.yu/repos/foundry/datasets/toxinpred3/train_neg.csv
train_neg_208,0,/mnt/nw/home/m.yu/repos/foundry/datasets/toxinpred3/train_neg.csv
train_neg_209,0,/mnt/nw/home/m.yu/repos/foundry/datasets/toxinpred3/train_neg.csv
train_neg_210,0,/mnt/nw/home/m.yu/repos/foundry/datasets/toxinpred3/train_neg.csv
train_neg_211,0,/mnt/nw/home/m.yu/repos/foundry/datasets/toxinpred3/train_neg.csv
train_neg_212,0,/mnt/nw/home/m.yu/repos/foundry/datasets/toxinpred3/train_neg.csv
train_neg_213,0,/mnt/nw/home/m.yu/repos/foundry/datasets/toxinpred3/train_neg.csv
train_neg_214,0,/mnt/nw/home/m.yu/repos/foundry/datasets/toxinpred3/train_neg.csv
train_neg_215,0,/mnt/nw/home/m.yu/repos/foundry/datasets/toxinpred3/train_neg.csv
train_neg_216,0,/mnt/nw/home/m.yu/repos/foundry/datasets/toxinpred3/train_neg.csv
train_neg_217,0,/mnt/nw/home/m.yu/repos/foundry/datasets/toxinpred3/train_neg.csv
train_neg_218,0,/mnt/nw/home/m.yu/repos/foundry/datasets/toxinpred3/train_neg.csv
train_neg_219,0,/mnt/nw/home/m.yu/repos/foundry/datasets/toxinpred3/train_neg.csv
train_neg_220,0,/mnt/nw/home/m.yu/repos/foundry/datasets/toxinpred3/train_neg.csv
train_neg_221,0,/mnt/nw/home/m.yu/repos/foundry/datasets/toxinpred3/train_neg.csv
train_neg_222,0,/mnt/nw/home/m.yu/repos/foundry/datasets/toxinpred3/train_neg.csv
train_neg_223,0,/mnt/nw/home/m.yu/repos/foundry/datasets/toxinpred3/train_neg.csv
train_neg_224,0,/mnt/nw/home/m.yu/repos/foundry/datasets/toxinpred3/train_neg.csv
train_neg_225,0,/mnt/nw/home/m.yu/repos/foundry/datasets/toxinpred3/train_neg.csv
train_neg_226,0,/mnt/nw/home/m.yu/repos/foundry/datasets/toxinpred3/train_neg.csv
train_neg_227,0,/mnt/nw/home/m.yu/repos/foundry/datasets/toxinpred3/train_neg.csv
train_neg_228,0,/mnt/nw/home/m.yu/repos/foundry/datasets/toxinpred3/train_neg.csv
train_neg_229,0,/mnt/nw/home/m.yu/repos/foundry/datasets/toxinpred3/train_neg.csv
train_neg_230,0,/mnt/nw/home/m.yu/repos/foundry/datasets/toxinpred3/train_neg.csv
train_neg_231,0,/mnt/nw/home/m.yu/repos/foundry/datasets/toxinpred3/train_neg.csv
train_neg_232,0,/mnt/nw/home/m.yu/repos/foundry/datasets/toxinpred3/train_neg.csv
train_neg_233,0,/mnt/nw/home/m.yu/repos/foundry/datasets/toxinpred3/train_neg.csv
train_neg_234,0,/mnt/nw/home/m.yu/repos/foundry/datasets/toxinpred3/train_neg.csv
train_neg_235,0,/mnt/nw/home/m.yu/repos/foundry/datasets/toxinpred3/train_neg.csv
train_neg_236,0,/mnt/nw/home/m.yu/repos/foundry/datasets/toxinpred3/train_neg.csv
train_neg_237,0,/mnt/nw/home/m.yu/repos/foundry/datasets/toxinpred3/train_neg.csv
train_neg_238,0,/mnt/nw/home/m.yu/repos/foundry/datasets/toxinpred3/train_neg.csv
train_neg_239,0,/mnt/nw/home/m.yu/repos/foundry/datasets/toxinpred3/train_neg.csv
train_neg_240,0,/mnt/nw/home/m.yu/repos/foundry/datasets/toxinpred3/train_neg.csv
train_neg_241,0,/mnt/nw/home/m.yu/repos/foundry/datasets/toxinpred3/train_neg.csv
train_neg_242,0,/mnt/nw/home/m.yu/repos/foundry/datasets/toxinpred3/train_neg.csv
train_neg_243,0,/mnt/nw/home/m.yu/repos/foundry/datasets/toxinpred3/train_neg.csv
train_neg_244,0,/mnt/nw/home/m.yu/repos/foundry/datasets/toxinpred3/train_neg.csv
train_neg_245,0,/mnt/nw/home/m.yu/repos/foundry/datasets/toxinpred3/train_neg.csv
train_neg_246,0,/mnt/nw/home/m.yu/repos/foundry/datasets/toxinpred3/train_neg.csv
train_neg_247,0,/mnt/nw/home/m.yu/repos/foundry/datasets/toxinpred3/train_neg.csv
train_neg_248,0,/mnt/nw/home/m.yu/repos/foundry/datasets/toxinpred3/train_neg.csv
train_neg_249,0,/mnt/nw/home/m.yu/repos/foundry/datasets/toxinpred3/train_neg.csv
train_neg_250,0,/mnt/nw/home/m.yu/repos/foundry/datasets/toxinpred3/train_neg.csv
train_neg_251,0,/mnt/nw/home/m.yu/repos/foundry/datasets/toxinpred3/train_neg.csv
train_neg_252,0,/mnt/nw/home/m.yu/repos/foundry/datasets/toxinpred3/train_neg.csv
train_neg_253,0,/mnt/nw/home/m.yu/repos/foundry/datasets/toxinpred3/train_neg.csv
train_neg_254,0,/mnt/nw/home/m.yu/repos/foundry/datasets/toxinpred3/train_neg.csv
train_neg_255,0,/mnt/nw/home/m.yu/repos/foundry/datasets/toxinpred3/train_neg.csv
train_neg_256,0,/mnt/nw/home/m.yu/repos/foundry/datasets/toxinpred3/train_neg.csv
train_neg_257,0,/mnt/nw/home/m.yu/repos/foundry/datasets/toxinpred3/train_neg.csv
train_neg_258,0,/mnt/nw/home/m.yu/repos/foundry/datasets/toxinpred3/train_neg.csv
train_neg_259,0,/mnt/nw/home/m.yu/repos/foundry/datasets/toxinpred3/train_neg.csv
train_neg_260,0,/mnt/nw/home/m.yu/repos/foundry/datasets/toxinpred3/train_neg.csv
train_neg_261,0,/mnt/nw/home/m.yu/repos/foundry/datasets/toxinpred3/train_neg.csv
train_neg_262,0,/mnt/nw/home/m.yu/repos/foundry/datasets/toxinpred3/train_neg.csv
train_neg_263,0,/mnt/nw/home/m.yu/repos/foundry/datasets/toxinpred3/train_neg.csv
train_neg_264,0,/mnt/nw/home/m.yu/repos/foundry/datasets/toxinpred3/train_neg.csv
train_neg_265,0,/mnt/nw/home/m.yu/repos/foundry/datasets/toxinpred3/train_neg.csv
train_neg_266,0,/mnt/nw/home/m.yu/repos/foundry/datasets/toxinpred3/train_neg.csv
train_neg_267,0,/mnt/nw/home/m.yu/repos/foundry/datasets/toxinpred3/train_neg.csv
train_neg_268,0,/mnt/nw/home/m.yu/repos/foundry/datasets/toxinpred3/train_neg.csv
train_neg_269,0,/mnt/nw/home/m.yu/repos/foundry/datasets/toxinpred3/train_neg.csv
train_neg_270,0,/mnt/nw/home/m.yu/repos/foundry/datasets/toxinpred3/train_neg.csv
train_neg_271,0,/mnt/nw/home/m.yu/repos/foundry/datasets/toxinpred3/train_neg.csv
train_neg_272,0,/mnt/nw/home/m.yu/repos/foundry/datasets/toxinpred3/train_neg.csv
train_neg_273,0,/mnt/nw/home/m.yu/repos/foundry/datasets/toxinpred3/train_neg.csv
train_neg_274,0,/mnt/nw/home/m.yu/repos/foundry/datasets/toxinpred3/train_neg.csv
train_neg_275,0,/mnt/nw/home/m.yu/repos/foundry/datasets/toxinpred3/train_neg.csv
train_neg_276,0,/mnt/nw/home/m.yu/repos/foundry/datasets/toxinpred3/train_neg.csv
train_neg_277,0,/mnt/nw/home/m.yu/repos/foundry/datasets/toxinpred3/train_neg.csv
train_neg_278,0,/mnt/nw/home/m.yu/repos/foundry/datasets/toxinpred3/train_neg.csv
train_neg_279,0,/mnt/nw/home/m.yu/repos/foundry/datasets/toxinpred3/train_neg.csv
train_neg_280,0,/mnt/nw/home/m.yu/repos/foundry/datasets/toxinpred3/train_neg.csv
train_neg_281,0,/mnt/nw/home/m.yu/repos/foundry/datasets/toxinpred3/train_neg.csv
train_neg_282,0,/mnt/nw/home/m.yu/repos/foundry/datasets/toxinpred3/train_neg.csv
train_neg_283,0,/mnt/nw/home/m.yu/repos/foundry/datasets/toxinpred3/train_neg.csv
train_neg_284,0,/mnt/nw/home/m.yu/repos/foundry/datasets/toxinpred3/train_neg.csv
train_neg_285,0,/mnt/nw/home/m.yu/repos/foundry/datasets/toxinpred3/train_neg.csv
train_neg_286,0,/mnt/nw/home/m.yu/repos/foundry/datasets/toxinpred3/train_neg.csv
train_neg_287,0,/mnt/nw/home/m.yu/repos/foundry/datasets/toxinpred3/train_neg.csv
train_neg_288,0,/mnt/nw/home/m.yu/repos/foundry/datasets/toxinpred3/train_neg.csv
train_neg_289,0,/mnt/nw/home/m.yu/repos/foundry/datasets/toxinpred3/train_neg.csv
train_neg_290,0,/mnt/nw/home/m.yu/repos/foundry/datasets/toxinpred3/train_neg.csv
train_neg_291,0,/mnt/nw/home/m.yu/repos/foundry/datasets/toxinpred3/train_neg.csv
train_neg_292,0,/mnt/nw/home/m.yu/repos/foundry/datasets/toxinpred3/train_neg.csv
train_neg_293,0,/mnt/nw/home/m.yu/repos/foundry/datasets/toxinpred3/train_neg.csv
train_neg_294,0,/mnt/nw/home/m.yu/repos/foundry/datasets/toxinpred3/train_neg.csv
train_neg_295,0,/mnt/nw/home/m.yu/repos/foundry/datasets/toxinpred3/train_neg.csv
train_neg_296,0,/mnt/nw/home/m.yu/repos/foundry/datasets/toxinpred3/train_neg.csv
train_neg_297,0,/mnt/nw/home/m.yu/repos/foundry/datasets/toxinpred3/train_neg.csv
train_neg_298,0,/mnt/nw/home/m.yu/repos/foundry/datasets/toxinpred3/train_neg.csv
train_neg_299,0,/mnt/nw/home/m.yu/repos/foundry/datasets/toxinpred3/train_neg.csv
train_neg_300,0,/mnt/nw/home/m.yu/repos/foundry/datasets/toxinpred3/train_neg.csv
train_neg_301,0,/mnt/nw/home/m.yu/repos/foundry/datasets/toxinpred3/train_neg.csv
train_neg_302,0,/mnt/nw/home/m.yu/repos/foundry/datasets/toxinpred3/train_neg.csv
train_neg_303,0,/mnt/nw/home/m.yu/repos/foundry/datasets/toxinpred3/train_neg.csv
train_neg_304,0,/mnt/nw/home/m.yu/repos/foundry/datasets/toxinpred3/train_neg.csv
train_neg_305,0,/mnt/nw/home/m.yu/repos/foundry/datasets/toxinpred3/train_neg.csv
train_neg_306,0,/mnt/nw/home/m.yu/repos/foundry/datasets/toxinpred3/train_neg.csv
train_neg_307,0,/mnt/nw/home/m.yu/repos/foundry/datasets/toxinpred3/train_neg.csv
train_neg_308,0,/mnt/nw/home/m.yu/repos/foundry/datasets/toxinpred3/train_neg.csv
train_neg_309,0,/mnt/nw/home/m.yu/repos/foundry/datasets/toxinpred3/train_neg.csv
train_neg_310,0,/mnt/nw/home/m.yu/repos/foundry/datasets/toxinpred3/train_neg.csv
train_neg_311,0,/mnt/nw/home/m.yu/repos/foundry/datasets/toxinpred3/train_neg.csv
train_neg_312,0,/mnt/nw/home/m.yu/repos/foundry/datasets/toxinpred3/train_neg.csv
train_neg_313,0,/mnt/nw/home/m.yu/repos/foundry/datasets/toxinpred3/train_neg.csv
train_neg_314,0,/mnt/nw/home/m.yu/repos/foundry/datasets/toxinpred3/train_neg.csv
train_neg_315,0,/mnt/nw/home/m.yu/repos/foundry/datasets/toxinpred3/train_neg.csv
train_neg_316,0,/mnt/nw/home/m.yu/repos/foundry/datasets/toxinpred3/train_neg.csv
train_neg_317,0,/mnt/nw/home/m.yu/repos/foundry/datasets/toxinpred3/train_neg.csv
train_neg_318,0,/mnt/nw/home/m.yu/repos/foundry/datasets/toxinpred3/train_neg.csv
train_neg_319,0,/mnt/nw/home/m.yu/repos/foundry/datasets/toxinpred3/train_neg.csv
train_neg_320,0,/mnt/nw/home/m.yu/repos/foundry/datasets/toxinpred3/train_neg.csv
train_neg_321,0,/mnt/nw/home/m.yu/repos/foundry/datasets/toxinpred3/train_neg.csv
train_neg_322,0,/mnt/nw/home/m.yu/repos/foundry/datasets/toxinpred3/train_neg.csv
train_neg_323,0,/mnt/nw/home/m.yu/repos/foundry/datasets/toxinpred3/train_neg.csv
train_neg_324,0,/mnt/nw/home/m.yu/repos/foundry/datasets/toxinpred3/train_neg.csv
train_neg_325,0,/mnt/nw/home/m.yu/repos/foundry/datasets/toxinpred3/train_neg.csv
train_neg_326,0,/mnt/nw/home/m.yu/repos/foundry/datasets/toxinpred3/train_neg.csv
train_neg_327,0,/mnt/nw/home/m.yu/repos/foundry/datasets/toxinpred3/train_neg.csv
train_neg_328,0,/mnt/nw/home/m.yu/repos/foundry/datasets/toxinpred3/train_neg.csv
train_neg_329,0,/mnt/nw/home/m.yu/repos/foundry/datasets/toxinpred3/train_neg.csv
train_neg_330,0,/mnt/nw/home/m.yu/repos/foundry/datasets/toxinpred3/train_neg.csv
train_neg_331,0,/mnt/nw/home/m.yu/repos/foundry/datasets/toxinpred3/train_neg.csv
train_neg_332,0,/mnt/nw/home/m.yu/repos/foundry/datasets/toxinpred3/train_neg.csv
train_neg_333,0,/mnt/nw/home/m.yu/repos/foundry/datasets/toxinpred3/train_neg.csv
train_neg_334,0,/mnt/nw/home/m.yu/repos/foundry/datasets/toxinpred3/train_neg.csv
train_neg_335,0,/mnt/nw/home/m.yu/repos/foundry/datasets/toxinpred3/train_neg.csv
train_neg_336,0,/mnt/nw/home/m.yu/repos/foundry/datasets/toxinpred3/train_neg.csv
train_neg_337,0,/mnt/nw/home/m.yu/repos/foundry/datasets/toxinpred3/train_neg.csv
train_neg_338,0,/mnt/nw/home/m.yu/repos/foundry/datasets/toxinpred3/train_neg.csv
train_neg_339,0,/mnt/nw/home/m.yu/repos/foundry/datasets/toxinpred3/train_neg.csv
train_neg_340,0,/mnt/nw/home/m.yu/repos/foundry/datasets/toxinpred3/train_neg.csv
train_neg_341,0,/mnt/nw/home/m.yu/repos/foundry/datasets/toxinpred3/train_neg.csv
train_neg_342,0,/mnt/nw/home/m.yu/repos/foundry/datasets/toxinpred3/train_neg.csv
train_neg_343,0,/mnt/nw/home/m.yu/repos/foundry/datasets/toxinpred3/train_neg.csv
train_neg_344,0,/mnt/nw/home/m.yu/repos/foundry/datasets/toxinpred3/train_neg.csv
train_neg_345,0,/mnt/nw/home/m.yu/repos/foundry/datasets/toxinpred3/train_neg.csv
train_neg_346,0,/mnt/nw/home/m.yu/repos/foundry/datasets/toxinpred3/train_neg.csv
train_neg_347,0,/mnt/nw/home/m.yu/repos/foundry/datasets/toxinpred3/train_neg.csv
train_neg_348,0,/mnt/nw/home/m.yu/repos/foundry/datasets/toxinpred3/train_neg.csv
train_neg_349,0,/mnt/nw/home/m.yu/repos/foundry/datasets/toxinpred3/train_neg.csv
train_neg_350,0,/mnt/nw/home/m.yu/repos/foundry/datasets/toxinpred3/train_neg.csv
train_neg_351,0,/mnt/nw/home/m.yu/repos/foundry/datasets/toxinpred3/train_neg.csv
train_neg_352,0,/mnt/nw/home/m.yu/repos/foundry/datasets/toxinpred3/train_neg.csv
train_neg_353,0,/mnt/nw/home/m.yu/repos/foundry/datasets/toxinpred3/train_neg.csv
train_neg_354,0,/mnt/nw/home/m.yu/repos/foundry/datasets/toxinpred3/train_neg.csv
train_neg_355,0,/mnt/nw/home/m.yu/repos/foundry/datasets/toxinpred3/train_neg.csv
train_neg_356,0,/mnt/nw/home/m.yu/repos/foundry/datasets/toxinpred3/train_neg.csv
train_neg_357,0,/mnt/nw/home/m.yu/repos/foundry/datasets/toxinpred3/train_neg.csv
train_neg_358,0,/mnt/nw/home/m.yu/repos/foundry/datasets/toxinpred3/train_neg.csv
train_neg_359,0,/mnt/nw/home/m.yu/repos/foundry/datasets/toxinpred3/train_neg.csv
train_neg_360,0,/mnt/nw/home/m.yu/repos/foundry/datasets/toxinpred3/train_neg.csv
train_neg_361,0,/mnt/nw/home/m.yu/repos/foundry/datasets/toxinpred3/train_neg.csv
train_neg_362,0,/mnt/nw/home/m.yu/repos/foundry/datasets/toxinpred3/train_neg.csv
train_neg_363,0,/mnt/nw/home/m.yu/repos/foundry/datasets/toxinpred3/train_neg.csv
train_neg_364,0,/mnt/nw/home/m.yu/repos/foundry/datasets/toxinpred3/train_neg.csv
train_neg_365,0,/mnt/nw/home/m.yu/repos/foundry/datasets/toxinpred3/train_neg.csv
train_neg_366,0,/mnt/nw/home/m.yu/repos/foundry/datasets/toxinpred3/train_neg.csv
train_neg_367,0,/mnt/nw/home/m.yu/repos/foundry/datasets/toxinpred3/train_neg.csv
train_neg_368,0,/mnt/nw/home/m.yu/repos/foundry/datasets/toxinpred3/train_neg.csv
train_neg_369,0,/mnt/nw/home/m.yu/repos/foundry/datasets/toxinpred3/train_neg.csv
train_neg_370,0,/mnt/nw/home/m.yu/repos/foundry/datasets/toxinpred3/train_neg.csv
train_neg_371,0,/mnt/nw/home/m.yu/repos/foundry/datasets/toxinpred3/train_neg.csv
train_neg_372,0,/mnt/nw/home/m.yu/repos/foundry/datasets/toxinpred3/train_neg.csv
train_neg_373,0,/mnt/nw/home/m.yu/repos/foundry/datasets/toxinpred3/train_neg.csv
train_neg_374,0,/mnt/nw/home/m.yu/repos/foundry/datasets/toxinpred3/train_neg.csv
train_neg_375,0,/mnt/nw/home/m.yu/repos/foundry/datasets/toxinpred3/train_neg.csv
train_neg_376,0,/mnt/nw/home/m.yu/repos/foundry/datasets/toxinpred3/train_neg.csv
train_neg_377,0,/mnt/nw/home/m.yu/repos/foundry/datasets/toxinpred3/train_neg.csv
train_neg_378,0,/mnt/nw/home/m.yu/repos/foundry/datasets/toxinpred3/train_neg.csv
train_neg_379,0,/mnt/nw/home/m.yu/repos/foundry/datasets/toxinpred3/train_neg.csv
train_neg_380,0,/mnt/nw/home/m.yu/repos/foundry/datasets/toxinpred3/train_neg.csv
train_neg_381,0,/mnt/nw/home/m.yu/repos/foundry/datasets/toxinpred3/train_neg.csv
train_neg_382,0,/mnt/nw/home/m.yu/repos/foundry/datasets/toxinpred3/train_neg.csv
train_neg_383,0,/mnt/nw/home/m.yu/repos/foundry/datasets/toxinpred3/train_neg.csv
train_neg_384,0,/mnt/nw/home/m.yu/repos/foundry/datasets/toxinpred3/train_neg.csv
train_neg_385,0,/mnt/nw/home/m.yu/repos/foundry/datasets/toxinpred3/train_neg.csv
train_neg_386,0,/mnt/nw/home/m.yu/repos/foundry/datasets/toxinpred3/train_neg.csv
train_neg_387,0,/mnt/nw/home/m.yu/repos/foundry/datasets/toxinpred3/train_neg.csv
train_neg_388,0,/mnt/nw/home/m.yu/repos/foundry/datasets/toxinpred3/train_neg.csv
train_neg_389,0,/mnt/nw/home/m.yu/repos/foundry/datasets/toxinpred3/train_neg.csv
train_neg_390,0,/mnt/nw/home/m.yu/repos/foundry/datasets/toxinpred3/train_neg.csv
train_neg_391,0,/mnt/nw/home/m.yu/repos/foundry/datasets/toxinpred3/train_neg.csv
train_neg_392,0,/mnt/nw/home/m.yu/repos/foundry/datasets/toxinpred3/train_neg.csv
train_neg_393,0,/mnt/nw/home/m.yu/repos/foundry/datasets/toxinpred3/train_neg.csv
train_neg_394,0,/mnt/nw/home/m.yu/repos/foundry/datasets/toxinpred3/train_neg.csv
train_neg_395,0,/mnt/nw/home/m.yu/repos/foundry/datasets/toxinpred3/train_neg.csv
train_neg_396,0,/mnt/nw/home/m.yu/repos/foundry/datasets/toxinpred3/train_neg.csv
train_neg_397,0,/mnt/nw/home/m.yu/repos/foundry/datasets/toxinpred3/train_neg.csv
train_neg_398,0,/mnt/nw/home/m.yu/repos/foundry/datasets/toxinpred3/train_neg.csv
train_neg_399,0,/mnt/nw/home/m.yu/repos/foundry/datasets/toxinpred3/train_neg.csv
train_neg_400,0,/mnt/nw/home/m.yu/repos/foundry/datasets/toxinpred3/train_neg.csv
train_neg_401,0,/mnt/nw/home/m.yu/repos/foundry/datasets/toxinpred3/train_neg.csv
train_neg_402,0,/mnt/nw/home/m.yu/repos/foundry/datasets/toxinpred3/train_neg.csv
train_neg_403,0,/mnt/nw/home/m.yu/repos/foundry/datasets/toxinpred3/train_neg.csv
train_neg_404,0,/mnt/nw/home/m.yu/repos/foundry/datasets/toxinpred3/train_neg.csv
train_neg_405,0,/mnt/nw/home/m.yu/repos/foundry/datasets/toxinpred3/train_neg.csv
train_neg_406,0,/mnt/nw/home/m.yu/repos/foundry/datasets/toxinpred3/train_neg.csv
train_neg_407,0,/mnt/nw/home/m.yu/repos/foundry/datasets/toxinpred3/train_neg.csv
train_neg_408,0,/mnt/nw/home/m.yu/repos/foundry/datasets/toxinpred3/train_neg.csv
train_neg_409,0,/mnt/nw/home/m.yu/repos/foundry/datasets/toxinpred3/train_neg.csv
train_neg_410,0,/mnt/nw/home/m.yu/repos/foundry/datasets/toxinpred3/train_neg.csv
train_neg_411,0,/mnt/nw/home/m.yu/repos/foundry/datasets/toxinpred3/train_neg.csv
train_neg_412,0,/mnt/nw/home/m.yu/repos/foundry/datasets/toxinpred3/train_neg.csv
train_neg_413,0,/mnt/nw/home/m.yu/repos/foundry/datasets/toxinpred3/train_neg.csv
train_neg_414,0,/mnt/nw/home/m.yu/repos/foundry/datasets/toxinpred3/train_neg.csv
train_neg_415,0,/mnt/nw/home/m.yu/repos/foundry/datasets/toxinpred3/train_neg.csv
train_neg_416,0,/mnt/nw/home/m.yu/repos/foundry/datasets/toxinpred3/train_neg.csv
train_neg_417,0,/mnt/nw/home/m.yu/repos/foundry/datasets/toxinpred3/train_neg.csv
train_neg_418,0,/mnt/nw/home/m.yu/repos/foundry/datasets/toxinpred3/train_neg.csv
train_neg_419,0,/mnt/nw/home/m.yu/repos/foundry/datasets/toxinpred3/train_neg.csv
train_neg_420,0,/mnt/nw/home/m.yu/repos/foundry/datasets/toxinpred3/train_neg.csv
train_neg_421,0,/mnt/nw/home/m.yu/repos/foundry/datasets/toxinpred3/train_neg.csv
train_neg_422,0,/mnt/nw/home/m.yu/repos/foundry/datasets/toxinpred3/train_neg.csv
train_neg_423,0,/mnt/nw/home/m.yu/repos/foundry/datasets/toxinpred3/train_neg.csv
train_neg_424,0,/mnt/nw/home/m.yu/repos/foundry/datasets/toxinpred3/train_neg.csv
train_neg_425,0,/mnt/nw/home/m.yu/repos/foundry/datasets/toxinpred3/train_neg.csv
train_neg_426,0,/mnt/nw/home/m.yu/repos/foundry/datasets/toxinpred3/train_neg.csv
train_neg_427,0,/mnt/nw/home/m.yu/repos/foundry/datasets/toxinpred3/train_neg.csv
train_neg_428,0,/mnt/nw/home/m.yu/repos/foundry/datasets/toxinpred3/train_neg.csv
train_neg_429,0,/mnt/nw/home/m.yu/repos/foundry/datasets/toxinpred3/train_neg.csv
train_neg_430,0,/mnt/nw/home/m.yu/repos/foundry/datasets/toxinpred3/train_neg.csv
train_neg_431,0,/mnt/nw/home/m.yu/repos/foundry/datasets/toxinpred3/train_neg.csv
train_neg_432,0,/mnt/nw/home/m.yu/repos/foundry/datasets/toxinpred3/train_neg.csv
train_neg_433,0,/mnt/nw/home/m.yu/repos/foundry/datasets/toxinpred3/train_neg.csv
train_neg_434,0,/mnt/nw/home/m.yu/repos/foundry/datasets/toxinpred3/train_neg.csv
train_neg_435,0,/mnt/nw/home/m.yu/repos/foundry/datasets/toxinpred3/train_neg.csv
train_neg_436,0,/mnt/nw/home/m.yu/repos/foundry/datasets/toxinpred3/train_neg.csv
train_neg_437,0,/mnt/nw/home/m.yu/repos/foundry/datasets/toxinpred3/train_neg.csv
train_neg_438,0,/mnt/nw/home/m.yu/repos/foundry/datasets/toxinpred3/train_neg.csv
train_neg_439,0,/mnt/nw/home/m.yu/repos/foundry/datasets/toxinpred3/train_neg.csv
train_neg_440,0,/mnt/nw/home/m.yu/repos/foundry/datasets/toxinpred3/train_neg.csv
train_neg_441,0,/mnt/nw/home/m.yu/repos/foundry/datasets/toxinpred3/train_neg.csv
train_neg_442,0,/mnt/nw/home/m.yu/repos/foundry/datasets/toxinpred3/train_neg.csv
train_neg_443,0,/mnt/nw/home/m.yu/repos/foundry/datasets/toxinpred3/train_neg.csv
train_neg_444,0,/mnt/nw/home/m.yu/repos/foundry/datasets/toxinpred3/train_neg.csv
train_neg_445,0,/mnt/nw/home/m.yu/repos/foundry/datasets/toxinpred3/train_neg.csv
train_neg_446,0,/mnt/nw/home/m.yu/repos/foundry/datasets/toxinpred3/train_neg.csv
train_neg_447,0,/mnt/nw/home/m.yu/repos/foundry/datasets/toxinpred3/train_neg.csv
train_neg_448,0,/mnt/nw/home/m.yu/repos/foundry/datasets/toxinpred3/train_neg.csv
train_neg_449,0,/mnt/nw/home/m.yu/repos/foundry/datasets/toxinpred3/train_neg.csv
train_neg_450,0,/mnt/nw/home/m.yu/repos/foundry/datasets/toxinpred3/train_neg.csv
train_neg_451,0,/mnt/nw/home/m.yu/repos/foundry/datasets/toxinpred3/train_neg.csv
train_neg_452,0,/mnt/nw/home/m.yu/repos/foundry/datasets/toxinpred3/train_neg.csv
train_neg_453,0,/mnt/nw/home/m.yu/repos/foundry/datasets/toxinpred3/train_neg.csv
train_neg_454,0,/mnt/nw/home/m.yu/repos/foundry/datasets/toxinpred3/train_neg.csv
train_neg_455,0,/mnt/nw/home/m.yu/repos/foundry/datasets/toxinpred3/train_neg.csv
train_neg_456,0,/mnt/nw/home/m.yu/repos/foundry/datasets/toxinpred3/train_neg.csv
train_neg_457,0,/mnt/nw/home/m.yu/repos/foundry/datasets/toxinpred3/train_neg.csv
train_neg_458,0,/mnt/nw/home/m.yu/repos/foundry/datasets/toxinpred3/train_neg.csv
train_neg_459,0,/mnt/nw/home/m.yu/repos/foundry/datasets/toxinpred3/train_neg.csv
train_neg_460,0,/mnt/nw/home/m.yu/repos/foundry/datasets/toxinpred3/train_neg.csv
train_neg_461,0,/mnt/nw/home/m.yu/repos/foundry/datasets/toxinpred3/train_neg.csv
train_neg_462,0,/mnt/nw/home/m.yu/repos/foundry/datasets/toxinpred3/train_neg.csv
train_neg_463,0,/mnt/nw/home/m.yu/repos/foundry/datasets/toxinpred3/train_neg.csv
train_neg_464,0,/mnt/nw/home/m.yu/repos/foundry/datasets/toxinpred3/train_neg.csv
train_neg_465,0,/mnt/nw/home/m.yu/repos/foundry/datasets/toxinpred3/train_neg.csv
train_neg_466,0,/mnt/nw/home/m.yu/repos/foundry/datasets/toxinpred3/train_neg.csv
train_neg_467,0,/mnt/nw/home/m.yu/repos/foundry/datasets/toxinpred3/train_neg.csv
train_neg_468,0,/mnt/nw/home/m.yu/repos/foundry/datasets/toxinpred3/train_neg.csv
train_neg_469,0,/mnt/nw/home/m.yu/repos/foundry/datasets/toxinpred3/train_neg.csv
train_neg_470,0,/mnt/nw/home/m.yu/repos/foundry/datasets/toxinpred3/train_neg.csv
train_neg_471,0,/mnt/nw/home/m.yu/repos/foundry/datasets/toxinpred3/train_neg.csv
train_neg_472,0,/mnt/nw/home/m.yu/repos/foundry/datasets/toxinpred3/train_neg.csv
train_neg_473,0,/mnt/nw/home/m.yu/repos/foundry/datasets/toxinpred3/train_neg.csv
train_neg_474,0,/mnt/nw/home/m.yu/repos/foundry/datasets/toxinpred3/train_neg.csv
train_neg_475,0,/mnt/nw/home/m.yu/repos/foundry/datasets/toxinpred3/train_neg.csv
train_neg_476,0,/mnt/nw/home/m.yu/repos/foundry/datasets/toxinpred3/train_neg.csv
train_neg_477,0,/mnt/nw/home/m.yu/repos/foundry/datasets/toxinpred3/train_neg.csv
train_neg_478,0,/mnt/nw/home/m.yu/repos/foundry/datasets/toxinpred3/train_neg.csv
train_neg_479,0,/mnt/nw/home/m.yu/repos/foundry/datasets/toxinpred3/train_neg.csv
train_neg_480,0,/mnt/nw/home/m.yu/repos/foundry/datasets/toxinpred3/train_neg.csv
train_neg_481,0,/mnt/nw/home/m.yu/repos/foundry/datasets/toxinpred3/train_neg.csv
train_neg_482,0,/mnt/nw/home/m.yu/repos/foundry/datasets/toxinpred3/train_neg.csv
train_neg_483,0,/mnt/nw/home/m.yu/repos/foundry/datasets/toxinpred3/train_neg.csv
train_neg_484,0,/mnt/nw/home/m.yu/repos/foundry/datasets/toxinpred3/train_neg.csv
train_neg_485,0,/mnt/nw/home/m.yu/repos/foundry/datasets/toxinpred3/train_neg.csv
train_neg_486,0,/mnt/nw/home/m.yu/repos/foundry/datasets/toxinpred3/train_neg.csv
train_neg_487,0,/mnt/nw/home/m.yu/repos/foundry/datasets/toxinpred3/train_neg.csv
train_neg_488,0,/mnt/nw/home/m.yu/repos/foundry/datasets/toxinpred3/train_neg.csv
train_neg_489,0,/mnt/nw/home/m.yu/repos/foundry/datasets/toxinpred3/train_neg.csv
train_neg_490,0,/mnt/nw/home/m.yu/repos/foundry/datasets/toxinpred3/train_neg.csv
train_neg_491,0,/mnt/nw/home/m.yu/repos/foundry/datasets/toxinpred3/train_neg.csv
train_neg_492,0,/mnt/nw/home/m.yu/repos/foundry/datasets/toxinpred3/train_neg.csv
train_neg_493,0,/mnt/nw/home/m.yu/repos/foundry/datasets/toxinpred3/train_neg.csv
train_neg_494,0,/mnt/nw/home/m.yu/repos/foundry/datasets/toxinpred3/train_neg.csv
train_neg_495,0,/mnt/nw/home/m.yu/repos/foundry/datasets/toxinpred3/train_neg.csv
train_neg_496,0,/mnt/nw/home/m.yu/repos/foundry/datasets/toxinpred3/train_neg.csv
train_neg_497,0,/mnt/nw/home/m.yu/repos/foundry/datasets/toxinpred3/train_neg.csv
train_neg_498,0,/mnt/nw/home/m.yu/repos/foundry/datasets/toxinpred3/train_neg.csv
train_neg_499,0,/mnt/nw/home/m.yu/repos/foundry/datasets/toxinpred3/train_neg.csv
train_neg_500,0,/mnt/nw/home/m.yu/repos/foundry/datasets/toxinpred3/train_neg.csv
train_neg_501,0,/mnt/nw/home/m.yu/repos/foundry/datasets/toxinpred3/train_neg.csv
train_neg_502,0,/mnt/nw/home/m.yu/repos/foundry/datasets/toxinpred3/train_neg.csv
train_neg_503,0,/mnt/nw/home/m.yu/repos/foundry/datasets/toxinpred3/train_neg.csv
train_neg_504,0,/mnt/nw/home/m.yu/repos/foundry/datasets/toxinpred3/train_neg.csv
train_neg_505,0,/mnt/nw/home/m.yu/repos/foundry/datasets/toxinpred3/train_neg.csv
train_neg_506,0,/mnt/nw/home/m.yu/repos/foundry/datasets/toxinpred3/train_neg.csv
train_neg_507,0,/mnt/nw/home/m.yu/repos/foundry/datasets/toxinpred3/train_neg.csv
train_neg_508,0,/mnt/nw/home/m.yu/repos/foundry/datasets/toxinpred3/train_neg.csv
train_neg_509,0,/mnt/nw/home/m.yu/repos/foundry/datasets/toxinpred3/train_neg.csv
train_neg_510,0,/mnt/nw/home/m.yu/repos/foundry/datasets/toxinpred3/train_neg.csv
train_neg_511,0,/mnt/nw/home/m.yu/repos/foundry/datasets/toxinpred3/train_neg.csv
train_neg_512,0,/mnt/nw/home/m.yu/repos/foundry/datasets/toxinpred3/train_neg.csv
train_neg_513,0,/mnt/nw/home/m.yu/repos/foundry/datasets/toxinpred3/train_neg.csv
train_neg_514,0,/mnt/nw/home/m.yu/repos/foundry/datasets/toxinpred3/train_neg.csv
train_neg_515,0,/mnt/nw/home/m.yu/repos/foundry/datasets/toxinpred3/train_neg.csv
train_neg_516,0,/mnt/nw/home/m.yu/repos/foundry/datasets/toxinpred3/train_neg.csv
train_neg_517,0,/mnt/nw/home/m.yu/repos/foundry/datasets/toxinpred3/train_neg.csv
train_neg_518,0,/mnt/nw/home/m.yu/repos/foundry/datasets/toxinpred3/train_neg.csv
train_neg_519,0,/mnt/nw/home/m.yu/repos/foundry/datasets/toxinpred3/train_neg.csv
train_neg_520,0,/mnt/nw/home/m.yu/repos/foundry/datasets/toxinpred3/train_neg.csv
train_neg_521,0,/mnt/nw/home/m.yu/repos/foundry/datasets/toxinpred3/train_neg.csv
train_neg_522,0,/mnt/nw/home/m.yu/repos/foundry/datasets/toxinpred3/train_neg.csv
train_neg_523,0,/mnt/nw/home/m.yu/repos/foundry/datasets/toxinpred3/train_neg.csv
train_neg_524,0,/mnt/nw/home/m.yu/repos/foundry/datasets/toxinpred3/train_neg.csv
train_neg_525,0,/mnt/nw/home/m.yu/repos/foundry/datasets/toxinpred3/train_neg.csv
train_neg_526,0,/mnt/nw/home/m.yu/repos/foundry/datasets/toxinpred3/train_neg.csv
train_neg_527,0,/mnt/nw/home/m.yu/repos/foundry/datasets/toxinpred3/train_neg.csv
train_neg_528,0,/mnt/nw/home/m.yu/repos/foundry/datasets/toxinpred3/train_neg.csv
train_neg_529,0,/mnt/nw/home/m.yu/repos/foundry/datasets/toxinpred3/train_neg.csv
train_neg_530,0,/mnt/nw/home/m.yu/repos/foundry/datasets/toxinpred3/train_neg.csv
train_neg_531,0,/mnt/nw/home/m.yu/repos/foundry/datasets/toxinpred3/train_neg.csv
train_neg_532,0,/mnt/nw/home/m.yu/repos/foundry/datasets/toxinpred3/train_neg.csv
train_neg_533,0,/mnt/nw/home/m.yu/repos/foundry/datasets/toxinpred3/train_neg.csv
train_neg_534,0,/mnt/nw/home/m.yu/repos/foundry/datasets/toxinpred3/train_neg.csv
train_neg_535,0,/mnt/nw/home/m.yu/repos/foundry/datasets/toxinpred3/train_neg.csv
train_neg_536,0,/mnt/nw/home/m.yu/repos/foundry/datasets/toxinpred3/train_neg.csv
train_neg_537,0,/mnt/nw/home/m.yu/repos/foundry/datasets/toxinpred3/train_neg.csv
train_neg_538,0,/mnt/nw/home/m.yu/repos/foundry/datasets/toxinpred3/train_neg.csv
train_neg_539,0,/mnt/nw/home/m.yu/repos/foundry/datasets/toxinpred3/train_neg.csv
train_neg_540,0,/mnt/nw/home/m.yu/repos/foundry/datasets/toxinpred3/train_neg.csv
train_neg_541,0,/mnt/nw/home/m.yu/repos/foundry/datasets/toxinpred3/train_neg.csv
train_neg_542,0,/mnt/nw/home/m.yu/repos/foundry/datasets/toxinpred3/train_neg.csv
train_neg_543,0,/mnt/nw/home/m.yu/repos/foundry/datasets/toxinpred3/train_neg.csv
train_neg_544,0,/mnt/nw/home/m.yu/repos/foundry/datasets/toxinpred3/train_neg.csv
train_neg_545,0,/mnt/nw/home/m.yu/repos/foundry/datasets/toxinpred3/train_neg.csv
train_neg_546,0,/mnt/nw/home/m.yu/repos/foundry/datasets/toxinpred3/train_neg.csv
train_neg_547,0,/mnt/nw/home/m.yu/repos/foundry/datasets/toxinpred3/train_neg.csv
train_neg_548,0,/mnt/nw/home/m.yu/repos/foundry/datasets/toxinpred3/train_neg.csv
train_neg_549,0,/mnt/nw/home/m.yu/repos/foundry/datasets/toxinpred3/train_neg.csv
train_neg_550,0,/mnt/nw/home/m.yu/repos/foundry/datasets/toxinpred3/train_neg.csv
train_neg_551,0,/mnt/nw/home/m.yu/repos/foundry/datasets/toxinpred3/train_neg.csv
train_neg_552,0,/mnt/nw/home/m.yu/repos/foundry/datasets/toxinpred3/train_neg.csv
train_neg_553,0,/mnt/nw/home/m.yu/repos/foundry/datasets/toxinpred3/train_neg.csv
train_neg_554,0,/mnt/nw/home/m.yu/repos/foundry/datasets/toxinpred3/train_neg.csv
train_neg_555,0,/mnt/nw/home/m.yu/repos/foundry/datasets/toxinpred3/train_neg.csv
train_neg_556,0,/mnt/nw/home/m.yu/repos/foundry/datasets/toxinpred3/train_neg.csv
train_neg_557,0,/mnt/nw/home/m.yu/repos/foundry/datasets/toxinpred3/train_neg.csv
train_neg_558,0,/mnt/nw/home/m.yu/repos/foundry/datasets/toxinpred3/train_neg.csv
train_neg_559,0,/mnt/nw/home/m.yu/repos/foundry/datasets/toxinpred3/train_neg.csv
train_neg_560,0,/mnt/nw/home/m.yu/repos/foundry/datasets/toxinpred3/train_neg.csv
train_neg_561,0,/mnt/nw/home/m.yu/repos/foundry/datasets/toxinpred3/train_neg.csv
train_neg_562,0,/mnt/nw/home/m.yu/repos/foundry/datasets/toxinpred3/train_neg.csv
train_neg_563,0,/mnt/nw/home/m.yu/repos/foundry/datasets/toxinpred3/train_neg.csv
train_neg_564,0,/mnt/nw/home/m.yu/repos/foundry/datasets/toxinpred3/train_neg.csv
train_neg_565,0,/mnt/nw/home/m.yu/repos/foundry/datasets/toxinpred3/train_neg.csv
train_neg_566,0,/mnt/nw/home/m.yu/repos/foundry/datasets/toxinpred3/train_neg.csv
train_neg_567,0,/mnt/nw/home/m.yu/repos/foundry/datasets/toxinpred3/train_neg.csv
train_neg_568,0,/mnt/nw/home/m.yu/repos/foundry/datasets/toxinpred3/train_neg.csv
train_neg_569,0,/mnt/nw/home/m.yu/repos/foundry/datasets/toxinpred3/train_neg.csv
train_neg_570,0,/mnt/nw/home/m.yu/repos/foundry/datasets/toxinpred3/train_neg.csv
train_neg_571,0,/mnt/nw/home/m.yu/repos/foundry/datasets/toxinpred3/train_neg.csv
train_neg_572,0,/mnt/nw/home/m.yu/repos/foundry/datasets/toxinpred3/train_neg.csv
train_neg_573,0,/mnt/nw/home/m.yu/repos/foundry/datasets/toxinpred3/train_neg.csv
train_neg_574,0,/mnt/nw/home/m.yu/repos/foundry/datasets/toxinpred3/train_neg.csv
train_neg_575,0,/mnt/nw/home/m.yu/repos/foundry/datasets/toxinpred3/train_neg.csv
train_neg_576,0,/mnt/nw/home/m.yu/repos/foundry/datasets/toxinpred3/train_neg.csv
train_neg_577,0,/mnt/nw/home/m.yu/repos/foundry/datasets/toxinpred3/train_neg.csv
train_neg_578,0,/mnt/nw/home/m.yu/repos/foundry/datasets/toxinpred3/train_neg.csv
train_neg_579,0,/mnt/nw/home/m.yu/repos/foundry/datasets/toxinpred3/train_neg.csv
train_neg_580,0,/mnt/nw/home/m.yu/repos/foundry/datasets/toxinpred3/train_neg.csv
train_neg_581,0,/mnt/nw/home/m.yu/repos/foundry/datasets/toxinpred3/train_neg.csv
train_neg_582,0,/mnt/nw/home/m.yu/repos/foundry/datasets/toxinpred3/train_neg.csv
train_neg_583,0,/mnt/nw/home/m.yu/repos/foundry/datasets/toxinpred3/train_neg.csv
train_neg_584,0,/mnt/nw/home/m.yu/repos/foundry/datasets/toxinpred3/train_neg.csv
train_neg_585,0,/mnt/nw/home/m.yu/repos/foundry/datasets/toxinpred3/train_neg.csv
train_neg_586,0,/mnt/nw/home/m.yu/repos/foundry/datasets/toxinpred3/train_neg.csv
train_neg_587,0,/mnt/nw/home/m.yu/repos/foundry/datasets/toxinpred3/train_neg.csv
train_neg_588,0,/mnt/nw/home/m.yu/repos/foundry/datasets/toxinpred3/train_neg.csv
train_neg_589,0,/mnt/nw/home/m.yu/repos/foundry/datasets/toxinpred3/train_neg.csv
train_neg_590,0,/mnt/nw/home/m.yu/repos/foundry/datasets/toxinpred3/train_neg.csv
train_neg_591,0,/mnt/nw/home/m.yu/repos/foundry/datasets/toxinpred3/train_neg.csv
train_neg_592,0,/mnt/nw/home/m.yu/repos/foundry/datasets/toxinpred3/train_neg.csv
train_neg_593,0,/mnt/nw/home/m.yu/repos/foundry/datasets/toxinpred3/train_neg.csv
train_neg_594,0,/mnt/nw/home/m.yu/repos/foundry/datasets/toxinpred3/train_neg.csv
train_neg_595,0,/mnt/nw/home/m.yu/repos/foundry/datasets/toxinpred3/train_neg.csv
train_neg_596,0,/mnt/nw/home/m.yu/repos/foundry/datasets/toxinpred3/train_neg.csv
train_neg_597,0,/mnt/nw/home/m.yu/repos/foundry/datasets/toxinpred3/train_neg.csv
train_neg_598,0,/mnt/nw/home/m.yu/repos/foundry/datasets/toxinpred3/train_neg.csv
train_neg_599,0,/mnt/nw/home/m.yu/repos/foundry/datasets/toxinpred3/train_neg.csv
train_neg_600,0,/mnt/nw/home/m.yu/repos/foundry/datasets/toxinpred3/train_neg.csv
train_neg_601,0,/mnt/nw/home/m.yu/repos/foundry/datasets/toxinpred3/train_neg.csv
train_neg_602,0,/mnt/nw/home/m.yu/repos/foundry/datasets/toxinpred3/train_neg.csv
train_neg_603,0,/mnt/nw/home/m.yu/repos/foundry/datasets/toxinpred3/train_neg.csv
train_neg_604,0,/mnt/nw/home/m.yu/repos/foundry/datasets/toxinpred3/train_neg.csv
train_neg_605,0,/mnt/nw/home/m.yu/repos/foundry/datasets/toxinpred3/train_neg.csv
train_neg_606,0,/mnt/nw/home/m.yu/repos/foundry/datasets/toxinpred3/train_neg.csv
train_neg_607,0,/mnt/nw/home/m.yu/repos/foundry/datasets/toxinpred3/train_neg.csv
train_neg_608,0,/mnt/nw/home/m.yu/repos/foundry/datasets/toxinpred3/train_neg.csv
train_neg_609,0,/mnt/nw/home/m.yu/repos/foundry/datasets/toxinpred3/train_neg.csv
train_neg_610,0,/mnt/nw/home/m.yu/repos/foundry/datasets/toxinpred3/train_neg.csv
train_neg_611,0,/mnt/nw/home/m.yu/repos/foundry/datasets/toxinpred3/train_neg.csv
train_neg_612,0,/mnt/nw/home/m.yu/repos/foundry/datasets/toxinpred3/train_neg.csv
train_neg_613,0,/mnt/nw/home/m.yu/repos/foundry/datasets/toxinpred3/train_neg.csv
train_neg_614,0,/mnt/nw/home/m.yu/repos/foundry/datasets/toxinpred3/train_neg.csv
train_neg_615,0,/mnt/nw/home/m.yu/repos/foundry/datasets/toxinpred3/train_neg.csv
train_neg_616,0,/mnt/nw/home/m.yu/repos/foundry/datasets/toxinpred3/train_neg.csv
train_neg_617,0,/mnt/nw/home/m.yu/repos/foundry/datasets/toxinpred3/train_neg.csv
train_neg_618,0,/mnt/nw/home/m.yu/repos/foundry/datasets/toxinpred3/train_neg.csv
train_neg_619,0,/mnt/nw/home/m.yu/repos/foundry/datasets/toxinpred3/train_neg.csv
train_neg_620,0,/mnt/nw/home/m.yu/repos/foundry/datasets/toxinpred3/train_neg.csv
train_neg_621,0,/mnt/nw/home/m.yu/repos/foundry/datasets/toxinpred3/train_neg.csv
train_neg_622,0,/mnt/nw/home/m.yu/repos/foundry/datasets/toxinpred3/train_neg.csv
train_neg_623,0,/mnt/nw/home/m.yu/repos/foundry/datasets/toxinpred3/train_neg.csv
train_neg_624,0,/mnt/nw/home/m.yu/repos/foundry/datasets/toxinpred3/train_neg.csv
train_neg_625,0,/mnt/nw/home/m.yu/repos/foundry/datasets/toxinpred3/train_neg.csv
train_neg_626,0,/mnt/nw/home/m.yu/repos/foundry/datasets/toxinpred3/train_neg.csv
train_neg_627,0,/mnt/nw/home/m.yu/repos/foundry/datasets/toxinpred3/train_neg.csv
train_neg_628,0,/mnt/nw/home/m.yu/repos/foundry/datasets/toxinpred3/train_neg.csv
train_neg_629,0,/mnt/nw/home/m.yu/repos/foundry/datasets/toxinpred3/train_neg.csv
train_neg_630,0,/mnt/nw/home/m.yu/repos/foundry/datasets/toxinpred3/train_neg.csv
train_neg_631,0,/mnt/nw/home/m.yu/repos/foundry/datasets/toxinpred3/train_neg.csv
train_neg_632,0,/mnt/nw/home/m.yu/repos/foundry/datasets/toxinpred3/train_neg.csv
train_neg_633,0,/mnt/nw/home/m.yu/repos/foundry/datasets/toxinpred3/train_neg.csv
train_neg_634,0,/mnt/nw/home/m.yu/repos/foundry/datasets/toxinpred3/train_neg.csv
train_neg_635,0,/mnt/nw/home/m.yu/repos/foundry/datasets/toxinpred3/train_neg.csv
train_neg_636,0,/mnt/nw/home/m.yu/repos/foundry/datasets/toxinpred3/train_neg.csv
train_neg_637,0,/mnt/nw/home/m.yu/repos/foundry/datasets/toxinpred3/train_neg.csv
train_neg_638,0,/mnt/nw/home/m.yu/repos/foundry/datasets/toxinpred3/train_neg.csv
train_neg_639,0,/mnt/nw/home/m.yu/repos/foundry/datasets/toxinpred3/train_neg.csv
train_neg_640,0,/mnt/nw/home/m.yu/repos/foundry/datasets/toxinpred3/train_neg.csv
train_neg_641,0,/mnt/nw/home/m.yu/repos/foundry/datasets/toxinpred3/train_neg.csv
train_neg_642,0,/mnt/nw/home/m.yu/repos/foundry/datasets/toxinpred3/train_neg.csv
train_neg_643,0,/mnt/nw/home/m.yu/repos/foundry/datasets/toxinpred3/train_neg.csv
train_neg_644,0,/mnt/nw/home/m.yu/repos/foundry/datasets/toxinpred3/train_neg.csv
train_neg_645,0,/mnt/nw/home/m.yu/repos/foundry/datasets/toxinpred3/train_neg.csv
train_neg_646,0,/mnt/nw/home/m.yu/repos/foundry/datasets/toxinpred3/train_neg.csv
train_neg_647,0,/mnt/nw/home/m.yu/repos/foundry/datasets/toxinpred3/train_neg.csv
train_neg_648,0,/mnt/nw/home/m.yu/repos/foundry/datasets/toxinpred3/train_neg.csv
train_neg_649,0,/mnt/nw/home/m.yu/repos/foundry/datasets/toxinpred3/train_neg.csv
train_neg_650,0,/mnt/nw/home/m.yu/repos/foundry/datasets/toxinpred3/train_neg.csv
train_neg_651,0,/mnt/nw/home/m.yu/repos/foundry/datasets/toxinpred3/train_neg.csv
train_neg_652,0,/mnt/nw/home/m.yu/repos/foundry/datasets/toxinpred3/train_neg.csv
train_neg_653,0,/mnt/nw/home/m.yu/repos/foundry/datasets/toxinpred3/train_neg.csv
train_neg_654,0,/mnt/nw/home/m.yu/repos/foundry/datasets/toxinpred3/train_neg.csv
train_neg_655,0,/mnt/nw/home/m.yu/repos/foundry/datasets/toxinpred3/train_neg.csv
train_neg_656,0,/mnt/nw/home/m.yu/repos/foundry/datasets/toxinpred3/train_neg.csv
train_neg_657,0,/mnt/nw/home/m.yu/repos/foundry/datasets/toxinpred3/train_neg.csv
train_neg_658,0,/mnt/nw/home/m.yu/repos/foundry/datasets/toxinpred3/train_neg.csv
train_neg_659,0,/mnt/nw/home/m.yu/repos/foundry/datasets/toxinpred3/train_neg.csv
train_neg_660,0,/mnt/nw/home/m.yu/repos/foundry/datasets/toxinpred3/train_neg.csv
train_neg_661,0,/mnt/nw/home/m.yu/repos/foundry/datasets/toxinpred3/train_neg.csv
train_neg_662,0,/mnt/nw/home/m.yu/repos/foundry/datasets/toxinpred3/train_neg.csv
train_neg_663,0,/mnt/nw/home/m.yu/repos/foundry/datasets/toxinpred3/train_neg.csv
train_neg_664,0,/mnt/nw/home/m.yu/repos/foundry/datasets/toxinpred3/train_neg.csv
train_neg_665,0,/mnt/nw/home/m.yu/repos/foundry/datasets/toxinpred3/train_neg.csv
train_neg_666,0,/mnt/nw/home/m.yu/repos/foundry/datasets/toxinpred3/train_neg.csv
train_neg_667,0,/mnt/nw/home/m.yu/repos/foundry/datasets/toxinpred3/train_neg.csv
train_neg_668,0,/mnt/nw/home/m.yu/repos/foundry/datasets/toxinpred3/train_neg.csv
train_neg_669,0,/mnt/nw/home/m.yu/repos/foundry/datasets/toxinpred3/train_neg.csv
train_neg_670,0,/mnt/nw/home/m.yu/repos/foundry/datasets/toxinpred3/train_neg.csv
train_neg_671,0,/mnt/nw/home/m.yu/repos/foundry/datasets/toxinpred3/train_neg.csv
train_neg_672,0,/mnt/nw/home/m.yu/repos/foundry/datasets/toxinpred3/train_neg.csv
train_neg_673,0,/mnt/nw/home/m.yu/repos/foundry/datasets/toxinpred3/train_neg.csv
train_neg_674,0,/mnt/nw/home/m.yu/repos/foundry/datasets/toxinpred3/train_neg.csv
train_neg_675,0,/mnt/nw/home/m.yu/repos/foundry/datasets/toxinpred3/train_neg.csv
train_neg_676,0,/mnt/nw/home/m.yu/repos/foundry/datasets/toxinpred3/train_neg.csv
train_neg_677,0,/mnt/nw/home/m.yu/repos/foundry/datasets/toxinpred3/train_neg.csv
train_neg_678,0,/mnt/nw/home/m.yu/repos/foundry/datasets/toxinpred3/train_neg.csv
train_neg_679,0,/mnt/nw/home/m.yu/repos/foundry/datasets/toxinpred3/train_neg.csv
train_neg_680,0,/mnt/nw/home/m.yu/repos/foundry/datasets/toxinpred3/train_neg.csv
train_neg_681,0,/mnt/nw/home/m.yu/repos/foundry/datasets/toxinpred3/train_neg.csv
train_neg_682,0,/mnt/nw/home/m.yu/repos/foundry/datasets/toxinpred3/train_neg.csv
train_neg_683,0,/mnt/nw/home/m.yu/repos/foundry/datasets/toxinpred3/train_neg.csv
train_neg_684,0,/mnt/nw/home/m.yu/repos/foundry/datasets/toxinpred3/train_neg.csv
train_neg_685,0,/mnt/nw/home/m.yu/repos/foundry/datasets/toxinpred3/train_neg.csv
train_neg_686,0,/mnt/nw/home/m.yu/repos/foundry/datasets/toxinpred3/train_neg.csv
train_neg_687,0,/mnt/nw/home/m.yu/repos/foundry/datasets/toxinpred3/train_neg.csv
train_neg_688,0,/mnt/nw/home/m.yu/repos/foundry/datasets/toxinpred3/train_neg.csv
train_neg_689,0,/mnt/nw/home/m.yu/repos/foundry/datasets/toxinpred3/train_neg.csv
train_neg_690,0,/mnt/nw/home/m.yu/repos/foundry/datasets/toxinpred3/train_neg.csv
train_neg_691,0,/mnt/nw/home/m.yu/repos/foundry/datasets/toxinpred3/train_neg.csv
train_neg_692,0,/mnt/nw/home/m.yu/repos/foundry/datasets/toxinpred3/train_neg.csv
train_neg_693,0,/mnt/nw/home/m.yu/repos/foundry/datasets/toxinpred3/train_neg.csv
train_neg_694,0,/mnt/nw/home/m.yu/repos/foundry/datasets/toxinpred3/train_neg.csv
train_neg_695,0,/mnt/nw/home/m.yu/repos/foundry/datasets/toxinpred3/train_neg.csv
train_neg_696,0,/mnt/nw/home/m.yu/repos/foundry/datasets/toxinpred3/train_neg.csv
train_neg_697,0,/mnt/nw/home/m.yu/repos/foundry/datasets/toxinpred3/train_neg.csv
train_neg_698,0,/mnt/nw/home/m.yu/repos/foundry/datasets/toxinpred3/train_neg.csv
train_neg_699,0,/mnt/nw/home/m.yu/repos/foundry/datasets/toxinpred3/train_neg.csv
train_neg_700,0,/mnt/nw/home/m.yu/repos/foundry/datasets/toxinpred3/train_neg.csv
train_neg_701,0,/mnt/nw/home/m.yu/repos/foundry/datasets/toxinpred3/train_neg.csv
train_neg_702,0,/mnt/nw/home/m.yu/repos/foundry/datasets/toxinpred3/train_neg.csv
train_neg_703,0,/mnt/nw/home/m.yu/repos/foundry/datasets/toxinpred3/train_neg.csv
train_neg_704,0,/mnt/nw/home/m.yu/repos/foundry/datasets/toxinpred3/train_neg.csv
train_neg_705,0,/mnt/nw/home/m.yu/repos/foundry/datasets/toxinpred3/train_neg.csv
train_neg_706,0,/mnt/nw/home/m.yu/repos/foundry/datasets/toxinpred3/train_neg.csv
train_neg_707,0,/mnt/nw/home/m.yu/repos/foundry/datasets/toxinpred3/train_neg.csv
train_neg_708,0,/mnt/nw/home/m.yu/repos/foundry/datasets/toxinpred3/train_neg.csv
train_neg_709,0,/mnt/nw/home/m.yu/repos/foundry/datasets/toxinpred3/train_neg.csv
train_neg_710,0,/mnt/nw/home/m.yu/repos/foundry/datasets/toxinpred3/train_neg.csv
train_neg_711,0,/mnt/nw/home/m.yu/repos/foundry/datasets/toxinpred3/train_neg.csv
train_neg_712,0,/mnt/nw/home/m.yu/repos/foundry/datasets/toxinpred3/train_neg.csv
train_neg_713,0,/mnt/nw/home/m.yu/repos/foundry/datasets/toxinpred3/train_neg.csv
train_neg_714,0,/mnt/nw/home/m.yu/repos/foundry/datasets/toxinpred3/train_neg.csv
train_neg_715,0,/mnt/nw/home/m.yu/repos/foundry/datasets/toxinpred3/train_neg.csv
train_neg_716,0,/mnt/nw/home/m.yu/repos/foundry/datasets/toxinpred3/train_neg.csv
train_neg_717,0,/mnt/nw/home/m.yu/repos/foundry/datasets/toxinpred3/train_neg.csv
train_neg_718,0,/mnt/nw/home/m.yu/repos/foundry/datasets/toxinpred3/train_neg.csv
train_neg_719,0,/mnt/nw/home/m.yu/repos/foundry/datasets/toxinpred3/train_neg.csv
train_neg_720,0,/mnt/nw/home/m.yu/repos/foundry/datasets/toxinpred3/train_neg.csv
train_neg_721,0,/mnt/nw/home/m.yu/repos/foundry/datasets/toxinpred3/train_neg.csv
train_neg_722,0,/mnt/nw/home/m.yu/repos/foundry/datasets/toxinpred3/train_neg.csv
train_neg_723,0,/mnt/nw/home/m.yu/repos/foundry/datasets/toxinpred3/train_neg.csv
train_neg_724,0,/mnt/nw/home/m.yu/repos/foundry/datasets/toxinpred3/train_neg.csv
train_neg_725,0,/mnt/nw/home/m.yu/repos/foundry/datasets/toxinpred3/train_neg.csv
train_neg_726,0,/mnt/nw/home/m.yu/repos/foundry/datasets/toxinpred3/train_neg.csv
train_neg_727,0,/mnt/nw/home/m.yu/repos/foundry/datasets/toxinpred3/train_neg.csv
train_neg_728,0,/mnt/nw/home/m.yu/repos/foundry/datasets/toxinpred3/train_neg.csv
train_neg_729,0,/mnt/nw/home/m.yu/repos/foundry/datasets/toxinpred3/train_neg.csv
train_neg_730,0,/mnt/nw/home/m.yu/repos/foundry/datasets/toxinpred3/train_neg.csv
train_neg_731,0,/mnt/nw/home/m.yu/repos/foundry/datasets/toxinpred3/train_neg.csv
train_neg_732,0,/mnt/nw/home/m.yu/repos/foundry/datasets/toxinpred3/train_neg.csv
train_neg_733,0,/mnt/nw/home/m.yu/repos/foundry/datasets/toxinpred3/train_neg.csv
train_neg_734,0,/mnt/nw/home/m.yu/repos/foundry/datasets/toxinpred3/train_neg.csv
train_neg_735,0,/mnt/nw/home/m.yu/repos/foundry/datasets/toxinpred3/train_neg.csv
train_neg_736,0,/mnt/nw/home/m.yu/repos/foundry/datasets/toxinpred3/train_neg.csv
train_neg_737,0,/mnt/nw/home/m.yu/repos/foundry/datasets/toxinpred3/train_neg.csv
train_neg_738,0,/mnt/nw/home/m.yu/repos/foundry/datasets/toxinpred3/train_neg.csv
train_neg_739,0,/mnt/nw/home/m.yu/repos/foundry/datasets/toxinpred3/train_neg.csv
train_neg_740,0,/mnt/nw/home/m.yu/repos/foundry/datasets/toxinpred3/train_neg.csv
train_neg_741,0,/mnt/nw/home/m.yu/repos/foundry/datasets/toxinpred3/train_neg.csv
train_neg_742,0,/mnt/nw/home/m.yu/repos/foundry/datasets/toxinpred3/train_neg.csv
train_neg_743,0,/mnt/nw/home/m.yu/repos/foundry/datasets/toxinpred3/train_neg.csv
train_neg_744,0,/mnt/nw/home/m.yu/repos/foundry/datasets/toxinpred3/train_neg.csv
train_neg_745,0,/mnt/nw/home/m.yu/repos/foundry/datasets/toxinpred3/train_neg.csv
train_neg_746,0,/mnt/nw/home/m.yu/repos/foundry/datasets/toxinpred3/train_neg.csv
train_neg_747,0,/mnt/nw/home/m.yu/repos/foundry/datasets/toxinpred3/train_neg.csv
train_neg_748,0,/mnt/nw/home/m.yu/repos/foundry/datasets/toxinpred3/train_neg.csv
train_neg_749,0,/mnt/nw/home/m.yu/repos/foundry/datasets/toxinpred3/train_neg.csv
train_neg_750,0,/mnt/nw/home/m.yu/repos/foundry/datasets/toxinpred3/train_neg.csv
train_neg_751,0,/mnt/nw/home/m.yu/repos/foundry/datasets/toxinpred3/train_neg.csv
train_neg_752,0,/mnt/nw/home/m.yu/repos/foundry/datasets/toxinpred3/train_neg.csv
train_neg_753,0,/mnt/nw/home/m.yu/repos/foundry/datasets/toxinpred3/train_neg.csv
train_neg_754,0,/mnt/nw/home/m.yu/repos/foundry/datasets/toxinpred3/train_neg.csv
train_neg_755,0,/mnt/nw/home/m.yu/repos/foundry/datasets/toxinpred3/train_neg.csv
train_neg_756,0,/mnt/nw/home/m.yu/repos/foundry/datasets/toxinpred3/train_neg.csv
train_neg_757,0,/mnt/nw/home/m.yu/repos/foundry/datasets/toxinpred3/train_neg.csv
train_neg_758,0,/mnt/nw/home/m.yu/repos/foundry/datasets/toxinpred3/train_neg.csv
train_neg_759,0,/mnt/nw/home/m.yu/repos/foundry/datasets/toxinpred3/train_neg.csv
train_neg_760,0,/mnt/nw/home/m.yu/repos/foundry/datasets/toxinpred3/train_neg.csv
train_neg_761,0,/mnt/nw/home/m.yu/repos/foundry/datasets/toxinpred3/train_neg.csv
train_neg_762,0,/mnt/nw/home/m.yu/repos/foundry/datasets/toxinpred3/train_neg.csv
train_neg_763,0,/mnt/nw/home/m.yu/repos/foundry/datasets/toxinpred3/train_neg.csv
train_neg_764,0,/mnt/nw/home/m.yu/repos/foundry/datasets/toxinpred3/train_neg.csv
train_neg_765,0,/mnt/nw/home/m.yu/repos/foundry/datasets/toxinpred3/train_neg.csv
train_neg_766,0,/mnt/nw/home/m.yu/repos/foundry/datasets/toxinpred3/train_neg.csv
train_neg_767,0,/mnt/nw/home/m.yu/repos/foundry/datasets/toxinpred3/train_neg.csv
train_neg_768,0,/mnt/nw/home/m.yu/repos/foundry/datasets/toxinpred3/train_neg.csv
train_neg_769,0,/mnt/nw/home/m.yu/repos/foundry/datasets/toxinpred3/train_neg.csv
train_neg_770,0,/mnt/nw/home/m.yu/repos/foundry/datasets/toxinpred3/train_neg.csv
train_neg_771,0,/mnt/nw/home/m.yu/repos/foundry/datasets/toxinpred3/train_neg.csv
train_neg_772,0,/mnt/nw/home/m.yu/repos/foundry/datasets/toxinpred3/train_neg.csv
train_neg_773,0,/mnt/nw/home/m.yu/repos/foundry/datasets/toxinpred3/train_neg.csv
train_neg_774,0,/mnt/nw/home/m.yu/repos/foundry/datasets/toxinpred3/train_neg.csv
train_neg_775,0,/mnt/nw/home/m.yu/repos/foundry/datasets/toxinpred3/train_neg.csv
train_neg_776,0,/mnt/nw/home/m.yu/repos/foundry/datasets/toxinpred3/train_neg.csv
train_neg_777,0,/mnt/nw/home/m.yu/repos/foundry/datasets/toxinpred3/train_neg.csv
train_neg_778,0,/mnt/nw/home/m.yu/repos/foundry/datasets/toxinpred3/train_neg.csv
train_neg_779,0,/mnt/nw/home/m.yu/repos/foundry/datasets/toxinpred3/train_neg.csv
train_neg_780,0,/mnt/nw/home/m.yu/repos/foundry/datasets/toxinpred3/train_neg.csv
train_neg_781,0,/mnt/nw/home/m.yu/repos/foundry/datasets/toxinpred3/train_neg.csv
train_neg_782,0,/mnt/nw/home/m.yu/repos/foundry/datasets/toxinpred3/train_neg.csv
train_neg_783,0,/mnt/nw/home/m.yu/repos/foundry/datasets/toxinpred3/train_neg.csv
train_neg_784,0,/mnt/nw/home/m.yu/repos/foundry/datasets/toxinpred3/train_neg.csv
train_neg_785,0,/mnt/nw/home/m.yu/repos/foundry/datasets/toxinpred3/train_neg.csv
train_neg_786,0,/mnt/nw/home/m.yu/repos/foundry/datasets/toxinpred3/train_neg.csv
train_neg_787,0,/mnt/nw/home/m.yu/repos/foundry/datasets/toxinpred3/train_neg.csv
train_neg_788,0,/mnt/nw/home/m.yu/repos/foundry/datasets/toxinpred3/train_neg.csv
train_neg_789,0,/mnt/nw/home/m.yu/repos/foundry/datasets/toxinpred3/train_neg.csv
train_neg_790,0,/mnt/nw/home/m.yu/repos/foundry/datasets/toxinpred3/train_neg.csv
train_neg_791,0,/mnt/nw/home/m.yu/repos/foundry/datasets/toxinpred3/train_neg.csv
train_neg_792,0,/mnt/nw/home/m.yu/repos/foundry/datasets/toxinpred3/train_neg.csv
train_neg_793,0,/mnt/nw/home/m.yu/repos/foundry/datasets/toxinpred3/train_neg.csv
train_neg_794,0,/mnt/nw/home/m.yu/repos/foundry/datasets/toxinpred3/train_neg.csv
train_neg_795,0,/mnt/nw/home/m.yu/repos/foundry/datasets/toxinpred3/train_neg.csv
train_neg_796,0,/mnt/nw/home/m.yu/repos/foundry/datasets/toxinpred3/train_neg.csv
train_neg_797,0,/mnt/nw/home/m.yu/repos/foundry/datasets/toxinpred3/train_neg.csv
train_neg_798,0,/mnt/nw/home/m.yu/repos/foundry/datasets/toxinpred3/train_neg.csv
train_neg_799,0,/mnt/nw/home/m.yu/repos/foundry/datasets/toxinpred3/train_neg.csv
train_neg_800,0,/mnt/nw/home/m.yu/repos/foundry/datasets/toxinpred3/train_neg.csv
train_neg_801,0,/mnt/nw/home/m.yu/repos/foundry/datasets/toxinpred3/train_neg.csv
train_neg_802,0,/mnt/nw/home/m.yu/repos/foundry/datasets/toxinpred3/train_neg.csv
train_neg_803,0,/mnt/nw/home/m.yu/repos/foundry/datasets/toxinpred3/train_neg.csv
train_neg_804,0,/mnt/nw/home/m.yu/repos/foundry/datasets/toxinpred3/train_neg.csv
train_neg_805,0,/mnt/nw/home/m.yu/repos/foundry/datasets/toxinpred3/train_neg.csv
train_neg_806,0,/mnt/nw/home/m.yu/repos/foundry/datasets/toxinpred3/train_neg.csv
train_neg_807,0,/mnt/nw/home/m.yu/repos/foundry/datasets/toxinpred3/train_neg.csv
train_neg_808,0,/mnt/nw/home/m.yu/repos/foundry/datasets/toxinpred3/train_neg.csv
train_neg_809,0,/mnt/nw/home/m.yu/repos/foundry/datasets/toxinpred3/train_neg.csv
train_neg_810,0,/mnt/nw/home/m.yu/repos/foundry/datasets/toxinpred3/train_neg.csv
train_neg_811,0,/mnt/nw/home/m.yu/repos/foundry/datasets/toxinpred3/train_neg.csv
train_neg_812,0,/mnt/nw/home/m.yu/repos/foundry/datasets/toxinpred3/train_neg.csv
train_neg_813,0,/mnt/nw/home/m.yu/repos/foundry/datasets/toxinpred3/train_neg.csv
train_neg_814,0,/mnt/nw/home/m.yu/repos/foundry/datasets/toxinpred3/train_neg.csv
train_neg_815,0,/mnt/nw/home/m.yu/repos/foundry/datasets/toxinpred3/train_neg.csv
train_neg_816,0,/mnt/nw/home/m.yu/repos/foundry/datasets/toxinpred3/train_neg.csv
train_neg_817,0,/mnt/nw/home/m.yu/repos/foundry/datasets/toxinpred3/train_neg.csv
train_neg_818,0,/mnt/nw/home/m.yu/repos/foundry/datasets/toxinpred3/train_neg.csv
train_neg_819,0,/mnt/nw/home/m.yu/repos/foundry/datasets/toxinpred3/train_neg.csv
train_neg_820,0,/mnt/nw/home/m.yu/repos/foundry/datasets/toxinpred3/train_neg.csv
train_neg_821,0,/mnt/nw/home/m.yu/repos/foundry/datasets/toxinpred3/train_neg.csv
train_neg_822,0,/mnt/nw/home/m.yu/repos/foundry/datasets/toxinpred3/train_neg.csv
train_neg_823,0,/mnt/nw/home/m.yu/repos/foundry/datasets/toxinpred3/train_neg.csv
train_neg_824,0,/mnt/nw/home/m.yu/repos/foundry/datasets/toxinpred3/train_neg.csv
train_neg_825,0,/mnt/nw/home/m.yu/repos/foundry/datasets/toxinpred3/train_neg.csv
train_neg_826,0,/mnt/nw/home/m.yu/repos/foundry/datasets/toxinpred3/train_neg.csv
train_neg_827,0,/mnt/nw/home/m.yu/repos/foundry/datasets/toxinpred3/train_neg.csv
train_neg_828,0,/mnt/nw/home/m.yu/repos/foundry/datasets/toxinpred3/train_neg.csv
train_neg_829,0,/mnt/nw/home/m.yu/repos/foundry/datasets/toxinpred3/train_neg.csv
train_neg_830,0,/mnt/nw/home/m.yu/repos/foundry/datasets/toxinpred3/train_neg.csv
train_neg_831,0,/mnt/nw/home/m.yu/repos/foundry/datasets/toxinpred3/train_neg.csv
train_neg_832,0,/mnt/nw/home/m.yu/repos/foundry/datasets/toxinpred3/train_neg.csv
train_neg_833,0,/mnt/nw/home/m.yu/repos/foundry/datasets/toxinpred3/train_neg.csv
train_neg_834,0,/mnt/nw/home/m.yu/repos/foundry/datasets/toxinpred3/train_neg.csv
train_neg_835,0,/mnt/nw/home/m.yu/repos/foundry/datasets/toxinpred3/train_neg.csv
train_neg_836,0,/mnt/nw/home/m.yu/repos/foundry/datasets/toxinpred3/train_neg.csv
train_neg_837,0,/mnt/nw/home/m.yu/repos/foundry/datasets/toxinpred3/train_neg.csv
train_neg_838,0,/mnt/nw/home/m.yu/repos/foundry/datasets/toxinpred3/train_neg.csv
train_neg_839,0,/mnt/nw/home/m.yu/repos/foundry/datasets/toxinpred3/train_neg.csv
train_neg_840,0,/mnt/nw/home/m.yu/repos/foundry/datasets/toxinpred3/train_neg.csv
train_neg_841,0,/mnt/nw/home/m.yu/repos/foundry/datasets/toxinpred3/train_neg.csv
train_neg_842,0,/mnt/nw/home/m.yu/repos/foundry/datasets/toxinpred3/train_neg.csv
train_neg_843,0,/mnt/nw/home/m.yu/repos/foundry/datasets/toxinpred3/train_neg.csv
train_neg_844,0,/mnt/nw/home/m.yu/repos/foundry/datasets/toxinpred3/train_neg.csv
train_neg_845,0,/mnt/nw/home/m.yu/repos/foundry/datasets/toxinpred3/train_neg.csv
train_neg_846,0,/mnt/nw/home/m.yu/repos/foundry/datasets/toxinpred3/train_neg.csv
train_neg_847,0,/mnt/nw/home/m.yu/repos/foundry/datasets/toxinpred3/train_neg.csv
train_neg_848,0,/mnt/nw/home/m.yu/repos/foundry/datasets/toxinpred3/train_neg.csv
train_neg_849,0,/mnt/nw/home/m.yu/repos/foundry/datasets/toxinpred3/train_neg.csv
train_neg_850,0,/mnt/nw/home/m.yu/repos/foundry/datasets/toxinpred3/train_neg.csv
train_neg_851,0,/mnt/nw/home/m.yu/repos/foundry/datasets/toxinpred3/train_neg.csv
train_neg_852,0,/mnt/nw/home/m.yu/repos/foundry/datasets/toxinpred3/train_neg.csv
train_neg_853,0,/mnt/nw/home/m.yu/repos/foundry/datasets/toxinpred3/train_neg.csv
train_neg_854,0,/mnt/nw/home/m.yu/repos/foundry/datasets/toxinpred3/train_neg.csv
train_neg_855,0,/mnt/nw/home/m.yu/repos/foundry/datasets/toxinpred3/train_neg.csv
train_neg_856,0,/mnt/nw/home/m.yu/repos/foundry/datasets/toxinpred3/train_neg.csv
train_neg_857,0,/mnt/nw/home/m.yu/repos/foundry/datasets/toxinpred3/train_neg.csv
train_neg_858,0,/mnt/nw/home/m.yu/repos/foundry/datasets/toxinpred3/train_neg.csv
train_neg_859,0,/mnt/nw/home/m.yu/repos/foundry/datasets/toxinpred3/train_neg.csv
train_neg_860,0,/mnt/nw/home/m.yu/repos/foundry/datasets/toxinpred3/train_neg.csv
train_neg_861,0,/mnt/nw/home/m.yu/repos/foundry/datasets/toxinpred3/train_neg.csv
train_neg_862,0,/mnt/nw/home/m.yu/repos/foundry/datasets/toxinpred3/train_neg.csv
train_neg_863,0,/mnt/nw/home/m.yu/repos/foundry/datasets/toxinpred3/train_neg.csv
train_neg_864,0,/mnt/nw/home/m.yu/repos/foundry/datasets/toxinpred3/train_neg.csv
train_neg_865,0,/mnt/nw/home/m.yu/repos/foundry/datasets/toxinpred3/train_neg.csv
train_neg_866,0,/mnt/nw/home/m.yu/repos/foundry/datasets/toxinpred3/train_neg.csv
train_neg_867,0,/mnt/nw/home/m.yu/repos/foundry/datasets/toxinpred3/train_neg.csv
train_neg_868,0,/mnt/nw/home/m.yu/repos/foundry/datasets/toxinpred3/train_neg.csv
train_neg_869,0,/mnt/nw/home/m.yu/repos/foundry/datasets/toxinpred3/train_neg.csv
train_neg_870,0,/mnt/nw/home/m.yu/repos/foundry/datasets/toxinpred3/train_neg.csv
train_neg_871,0,/mnt/nw/home/m.yu/repos/foundry/datasets/toxinpred3/train_neg.csv
train_neg_872,0,/mnt/nw/home/m.yu/repos/foundry/datasets/toxinpred3/train_neg.csv
train_neg_873,0,/mnt/nw/home/m.yu/repos/foundry/datasets/toxinpred3/train_neg.csv
train_neg_874,0,/mnt/nw/home/m.yu/repos/foundry/datasets/toxinpred3/train_neg.csv
train_neg_875,0,/mnt/nw/home/m.yu/repos/foundry/datasets/toxinpred3/train_neg.csv
train_neg_876,0,/mnt/nw/home/m.yu/repos/foundry/datasets/toxinpred3/train_neg.csv
train_neg_877,0,/mnt/nw/home/m.yu/repos/foundry/datasets/toxinpred3/train_neg.csv
train_neg_878,0,/mnt/nw/home/m.yu/repos/foundry/datasets/toxinpred3/train_neg.csv
train_neg_879,0,/mnt/nw/home/m.yu/repos/foundry/datasets/toxinpred3/train_neg.csv
train_neg_880,0,/mnt/nw/home/m.yu/repos/foundry/datasets/toxinpred3/train_neg.csv
train_neg_881,0,/mnt/nw/home/m.yu/repos/foundry/datasets/toxinpred3/train_neg.csv
train_neg_882,0,/mnt/nw/home/m.yu/repos/foundry/datasets/toxinpred3/train_neg.csv
train_neg_883,0,/mnt/nw/home/m.yu/repos/foundry/datasets/toxinpred3/train_neg.csv
train_neg_884,0,/mnt/nw/home/m.yu/repos/foundry/datasets/toxinpred3/train_neg.csv
train_neg_885,0,/mnt/nw/home/m.yu/repos/foundry/datasets/toxinpred3/train_neg.csv
train_neg_886,0,/mnt/nw/home/m.yu/repos/foundry/datasets/toxinpred3/train_neg.csv
train_neg_887,0,/mnt/nw/home/m.yu/repos/foundry/datasets/toxinpred3/train_neg.csv
train_neg_888,0,/mnt/nw/home/m.yu/repos/foundry/datasets/toxinpred3/train_neg.csv
train_neg_889,0,/mnt/nw/home/m.yu/repos/foundry/datasets/toxinpred3/train_neg.csv
train_neg_890,0,/mnt/nw/home/m.yu/repos/foundry/datasets/toxinpred3/train_neg.csv
train_neg_891,0,/mnt/nw/home/m.yu/repos/foundry/datasets/toxinpred3/train_neg.csv
train_neg_892,0,/mnt/nw/home/m.yu/repos/foundry/datasets/toxinpred3/train_neg.csv
train_neg_893,0,/mnt/nw/home/m.yu/repos/foundry/datasets/toxinpred3/train_neg.csv
train_neg_894,0,/mnt/nw/home/m.yu/repos/foundry/datasets/toxinpred3/train_neg.csv
train_neg_895,0,/mnt/nw/home/m.yu/repos/foundry/datasets/toxinpred3/train_neg.csv
train_neg_896,0,/mnt/nw/home/m.yu/repos/foundry/datasets/toxinpred3/train_neg.csv
train_neg_897,0,/mnt/nw/home/m.yu/repos/foundry/datasets/toxinpred3/train_neg.csv
train_neg_898,0,/mnt/nw/home/m.yu/repos/foundry/datasets/toxinpred3/train_neg.csv
train_neg_899,0,/mnt/nw/home/m.yu/repos/foundry/datasets/toxinpred3/train_neg.csv
train_neg_900,0,/mnt/nw/home/m.yu/repos/foundry/datasets/toxinpred3/train_neg.csv
train_neg_901,0,/mnt/nw/home/m.yu/repos/foundry/datasets/toxinpred3/train_neg.csv
train_neg_902,0,/mnt/nw/home/m.yu/repos/foundry/datasets/toxinpred3/train_neg.csv
train_neg_903,0,/mnt/nw/home/m.yu/repos/foundry/datasets/toxinpred3/train_neg.csv
train_neg_904,0,/mnt/nw/home/m.yu/repos/foundry/datasets/toxinpred3/train_neg.csv
train_neg_905,0,/mnt/nw/home/m.yu/repos/foundry/datasets/toxinpred3/train_neg.csv
train_neg_906,0,/mnt/nw/home/m.yu/repos/foundry/datasets/toxinpred3/train_neg.csv
train_neg_907,0,/mnt/nw/home/m.yu/repos/foundry/datasets/toxinpred3/train_neg.csv
train_neg_908,0,/mnt/nw/home/m.yu/repos/foundry/datasets/toxinpred3/train_neg.csv
train_neg_909,0,/mnt/nw/home/m.yu/repos/foundry/datasets/toxinpred3/train_neg.csv
train_neg_910,0,/mnt/nw/home/m.yu/repos/foundry/datasets/toxinpred3/train_neg.csv
train_neg_911,0,/mnt/nw/home/m.yu/repos/foundry/datasets/toxinpred3/train_neg.csv
train_neg_912,0,/mnt/nw/home/m.yu/repos/foundry/datasets/toxinpred3/train_neg.csv
train_neg_913,0,/mnt/nw/home/m.yu/repos/foundry/datasets/toxinpred3/train_neg.csv
train_neg_914,0,/mnt/nw/home/m.yu/repos/foundry/datasets/toxinpred3/train_neg.csv
train_neg_915,0,/mnt/nw/home/m.yu/repos/foundry/datasets/toxinpred3/train_neg.csv
train_neg_916,0,/mnt/nw/home/m.yu/repos/foundry/datasets/toxinpred3/train_neg.csv
train_neg_917,0,/mnt/nw/home/m.yu/repos/foundry/datasets/toxinpred3/train_neg.csv
train_neg_918,0,/mnt/nw/home/m.yu/repos/foundry/datasets/toxinpred3/train_neg.csv
train_neg_919,0,/mnt/nw/home/m.yu/repos/foundry/datasets/toxinpred3/train_neg.csv
train_neg_920,0,/mnt/nw/home/m.yu/repos/foundry/datasets/toxinpred3/train_neg.csv
train_neg_921,0,/mnt/nw/home/m.yu/repos/foundry/datasets/toxinpred3/train_neg.csv
train_neg_922,0,/mnt/nw/home/m.yu/repos/foundry/datasets/toxinpred3/train_neg.csv
train_neg_923,0,/mnt/nw/home/m.yu/repos/foundry/datasets/toxinpred3/train_neg.csv
train_neg_924,0,/mnt/nw/home/m.yu/repos/foundry/datasets/toxinpred3/train_neg.csv
train_neg_925,0,/mnt/nw/home/m.yu/repos/foundry/datasets/toxinpred3/train_neg.csv
train_neg_926,0,/mnt/nw/home/m.yu/repos/foundry/datasets/toxinpred3/train_neg.csv
train_neg_927,0,/mnt/nw/home/m.yu/repos/foundry/datasets/toxinpred3/train_neg.csv
train_neg_928,0,/mnt/nw/home/m.yu/repos/foundry/datasets/toxinpred3/train_neg.csv
train_neg_929,0,/mnt/nw/home/m.yu/repos/foundry/datasets/toxinpred3/train_neg.csv
train_neg_930,0,/mnt/nw/home/m.yu/repos/foundry/datasets/toxinpred3/train_neg.csv
train_neg_931,0,/mnt/nw/home/m.yu/repos/foundry/datasets/toxinpred3/train_neg.csv
train_neg_932,0,/mnt/nw/home/m.yu/repos/foundry/datasets/toxinpred3/train_neg.csv
train_neg_933,0,/mnt/nw/home/m.yu/repos/foundry/datasets/toxinpred3/train_neg.csv
train_neg_934,0,/mnt/nw/home/m.yu/repos/foundry/datasets/toxinpred3/train_neg.csv
train_neg_935,0,/mnt/nw/home/m.yu/repos/foundry/datasets/toxinpred3/train_neg.csv
train_neg_936,0,/mnt/nw/home/m.yu/repos/foundry/datasets/toxinpred3/train_neg.csv
train_neg_937,0,/mnt/nw/home/m.yu/repos/foundry/datasets/toxinpred3/train_neg.csv
train_neg_938,0,/mnt/nw/home/m.yu/repos/foundry/datasets/toxinpred3/train_neg.csv
train_neg_939,0,/mnt/nw/home/m.yu/repos/foundry/datasets/toxinpred3/train_neg.csv
train_neg_940,0,/mnt/nw/home/m.yu/repos/foundry/datasets/toxinpred3/train_neg.csv
train_neg_941,0,/mnt/nw/home/m.yu/repos/foundry/datasets/toxinpred3/train_neg.csv
train_neg_942,0,/mnt/nw/home/m.yu/repos/foundry/datasets/toxinpred3/train_neg.csv
train_neg_943,0,/mnt/nw/home/m.yu/repos/foundry/datasets/toxinpred3/train_neg.csv
train_neg_944,0,/mnt/nw/home/m.yu/repos/foundry/datasets/toxinpred3/train_neg.csv
train_neg_945,0,/mnt/nw/home/m.yu/repos/foundry/datasets/toxinpred3/train_neg.csv
train_neg_946,0,/mnt/nw/home/m.yu/repos/foundry/datasets/toxinpred3/train_neg.csv
train_neg_947,0,/mnt/nw/home/m.yu/repos/foundry/datasets/toxinpred3/train_neg.csv
train_neg_948,0,/mnt/nw/home/m.yu/repos/foundry/datasets/toxinpred3/train_neg.csv
train_neg_949,0,/mnt/nw/home/m.yu/repos/foundry/datasets/toxinpred3/train_neg.csv
train_neg_950,0,/mnt/nw/home/m.yu/repos/foundry/datasets/toxinpred3/train_neg.csv
train_neg_951,0,/mnt/nw/home/m.yu/repos/foundry/datasets/toxinpred3/train_neg.csv
train_neg_952,0,/mnt/nw/home/m.yu/repos/foundry/datasets/toxinpred3/train_neg.csv
train_neg_953,0,/mnt/nw/home/m.yu/repos/foundry/datasets/toxinpred3/train_neg.csv
train_neg_954,0,/mnt/nw/home/m.yu/repos/foundry/datasets/toxinpred3/train_neg.csv
train_neg_955,0,/mnt/nw/home/m.yu/repos/foundry/datasets/toxinpred3/train_neg.csv
train_neg_956,0,/mnt/nw/home/m.yu/repos/foundry/datasets/toxinpred3/train_neg.csv
train_neg_957,0,/mnt/nw/home/m.yu/repos/foundry/datasets/toxinpred3/train_neg.csv
train_neg_958,0,/mnt/nw/home/m.yu/repos/foundry/datasets/toxinpred3/train_neg.csv
train_neg_959,0,/mnt/nw/home/m.yu/repos/foundry/datasets/toxinpred3/train_neg.csv
train_neg_960,0,/mnt/nw/home/m.yu/repos/foundry/datasets/toxinpred3/train_neg.csv
train_neg_961,0,/mnt/nw/home/m.yu/repos/foundry/datasets/toxinpred3/train_neg.csv
train_neg_962,0,/mnt/nw/home/m.yu/repos/foundry/datasets/toxinpred3/train_neg.csv
train_neg_963,0,/mnt/nw/home/m.yu/repos/foundry/datasets/toxinpred3/train_neg.csv
train_neg_964,0,/mnt/nw/home/m.yu/repos/foundry/datasets/toxinpred3/train_neg.csv
train_neg_965,0,/mnt/nw/home/m.yu/repos/foundry/datasets/toxinpred3/train_neg.csv
train_neg_966,0,/mnt/nw/home/m.yu/repos/foundry/datasets/toxinpred3/train_neg.csv
train_neg_967,0,/mnt/nw/home/m.yu/repos/foundry/datasets/toxinpred3/train_neg.csv
train_neg_968,0,/mnt/nw/home/m.yu/repos/foundry/datasets/toxinpred3/train_neg.csv
train_neg_969,0,/mnt/nw/home/m.yu/repos/foundry/datasets/toxinpred3/train_neg.csv
train_neg_970,0,/mnt/nw/home/m.yu/repos/foundry/datasets/toxinpred3/train_neg.csv
train_neg_971,0,/mnt/nw/home/m.yu/repos/foundry/datasets/toxinpred3/train_neg.csv
train_neg_972,0,/mnt/nw/home/m.yu/repos/foundry/datasets/toxinpred3/train_neg.csv
train_neg_973,0,/mnt/nw/home/m.yu/repos/foundry/datasets/toxinpred3/train_neg.csv
train_neg_974,0,/mnt/nw/home/m.yu/repos/foundry/datasets/toxinpred3/train_neg.csv
train_neg_975,0,/mnt/nw/home/m.yu/repos/foundry/datasets/toxinpred3/train_neg.csv
train_neg_976,0,/mnt/nw/home/m.yu/repos/foundry/datasets/toxinpred3/train_neg.csv
train_neg_977,0,/mnt/nw/home/m.yu/repos/foundry/datasets/toxinpred3/train_neg.csv
train_neg_978,0,/mnt/nw/home/m.yu/repos/foundry/datasets/toxinpred3/train_neg.csv
train_neg_979,0,/mnt/nw/home/m.yu/repos/foundry/datasets/toxinpred3/train_neg.csv
train_neg_980,0,/mnt/nw/home/m.yu/repos/foundry/datasets/toxinpred3/train_neg.csv
train_neg_981,0,/mnt/nw/home/m.yu/repos/foundry/datasets/toxinpred3/train_neg.csv
train_neg_982,0,/mnt/nw/home/m.yu/repos/foundry/datasets/toxinpred3/train_neg.csv
train_neg_983,0,/mnt/nw/home/m.yu/repos/foundry/datasets/toxinpred3/train_neg.csv
train_neg_984,0,/mnt/nw/home/m.yu/repos/foundry/datasets/toxinpred3/train_neg.csv
train_neg_985,0,/mnt/nw/home/m.yu/repos/foundry/datasets/toxinpred3/train_neg.csv
train_neg_986,0,/mnt/nw/home/m.yu/repos/foundry/datasets/toxinpred3/train_neg.csv
train_neg_987,0,/mnt/nw/home/m.yu/repos/foundry/datasets/toxinpred3/train_neg.csv
train_neg_988,0,/mnt/nw/home/m.yu/repos/foundry/datasets/toxinpred3/train_neg.csv
train_neg_989,0,/mnt/nw/home/m.yu/repos/foundry/datasets/toxinpred3/train_neg.csv
train_neg_990,0,/mnt/nw/home/m.yu/repos/foundry/datasets/toxinpred3/train_neg.csv
train_neg_991,0,/mnt/nw/home/m.yu/repos/foundry/datasets/toxinpred3/train_neg.csv
train_neg_992,0,/mnt/nw/home/m.yu/repos/foundry/datasets/toxinpred3/train_neg.csv
train_neg_993,0,/mnt/nw/home/m.yu/repos/foundry/datasets/toxinpred3/train_neg.csv
train_neg_994,0,/mnt/nw/home/m.yu/repos/foundry/datasets/toxinpred3/train_neg.csv
train_neg_995,0,/mnt/nw/home/m.yu/repos/foundry/datasets/toxinpred3/train_neg.csv
train_neg_996,0,/mnt/nw/home/m.yu/repos/foundry/datasets/toxinpred3/train_neg.csv
train_neg_997,0,/mnt/nw/home/m.yu/repos/foundry/datasets/toxinpred3/train_neg.csv
train_neg_998,0,/mnt/nw/home/m.yu/repos/foundry/datasets/toxinpred3/train_neg.csv
train_neg_999,0,/mnt/nw/home/m.yu/repos/foundry/datasets/toxinpred3/train_neg.csv
train_neg_1000,0,/mnt/nw/home/m.yu/repos/foundry/datasets/toxinpred3/train_neg.csv
train_neg_1001,0,/mnt/nw/home/m.yu/repos/foundry/datasets/toxinpred3/train_neg.csv
train_neg_1002,0,/mnt/nw/home/m.yu/repos/foundry/datasets/toxinpred3/train_neg.csv
train_neg_1003,0,/mnt/nw/home/m.yu/repos/foundry/datasets/toxinpred3/train_neg.csv
train_neg_1004,0,/mnt/nw/home/m.yu/repos/foundry/datasets/toxinpred3/train_neg.csv
train_neg_1005,0,/mnt/nw/home/m.yu/repos/foundry/datasets/toxinpred3/train_neg.csv
train_neg_1006,0,/mnt/nw/home/m.yu/repos/foundry/datasets/toxinpred3/train_neg.csv
train_neg_1007,0,/mnt/nw/home/m.yu/repos/foundry/datasets/toxinpred3/train_neg.csv
train_neg_1008,0,/mnt/nw/home/m.yu/repos/foundry/datasets/toxinpred3/train_neg.csv
train_neg_1009,0,/mnt/nw/home/m.yu/repos/foundry/datasets/toxinpred3/train_neg.csv
train_neg_1010,0,/mnt/nw/home/m.yu/repos/foundry/datasets/toxinpred3/train_neg.csv
train_neg_1011,0,/mnt/nw/home/m.yu/repos/foundry/datasets/toxinpred3/train_neg.csv
train_neg_1012,0,/mnt/nw/home/m.yu/repos/foundry/datasets/toxinpred3/train_neg.csv
train_neg_1013,0,/mnt/nw/home/m.yu/repos/foundry/datasets/toxinpred3/train_neg.csv
train_neg_1014,0,/mnt/nw/home/m.yu/repos/foundry/datasets/toxinpred3/train_neg.csv
train_neg_1015,0,/mnt/nw/home/m.yu/repos/foundry/datasets/toxinpred3/train_neg.csv
train_neg_1016,0,/mnt/nw/home/m.yu/repos/foundry/datasets/toxinpred3/train_neg.csv
train_neg_1017,0,/mnt/nw/home/m.yu/repos/foundry/datasets/toxinpred3/train_neg.csv
train_neg_1018,0,/mnt/nw/home/m.yu/repos/foundry/datasets/toxinpred3/train_neg.csv
train_neg_1019,0,/mnt/nw/home/m.yu/repos/foundry/datasets/toxinpred3/train_neg.csv
train_neg_1020,0,/mnt/nw/home/m.yu/repos/foundry/datasets/toxinpred3/train_neg.csv
train_neg_1021,0,/mnt/nw/home/m.yu/repos/foundry/datasets/toxinpred3/train_neg.csv
train_neg_1022,0,/mnt/nw/home/m.yu/repos/foundry/datasets/toxinpred3/train_neg.csv
train_neg_1023,0,/mnt/nw/home/m.yu/repos/foundry/datasets/toxinpred3/train_neg.csv
train_neg_1024,0,/mnt/nw/home/m.yu/repos/foundry/datasets/toxinpred3/train_neg.csv
train_neg_1025,0,/mnt/nw/home/m.yu/repos/foundry/datasets/toxinpred3/train_neg.csv
train_neg_1026,0,/mnt/nw/home/m.yu/repos/foundry/datasets/toxinpred3/train_neg.csv
train_neg_1027,0,/mnt/nw/home/m.yu/repos/foundry/datasets/toxinpred3/train_neg.csv
train_neg_1028,0,/mnt/nw/home/m.yu/repos/foundry/datasets/toxinpred3/train_neg.csv
train_neg_1029,0,/mnt/nw/home/m.yu/repos/foundry/datasets/toxinpred3/train_neg.csv
train_neg_1030,0,/mnt/nw/home/m.yu/repos/foundry/datasets/toxinpred3/train_neg.csv
train_neg_1031,0,/mnt/nw/home/m.yu/repos/foundry/datasets/toxinpred3/train_neg.csv
train_neg_1032,0,/mnt/nw/home/m.yu/repos/foundry/datasets/toxinpred3/train_neg.csv
train_neg_1033,0,/mnt/nw/home/m.yu/repos/foundry/datasets/toxinpred3/train_neg.csv
train_neg_1034,0,/mnt/nw/home/m.yu/repos/foundry/datasets/toxinpred3/train_neg.csv
train_neg_1035,0,/mnt/nw/home/m.yu/repos/foundry/datasets/toxinpred3/train_neg.csv
train_neg_1036,0,/mnt/nw/home/m.yu/repos/foundry/datasets/toxinpred3/train_neg.csv
train_neg_1037,0,/mnt/nw/home/m.yu/repos/foundry/datasets/toxinpred3/train_neg.csv
train_neg_1038,0,/mnt/nw/home/m.yu/repos/foundry/datasets/toxinpred3/train_neg.csv
train_neg_1039,0,/mnt/nw/home/m.yu/repos/foundry/datasets/toxinpred3/train_neg.csv
train_neg_1040,0,/mnt/nw/home/m.yu/repos/foundry/datasets/toxinpred3/train_neg.csv
train_neg_1041,0,/mnt/nw/home/m.yu/repos/foundry/datasets/toxinpred3/train_neg.csv
train_neg_1042,0,/mnt/nw/home/m.yu/repos/foundry/datasets/toxinpred3/train_neg.csv
train_neg_1043,0,/mnt/nw/home/m.yu/repos/foundry/datasets/toxinpred3/train_neg.csv
train_neg_1044,0,/mnt/nw/home/m.yu/repos/foundry/datasets/toxinpred3/train_neg.csv
train_neg_1045,0,/mnt/nw/home/m.yu/repos/foundry/datasets/toxinpred3/train_neg.csv
train_neg_1046,0,/mnt/nw/home/m.yu/repos/foundry/datasets/toxinpred3/train_neg.csv
train_neg_1047,0,/mnt/nw/home/m.yu/repos/foundry/datasets/toxinpred3/train_neg.csv
train_neg_1048,0,/mnt/nw/home/m.yu/repos/foundry/datasets/toxinpred3/train_neg.csv
train_neg_1049,0,/mnt/nw/home/m.yu/repos/foundry/datasets/toxinpred3/train_neg.csv
train_neg_1050,0,/mnt/nw/home/m.yu/repos/foundry/datasets/toxinpred3/train_neg.csv
train_neg_1051,0,/mnt/nw/home/m.yu/repos/foundry/datasets/toxinpred3/train_neg.csv
train_neg_1052,0,/mnt/nw/home/m.yu/repos/foundry/datasets/toxinpred3/train_neg.csv
train_neg_1053,0,/mnt/nw/home/m.yu/repos/foundry/datasets/toxinpred3/train_neg.csv
train_neg_1054,0,/mnt/nw/home/m.yu/repos/foundry/datasets/toxinpred3/train_neg.csv
train_neg_1055,0,/mnt/nw/home/m.yu/repos/foundry/datasets/toxinpred3/train_neg.csv
train_neg_1056,0,/mnt/nw/home/m.yu/repos/foundry/datasets/toxinpred3/train_neg.csv
train_neg_1057,0,/mnt/nw/home/m.yu/repos/foundry/datasets/toxinpred3/train_neg.csv
train_neg_1058,0,/mnt/nw/home/m.yu/repos/foundry/datasets/toxinpred3/train_neg.csv
train_neg_1059,0,/mnt/nw/home/m.yu/repos/foundry/datasets/toxinpred3/train_neg.csv
train_neg_1060,0,/mnt/nw/home/m.yu/repos/foundry/datasets/toxinpred3/train_neg.csv
train_neg_1061,0,/mnt/nw/home/m.yu/repos/foundry/datasets/toxinpred3/train_neg.csv
train_neg_1062,0,/mnt/nw/home/m.yu/repos/foundry/datasets/toxinpred3/train_neg.csv
train_neg_1063,0,/mnt/nw/home/m.yu/repos/foundry/datasets/toxinpred3/train_neg.csv
train_neg_1064,0,/mnt/nw/home/m.yu/repos/foundry/datasets/toxinpred3/train_neg.csv
train_neg_1065,0,/mnt/nw/home/m.yu/repos/foundry/datasets/toxinpred3/train_neg.csv
train_neg_1066,0,/mnt/nw/home/m.yu/repos/foundry/datasets/toxinpred3/train_neg.csv
train_neg_1067,0,/mnt/nw/home/m.yu/repos/foundry/datasets/toxinpred3/train_neg.csv
train_neg_1068,0,/mnt/nw/home/m.yu/repos/foundry/datasets/toxinpred3/train_neg.csv
train_neg_1069,0,/mnt/nw/home/m.yu/repos/foundry/datasets/toxinpred3/train_neg.csv
train_neg_1070,0,/mnt/nw/home/m.yu/repos/foundry/datasets/toxinpred3/train_neg.csv
train_neg_1071,0,/mnt/nw/home/m.yu/repos/foundry/datasets/toxinpred3/train_neg.csv
train_neg_1072,0,/mnt/nw/home/m.yu/repos/foundry/datasets/toxinpred3/train_neg.csv
train_neg_1073,0,/mnt/nw/home/m.yu/repos/foundry/datasets/toxinpred3/train_neg.csv
train_neg_1074,0,/mnt/nw/home/m.yu/repos/foundry/datasets/toxinpred3/train_neg.csv
train_neg_1075,0,/mnt/nw/home/m.yu/repos/foundry/datasets/toxinpred3/train_neg.csv
train_neg_1076,0,/mnt/nw/home/m.yu/repos/foundry/datasets/toxinpred3/train_neg.csv
train_neg_1077,0,/mnt/nw/home/m.yu/repos/foundry/datasets/toxinpred3/train_neg.csv
train_neg_1078,0,/mnt/nw/home/m.yu/repos/foundry/datasets/toxinpred3/train_neg.csv
train_neg_1079,0,/mnt/nw/home/m.yu/repos/foundry/datasets/toxinpred3/train_neg.csv
train_neg_1080,0,/mnt/nw/home/m.yu/repos/foundry/datasets/toxinpred3/train_neg.csv
train_neg_1081,0,/mnt/nw/home/m.yu/repos/foundry/datasets/toxinpred3/train_neg.csv
train_neg_1082,0,/mnt/nw/home/m.yu/repos/foundry/datasets/toxinpred3/train_neg.csv
train_neg_1083,0,/mnt/nw/home/m.yu/repos/foundry/datasets/toxinpred3/train_neg.csv
train_neg_1084,0,/mnt/nw/home/m.yu/repos/foundry/datasets/toxinpred3/train_neg.csv
train_neg_1085,0,/mnt/nw/home/m.yu/repos/foundry/datasets/toxinpred3/train_neg.csv
train_neg_1086,0,/mnt/nw/home/m.yu/repos/foundry/datasets/toxinpred3/train_neg.csv
train_neg_1087,0,/mnt/nw/home/m.yu/repos/foundry/datasets/toxinpred3/train_neg.csv
train_neg_1088,0,/mnt/nw/home/m.yu/repos/foundry/datasets/toxinpred3/train_neg.csv
train_neg_1089,0,/mnt/nw/home/m.yu/repos/foundry/datasets/toxinpred3/train_neg.csv
train_neg_1090,0,/mnt/nw/home/m.yu/repos/foundry/datasets/toxinpred3/train_neg.csv
train_neg_1091,0,/mnt/nw/home/m.yu/repos/foundry/datasets/toxinpred3/train_neg.csv
train_neg_1092,0,/mnt/nw/home/m.yu/repos/foundry/datasets/toxinpred3/train_neg.csv
train_neg_1093,0,/mnt/nw/home/m.yu/repos/foundry/datasets/toxinpred3/train_neg.csv
train_neg_1094,0,/mnt/nw/home/m.yu/repos/foundry/datasets/toxinpred3/train_neg.csv
train_neg_1095,0,/mnt/nw/home/m.yu/repos/foundry/datasets/toxinpred3/train_neg.csv
train_neg_1096,0,/mnt/nw/home/m.yu/repos/foundry/datasets/toxinpred3/train_neg.csv
train_neg_1097,0,/mnt/nw/home/m.yu/repos/foundry/datasets/toxinpred3/train_neg.csv
train_neg_1098,0,/mnt/nw/home/m.yu/repos/foundry/datasets/toxinpred3/train_neg.csv
train_neg_1099,0,/mnt/nw/home/m.yu/repos/foundry/datasets/toxinpred3/train_neg.csv
train_neg_1100,0,/mnt/nw/home/m.yu/repos/foundry/datasets/toxinpred3/train_neg.csv
train_neg_1101,0,/mnt/nw/home/m.yu/repos/foundry/datasets/toxinpred3/train_neg.csv
train_neg_1102,0,/mnt/nw/home/m.yu/repos/foundry/datasets/toxinpred3/train_neg.csv
train_neg_1103,0,/mnt/nw/home/m.yu/repos/foundry/datasets/toxinpred3/train_neg.csv
train_neg_1104,0,/mnt/nw/home/m.yu/repos/foundry/datasets/toxinpred3/train_neg.csv
train_neg_1105,0,/mnt/nw/home/m.yu/repos/foundry/datasets/toxinpred3/train_neg.csv
train_neg_1106,0,/mnt/nw/home/m.yu/repos/foundry/datasets/toxinpred3/train_neg.csv
train_neg_1107,0,/mnt/nw/home/m.yu/repos/foundry/datasets/toxinpred3/train_neg.csv
train_neg_1108,0,/mnt/nw/home/m.yu/repos/foundry/datasets/toxinpred3/train_neg.csv
train_neg_1109,0,/mnt/nw/home/m.yu/repos/foundry/datasets/toxinpred3/train_neg.csv
train_neg_1110,0,/mnt/nw/home/m.yu/repos/foundry/datasets/toxinpred3/train_neg.csv
train_neg_1111,0,/mnt/nw/home/m.yu/repos/foundry/datasets/toxinpred3/train_neg.csv
train_neg_1112,0,/mnt/nw/home/m.yu/repos/foundry/datasets/toxinpred3/train_neg.csv
train_neg_1113,0,/mnt/nw/home/m.yu/repos/foundry/datasets/toxinpred3/train_neg.csv
train_neg_1114,0,/mnt/nw/home/m.yu/repos/foundry/datasets/toxinpred3/train_neg.csv
train_neg_1115,0,/mnt/nw/home/m.yu/repos/foundry/datasets/toxinpred3/train_neg.csv
train_neg_1116,0,/mnt/nw/home/m.yu/repos/foundry/datasets/toxinpred3/train_neg.csv
train_neg_1117,0,/mnt/nw/home/m.yu/repos/foundry/datasets/toxinpred3/train_neg.csv
train_neg_1118,0,/mnt/nw/home/m.yu/repos/foundry/datasets/toxinpred3/train_neg.csv
train_neg_1119,0,/mnt/nw/home/m.yu/repos/foundry/datasets/toxinpred3/train_neg.csv
train_neg_1120,0,/mnt/nw/home/m.yu/repos/foundry/datasets/toxinpred3/train_neg.csv
train_neg_1121,0,/mnt/nw/home/m.yu/repos/foundry/datasets/toxinpred3/train_neg.csv
train_neg_1122,0,/mnt/nw/home/m.yu/repos/foundry/datasets/toxinpred3/train_neg.csv
train_neg_1123,0,/mnt/nw/home/m.yu/repos/foundry/datasets/toxinpred3/train_neg.csv
train_neg_1124,0,/mnt/nw/home/m.yu/repos/foundry/datasets/toxinpred3/train_neg.csv
train_neg_1125,0,/mnt/nw/home/m.yu/repos/foundry/datasets/toxinpred3/train_neg.csv
train_neg_1126,0,/mnt/nw/home/m.yu/repos/foundry/datasets/toxinpred3/train_neg.csv
train_neg_1127,0,/mnt/nw/home/m.yu/repos/foundry/datasets/toxinpred3/train_neg.csv
train_neg_1128,0,/mnt/nw/home/m.yu/repos/foundry/datasets/toxinpred3/train_neg.csv
train_neg_1129,0,/mnt/nw/home/m.yu/repos/foundry/datasets/toxinpred3/train_neg.csv
train_neg_1130,0,/mnt/nw/home/m.yu/repos/foundry/datasets/toxinpred3/train_neg.csv
train_neg_1131,0,/mnt/nw/home/m.yu/repos/foundry/datasets/toxinpred3/train_neg.csv
train_neg_1132,0,/mnt/nw/home/m.yu/repos/foundry/datasets/toxinpred3/train_neg.csv
train_neg_1133,0,/mnt/nw/home/m.yu/repos/foundry/datasets/toxinpred3/train_neg.csv
train_neg_1134,0,/mnt/nw/home/m.yu/repos/foundry/datasets/toxinpred3/train_neg.csv
train_neg_1135,0,/mnt/nw/home/m.yu/repos/foundry/datasets/toxinpred3/train_neg.csv
train_neg_1136,0,/mnt/nw/home/m.yu/repos/foundry/datasets/toxinpred3/train_neg.csv
train_neg_1137,0,/mnt/nw/home/m.yu/repos/foundry/datasets/toxinpred3/train_neg.csv
train_neg_1138,0,/mnt/nw/home/m.yu/repos/foundry/datasets/toxinpred3/train_neg.csv
train_neg_1139,0,/mnt/nw/home/m.yu/repos/foundry/datasets/toxinpred3/train_neg.csv
train_neg_1140,0,/mnt/nw/home/m.yu/repos/foundry/datasets/toxinpred3/train_neg.csv
train_neg_1141,0,/mnt/nw/home/m.yu/repos/foundry/datasets/toxinpred3/train_neg.csv
train_neg_1142,0,/mnt/nw/home/m.yu/repos/foundry/datasets/toxinpred3/train_neg.csv
train_neg_1143,0,/mnt/nw/home/m.yu/repos/foundry/datasets/toxinpred3/train_neg.csv
train_neg_1144,0,/mnt/nw/home/m.yu/repos/foundry/datasets/toxinpred3/train_neg.csv
train_neg_1145,0,/mnt/nw/home/m.yu/repos/foundry/datasets/toxinpred3/train_neg.csv
train_neg_1146,0,/mnt/nw/home/m.yu/repos/foundry/datasets/toxinpred3/train_neg.csv
train_neg_1147,0,/mnt/nw/home/m.yu/repos/foundry/datasets/toxinpred3/train_neg.csv
train_neg_1148,0,/mnt/nw/home/m.yu/repos/foundry/datasets/toxinpred3/train_neg.csv
train_neg_1149,0,/mnt/nw/home/m.yu/repos/foundry/datasets/toxinpred3/train_neg.csv
train_neg_1150,0,/mnt/nw/home/m.yu/repos/foundry/datasets/toxinpred3/train_neg.csv
train_neg_1151,0,/mnt/nw/home/m.yu/repos/foundry/datasets/toxinpred3/train_neg.csv
train_neg_1152,0,/mnt/nw/home/m.yu/repos/foundry/datasets/toxinpred3/train_neg.csv
train_neg_1153,0,/mnt/nw/home/m.yu/repos/foundry/datasets/toxinpred3/train_neg.csv
train_neg_1154,0,/mnt/nw/home/m.yu/repos/foundry/datasets/toxinpred3/train_neg.csv
train_neg_1155,0,/mnt/nw/home/m.yu/repos/foundry/datasets/toxinpred3/train_neg.csv
train_neg_1156,0,/mnt/nw/home/m.yu/repos/foundry/datasets/toxinpred3/train_neg.csv
train_neg_1157,0,/mnt/nw/home/m.yu/repos/foundry/datasets/toxinpred3/train_neg.csv
train_neg_1158,0,/mnt/nw/home/m.yu/repos/foundry/datasets/toxinpred3/train_neg.csv
train_neg_1159,0,/mnt/nw/home/m.yu/repos/foundry/datasets/toxinpred3/train_neg.csv
train_neg_1160,0,/mnt/nw/home/m.yu/repos/foundry/datasets/toxinpred3/train_neg.csv
train_neg_1161,0,/mnt/nw/home/m.yu/repos/foundry/datasets/toxinpred3/train_neg.csv
train_neg_1162,0,/mnt/nw/home/m.yu/repos/foundry/datasets/toxinpred3/train_neg.csv
train_neg_1163,0,/mnt/nw/home/m.yu/repos/foundry/datasets/toxinpred3/train_neg.csv
train_neg_1164,0,/mnt/nw/home/m.yu/repos/foundry/datasets/toxinpred3/train_neg.csv
train_neg_1165,0,/mnt/nw/home/m.yu/repos/foundry/datasets/toxinpred3/train_neg.csv
train_neg_1166,0,/mnt/nw/home/m.yu/repos/foundry/datasets/toxinpred3/train_neg.csv
train_neg_1167,0,/mnt/nw/home/m.yu/repos/foundry/datasets/toxinpred3/train_neg.csv
train_neg_1168,0,/mnt/nw/home/m.yu/repos/foundry/datasets/toxinpred3/train_neg.csv
train_neg_1169,0,/mnt/nw/home/m.yu/repos/foundry/datasets/toxinpred3/train_neg.csv
train_neg_1170,0,/mnt/nw/home/m.yu/repos/foundry/datasets/toxinpred3/train_neg.csv
train_neg_1171,0,/mnt/nw/home/m.yu/repos/foundry/datasets/toxinpred3/train_neg.csv
train_neg_1172,0,/mnt/nw/home/m.yu/repos/foundry/datasets/toxinpred3/train_neg.csv
train_neg_1173,0,/mnt/nw/home/m.yu/repos/foundry/datasets/toxinpred3/train_neg.csv
train_neg_1174,0,/mnt/nw/home/m.yu/repos/foundry/datasets/toxinpred3/train_neg.csv
train_neg_1175,0,/mnt/nw/home/m.yu/repos/foundry/datasets/toxinpred3/train_neg.csv
train_neg_1176,0,/mnt/nw/home/m.yu/repos/foundry/datasets/toxinpred3/train_neg.csv
train_neg_1177,0,/mnt/nw/home/m.yu/repos/foundry/datasets/toxinpred3/train_neg.csv
train_neg_1178,0,/mnt/nw/home/m.yu/repos/foundry/datasets/toxinpred3/train_neg.csv
train_neg_1179,0,/mnt/nw/home/m.yu/repos/foundry/datasets/toxinpred3/train_neg.csv
train_neg_1180,0,/mnt/nw/home/m.yu/repos/foundry/datasets/toxinpred3/train_neg.csv
train_neg_1181,0,/mnt/nw/home/m.yu/repos/foundry/datasets/toxinpred3/train_neg.csv
train_neg_1182,0,/mnt/nw/home/m.yu/repos/foundry/datasets/toxinpred3/train_neg.csv
train_neg_1183,0,/mnt/nw/home/m.yu/repos/foundry/datasets/toxinpred3/train_neg.csv
train_neg_1184,0,/mnt/nw/home/m.yu/repos/foundry/datasets/toxinpred3/train_neg.csv
train_neg_1185,0,/mnt/nw/home/m.yu/repos/foundry/datasets/toxinpred3/train_neg.csv
train_neg_1186,0,/mnt/nw/home/m.yu/repos/foundry/datasets/toxinpred3/train_neg.csv
train_neg_1187,0,/mnt/nw/home/m.yu/repos/foundry/datasets/toxinpred3/train_neg.csv
train_neg_1188,0,/mnt/nw/home/m.yu/repos/foundry/datasets/toxinpred3/train_neg.csv
train_neg_1189,0,/mnt/nw/home/m.yu/repos/foundry/datasets/toxinpred3/train_neg.csv
train_neg_1190,0,/mnt/nw/home/m.yu/repos/foundry/datasets/toxinpred3/train_neg.csv
train_neg_1191,0,/mnt/nw/home/m.yu/repos/foundry/datasets/toxinpred3/train_neg.csv
train_neg_1192,0,/mnt/nw/home/m.yu/repos/foundry/datasets/toxinpred3/train_neg.csv
train_neg_1193,0,/mnt/nw/home/m.yu/repos/foundry/datasets/toxinpred3/train_neg.csv
train_neg_1194,0,/mnt/nw/home/m.yu/repos/foundry/datasets/toxinpred3/train_neg.csv
train_neg_1195,0,/mnt/nw/home/m.yu/repos/foundry/datasets/toxinpred3/train_neg.csv
train_neg_1196,0,/mnt/nw/home/m.yu/repos/foundry/datasets/toxinpred3/train_neg.csv
train_neg_1197,0,/mnt/nw/home/m.yu/repos/foundry/datasets/toxinpred3/train_neg.csv
train_neg_1198,0,/mnt/nw/home/m.yu/repos/foundry/datasets/toxinpred3/train_neg.csv
train_neg_1199,0,/mnt/nw/home/m.yu/repos/foundry/datasets/toxinpred3/train_neg.csv
train_neg_1200,0,/mnt/nw/home/m.yu/repos/foundry/datasets/toxinpred3/train_neg.csv
train_neg_1201,0,/mnt/nw/home/m.yu/repos/foundry/datasets/toxinpred3/train_neg.csv
train_neg_1202,0,/mnt/nw/home/m.yu/repos/foundry/datasets/toxinpred3/train_neg.csv
train_neg_1203,0,/mnt/nw/home/m.yu/repos/foundry/datasets/toxinpred3/train_neg.csv
train_neg_1204,0,/mnt/nw/home/m.yu/repos/foundry/datasets/toxinpred3/train_neg.csv
train_neg_1205,0,/mnt/nw/home/m.yu/repos/foundry/datasets/toxinpred3/train_neg.csv
train_neg_1206,0,/mnt/nw/home/m.yu/repos/foundry/datasets/toxinpred3/train_neg.csv
train_neg_1207,0,/mnt/nw/home/m.yu/repos/foundry/datasets/toxinpred3/train_neg.csv
train_neg_1208,0,/mnt/nw/home/m.yu/repos/foundry/datasets/toxinpred3/train_neg.csv
train_neg_1209,0,/mnt/nw/home/m.yu/repos/foundry/datasets/toxinpred3/train_neg.csv
train_neg_1210,0,/mnt/nw/home/m.yu/repos/foundry/datasets/toxinpred3/train_neg.csv
train_neg_1211,0,/mnt/nw/home/m.yu/repos/foundry/datasets/toxinpred3/train_neg.csv
train_neg_1212,0,/mnt/nw/home/m.yu/repos/foundry/datasets/toxinpred3/train_neg.csv
train_neg_1213,0,/mnt/nw/home/m.yu/repos/foundry/datasets/toxinpred3/train_neg.csv
train_neg_1214,0,/mnt/nw/home/m.yu/repos/foundry/datasets/toxinpred3/train_neg.csv
train_neg_1215,0,/mnt/nw/home/m.yu/repos/foundry/datasets/toxinpred3/train_neg.csv
train_neg_1216,0,/mnt/nw/home/m.yu/repos/foundry/datasets/toxinpred3/train_neg.csv
train_neg_1217,0,/mnt/nw/home/m.yu/repos/foundry/datasets/toxinpred3/train_neg.csv
train_neg_1218,0,/mnt/nw/home/m.yu/repos/foundry/datasets/toxinpred3/train_neg.csv
train_neg_1219,0,/mnt/nw/home/m.yu/repos/foundry/datasets/toxinpred3/train_neg.csv
train_neg_1220,0,/mnt/nw/home/m.yu/repos/foundry/datasets/toxinpred3/train_neg.csv
train_neg_1221,0,/mnt/nw/home/m.yu/repos/foundry/datasets/toxinpred3/train_neg.csv
train_neg_1222,0,/mnt/nw/home/m.yu/repos/foundry/datasets/toxinpred3/train_neg.csv
train_neg_1223,0,/mnt/nw/home/m.yu/repos/foundry/datasets/toxinpred3/train_neg.csv
train_neg_1224,0,/mnt/nw/home/m.yu/repos/foundry/datasets/toxinpred3/train_neg.csv
train_neg_1225,0,/mnt/nw/home/m.yu/repos/foundry/datasets/toxinpred3/train_neg.csv
train_neg_1226,0,/mnt/nw/home/m.yu/repos/foundry/datasets/toxinpred3/train_neg.csv
train_neg_1227,0,/mnt/nw/home/m.yu/repos/foundry/datasets/toxinpred3/train_neg.csv
train_neg_1228,0,/mnt/nw/home/m.yu/repos/foundry/datasets/toxinpred3/train_neg.csv
train_neg_1229,0,/mnt/nw/home/m.yu/repos/foundry/datasets/toxinpred3/train_neg.csv
train_neg_1230,0,/mnt/nw/home/m.yu/repos/foundry/datasets/toxinpred3/train_neg.csv
train_neg_1231,0,/mnt/nw/home/m.yu/repos/foundry/datasets/toxinpred3/train_neg.csv
train_neg_1232,0,/mnt/nw/home/m.yu/repos/foundry/datasets/toxinpred3/train_neg.csv
train_neg_1233,0,/mnt/nw/home/m.yu/repos/foundry/datasets/toxinpred3/train_neg.csv
train_neg_1234,0,/mnt/nw/home/m.yu/repos/foundry/datasets/toxinpred3/train_neg.csv
train_neg_1235,0,/mnt/nw/home/m.yu/repos/foundry/datasets/toxinpred3/train_neg.csv
train_neg_1236,0,/mnt/nw/home/m.yu/repos/foundry/datasets/toxinpred3/train_neg.csv
train_neg_1237,0,/mnt/nw/home/m.yu/repos/foundry/datasets/toxinpred3/train_neg.csv
train_neg_1238,0,/mnt/nw/home/m.yu/repos/foundry/datasets/toxinpred3/train_neg.csv
train_neg_1239,0,/mnt/nw/home/m.yu/repos/foundry/datasets/toxinpred3/train_neg.csv
train_neg_1240,0,/mnt/nw/home/m.yu/repos/foundry/datasets/toxinpred3/train_neg.csv
train_neg_1241,0,/mnt/nw/home/m.yu/repos/foundry/datasets/toxinpred3/train_neg.csv
train_neg_1242,0,/mnt/nw/home/m.yu/repos/foundry/datasets/toxinpred3/train_neg.csv
train_neg_1243,0,/mnt/nw/home/m.yu/repos/foundry/datasets/toxinpred3/train_neg.csv
train_neg_1244,0,/mnt/nw/home/m.yu/repos/foundry/datasets/toxinpred3/train_neg.csv
train_neg_1245,0,/mnt/nw/home/m.yu/repos/foundry/datasets/toxinpred3/train_neg.csv
train_neg_1246,0,/mnt/nw/home/m.yu/repos/foundry/datasets/toxinpred3/train_neg.csv
train_neg_1247,0,/mnt/nw/home/m.yu/repos/foundry/datasets/toxinpred3/train_neg.csv
train_neg_1248,0,/mnt/nw/home/m.yu/repos/foundry/datasets/toxinpred3/train_neg.csv
train_neg_1249,0,/mnt/nw/home/m.yu/repos/foundry/datasets/toxinpred3/train_neg.csv
train_neg_1250,0,/mnt/nw/home/m.yu/repos/foundry/datasets/toxinpred3/train_neg.csv
train_neg_1251,0,/mnt/nw/home/m.yu/repos/foundry/datasets/toxinpred3/train_neg.csv
train_neg_1252,0,/mnt/nw/home/m.yu/repos/foundry/datasets/toxinpred3/train_neg.csv
train_neg_1253,0,/mnt/nw/home/m.yu/repos/foundry/datasets/toxinpred3/train_neg.csv
train_neg_1254,0,/mnt/nw/home/m.yu/repos/foundry/datasets/toxinpred3/train_neg.csv
train_neg_1255,0,/mnt/nw/home/m.yu/repos/foundry/datasets/toxinpred3/train_neg.csv
train_neg_1256,0,/mnt/nw/home/m.yu/repos/foundry/datasets/toxinpred3/train_neg.csv
train_neg_1257,0,/mnt/nw/home/m.yu/repos/foundry/datasets/toxinpred3/train_neg.csv
train_neg_1258,0,/mnt/nw/home/m.yu/repos/foundry/datasets/toxinpred3/train_neg.csv
train_neg_1259,0,/mnt/nw/home/m.yu/repos/foundry/datasets/toxinpred3/train_neg.csv
train_neg_1260,0,/mnt/nw/home/m.yu/repos/foundry/datasets/toxinpred3/train_neg.csv
train_neg_1261,0,/mnt/nw/home/m.yu/repos/foundry/datasets/toxinpred3/train_neg.csv
train_neg_1262,0,/mnt/nw/home/m.yu/repos/foundry/datasets/toxinpred3/train_neg.csv
train_neg_1263,0,/mnt/nw/home/m.yu/repos/foundry/datasets/toxinpred3/train_neg.csv
train_neg_1264,0,/mnt/nw/home/m.yu/repos/foundry/datasets/toxinpred3/train_neg.csv
train_neg_1265,0,/mnt/nw/home/m.yu/repos/foundry/datasets/toxinpred3/train_neg.csv
train_neg_1266,0,/mnt/nw/home/m.yu/repos/foundry/datasets/toxinpred3/train_neg.csv
train_neg_1267,0,/mnt/nw/home/m.yu/repos/foundry/datasets/toxinpred3/train_neg.csv
train_neg_1268,0,/mnt/nw/home/m.yu/repos/foundry/datasets/toxinpred3/train_neg.csv
train_neg_1269,0,/mnt/nw/home/m.yu/repos/foundry/datasets/toxinpred3/train_neg.csv
train_neg_1270,0,/mnt/nw/home/m.yu/repos/foundry/datasets/toxinpred3/train_neg.csv
train_neg_1271,0,/mnt/nw/home/m.yu/repos/foundry/datasets/toxinpred3/train_neg.csv
train_neg_1272,0,/mnt/nw/home/m.yu/repos/foundry/datasets/toxinpred3/train_neg.csv
train_neg_1273,0,/mnt/nw/home/m.yu/repos/foundry/datasets/toxinpred3/train_neg.csv
train_neg_1274,0,/mnt/nw/home/m.yu/repos/foundry/datasets/toxinpred3/train_neg.csv
train_neg_1275,0,/mnt/nw/home/m.yu/repos/foundry/datasets/toxinpred3/train_neg.csv
train_neg_1276,0,/mnt/nw/home/m.yu/repos/foundry/datasets/toxinpred3/train_neg.csv
train_neg_1277,0,/mnt/nw/home/m.yu/repos/foundry/datasets/toxinpred3/train_neg.csv
train_neg_1278,0,/mnt/nw/home/m.yu/repos/foundry/datasets/toxinpred3/train_neg.csv
train_neg_1279,0,/mnt/nw/home/m.yu/repos/foundry/datasets/toxinpred3/train_neg.csv
train_neg_1280,0,/mnt/nw/home/m.yu/repos/foundry/datasets/toxinpred3/train_neg.csv
train_neg_1281,0,/mnt/nw/home/m.yu/repos/foundry/datasets/toxinpred3/train_neg.csv
train_neg_1282,0,/mnt/nw/home/m.yu/repos/foundry/datasets/toxinpred3/train_neg.csv
train_neg_1283,0,/mnt/nw/home/m.yu/repos/foundry/datasets/toxinpred3/train_neg.csv
train_neg_1284,0,/mnt/nw/home/m.yu/repos/foundry/datasets/toxinpred3/train_neg.csv
train_neg_1285,0,/mnt/nw/home/m.yu/repos/foundry/datasets/toxinpred3/train_neg.csv
train_neg_1286,0,/mnt/nw/home/m.yu/repos/foundry/datasets/toxinpred3/train_neg.csv
train_neg_1287,0,/mnt/nw/home/m.yu/repos/foundry/datasets/toxinpred3/train_neg.csv
train_neg_1288,0,/mnt/nw/home/m.yu/repos/foundry/datasets/toxinpred3/train_neg.csv
train_neg_1289,0,/mnt/nw/home/m.yu/repos/foundry/datasets/toxinpred3/train_neg.csv
train_neg_1290,0,/mnt/nw/home/m.yu/repos/foundry/datasets/toxinpred3/train_neg.csv
train_neg_1291,0,/mnt/nw/home/m.yu/repos/foundry/datasets/toxinpred3/train_neg.csv
train_neg_1292,0,/mnt/nw/home/m.yu/repos/foundry/datasets/toxinpred3/train_neg.csv
train_neg_1293,0,/mnt/nw/home/m.yu/repos/foundry/datasets/toxinpred3/train_neg.csv
train_neg_1294,0,/mnt/nw/home/m.yu/repos/foundry/datasets/toxinpred3/train_neg.csv
train_neg_1295,0,/mnt/nw/home/m.yu/repos/foundry/datasets/toxinpred3/train_neg.csv
train_neg_1296,0,/mnt/nw/home/m.yu/repos/foundry/datasets/toxinpred3/train_neg.csv
train_neg_1297,0,/mnt/nw/home/m.yu/repos/foundry/datasets/toxinpred3/train_neg.csv
train_neg_1298,0,/mnt/nw/home/m.yu/repos/foundry/datasets/toxinpred3/train_neg.csv
train_neg_1299,0,/mnt/nw/home/m.yu/repos/foundry/datasets/toxinpred3/train_neg.csv
train_neg_1300,0,/mnt/nw/home/m.yu/repos/foundry/datasets/toxinpred3/train_neg.csv
train_neg_1301,0,/mnt/nw/home/m.yu/repos/foundry/datasets/toxinpred3/train_neg.csv
train_neg_1302,0,/mnt/nw/home/m.yu/repos/foundry/datasets/toxinpred3/train_neg.csv
train_neg_1303,0,/mnt/nw/home/m.yu/repos/foundry/datasets/toxinpred3/train_neg.csv
train_neg_1304,0,/mnt/nw/home/m.yu/repos/foundry/datasets/toxinpred3/train_neg.csv
train_neg_1305,0,/mnt/nw/home/m.yu/repos/foundry/datasets/toxinpred3/train_neg.csv
train_neg_1306,0,/mnt/nw/home/m.yu/repos/foundry/datasets/toxinpred3/train_neg.csv
train_neg_1307,0,/mnt/nw/home/m.yu/repos/foundry/datasets/toxinpred3/train_neg.csv
train_neg_1308,0,/mnt/nw/home/m.yu/repos/foundry/datasets/toxinpred3/train_neg.csv
train_neg_1309,0,/mnt/nw/home/m.yu/repos/foundry/datasets/toxinpred3/train_neg.csv
train_neg_1310,0,/mnt/nw/home/m.yu/repos/foundry/datasets/toxinpred3/train_neg.csv
train_neg_1311,0,/mnt/nw/home/m.yu/repos/foundry/datasets/toxinpred3/train_neg.csv
train_neg_1312,0,/mnt/nw/home/m.yu/repos/foundry/datasets/toxinpred3/train_neg.csv
train_neg_1313,0,/mnt/nw/home/m.yu/repos/foundry/datasets/toxinpred3/train_neg.csv
train_neg_1314,0,/mnt/nw/home/m.yu/repos/foundry/datasets/toxinpred3/train_neg.csv
train_neg_1315,0,/mnt/nw/home/m.yu/repos/foundry/datasets/toxinpred3/train_neg.csv
train_neg_1316,0,/mnt/nw/home/m.yu/repos/foundry/datasets/toxinpred3/train_neg.csv
train_neg_1317,0,/mnt/nw/home/m.yu/repos/foundry/datasets/toxinpred3/train_neg.csv
train_neg_1318,0,/mnt/nw/home/m.yu/repos/foundry/datasets/toxinpred3/train_neg.csv
train_neg_1319,0,/mnt/nw/home/m.yu/repos/foundry/datasets/toxinpred3/train_neg.csv
train_neg_1320,0,/mnt/nw/home/m.yu/repos/foundry/datasets/toxinpred3/train_neg.csv
train_neg_1321,0,/mnt/nw/home/m.yu/repos/foundry/datasets/toxinpred3/train_neg.csv
train_neg_1322,0,/mnt/nw/home/m.yu/repos/foundry/datasets/toxinpred3/train_neg.csv
train_neg_1323,0,/mnt/nw/home/m.yu/repos/foundry/datasets/toxinpred3/train_neg.csv
train_neg_1324,0,/mnt/nw/home/m.yu/repos/foundry/datasets/toxinpred3/train_neg.csv
train_neg_1325,0,/mnt/nw/home/m.yu/repos/foundry/datasets/toxinpred3/train_neg.csv
train_neg_1326,0,/mnt/nw/home/m.yu/repos/foundry/datasets/toxinpred3/train_neg.csv
train_neg_1327,0,/mnt/nw/home/m.yu/repos/foundry/datasets/toxinpred3/train_neg.csv
train_neg_1328,0,/mnt/nw/home/m.yu/repos/foundry/datasets/toxinpred3/train_neg.csv
train_neg_1329,0,/mnt/nw/home/m.yu/repos/foundry/datasets/toxinpred3/train_neg.csv
train_neg_1330,0,/mnt/nw/home/m.yu/repos/foundry/datasets/toxinpred3/train_neg.csv
train_neg_1331,0,/mnt/nw/home/m.yu/repos/foundry/datasets/toxinpred3/train_neg.csv
train_neg_1332,0,/mnt/nw/home/m.yu/repos/foundry/datasets/toxinpred3/train_neg.csv
train_neg_1333,0,/mnt/nw/home/m.yu/repos/foundry/datasets/toxinpred3/train_neg.csv
train_neg_1334,0,/mnt/nw/home/m.yu/repos/foundry/datasets/toxinpred3/train_neg.csv
train_neg_1335,0,/mnt/nw/home/m.yu/repos/foundry/datasets/toxinpred3/train_neg.csv
train_neg_1336,0,/mnt/nw/home/m.yu/repos/foundry/datasets/toxinpred3/train_neg.csv
train_neg_1337,0,/mnt/nw/home/m.yu/repos/foundry/datasets/toxinpred3/train_neg.csv
train_neg_1338,0,/mnt/nw/home/m.yu/repos/foundry/datasets/toxinpred3/train_neg.csv
train_neg_1339,0,/mnt/nw/home/m.yu/repos/foundry/datasets/toxinpred3/train_neg.csv
train_neg_1340,0,/mnt/nw/home/m.yu/repos/foundry/datasets/toxinpred3/train_neg.csv
train_neg_1341,0,/mnt/nw/home/m.yu/repos/foundry/datasets/toxinpred3/train_neg.csv
train_neg_1342,0,/mnt/nw/home/m.yu/repos/foundry/datasets/toxinpred3/train_neg.csv
train_neg_1343,0,/mnt/nw/home/m.yu/repos/foundry/datasets/toxinpred3/train_neg.csv
train_neg_1344,0,/mnt/nw/home/m.yu/repos/foundry/datasets/toxinpred3/train_neg.csv
train_neg_1345,0,/mnt/nw/home/m.yu/repos/foundry/datasets/toxinpred3/train_neg.csv
train_neg_1346,0,/mnt/nw/home/m.yu/repos/foundry/datasets/toxinpred3/train_neg.csv
train_neg_1347,0,/mnt/nw/home/m.yu/repos/foundry/datasets/toxinpred3/train_neg.csv
train_neg_1348,0,/mnt/nw/home/m.yu/repos/foundry/datasets/toxinpred3/train_neg.csv
train_neg_1349,0,/mnt/nw/home/m.yu/repos/foundry/datasets/toxinpred3/train_neg.csv
train_neg_1350,0,/mnt/nw/home/m.yu/repos/foundry/datasets/toxinpred3/train_neg.csv
train_neg_1351,0,/mnt/nw/home/m.yu/repos/foundry/datasets/toxinpred3/train_neg.csv
train_neg_1352,0,/mnt/nw/home/m.yu/repos/foundry/datasets/toxinpred3/train_neg.csv
train_neg_1353,0,/mnt/nw/home/m.yu/repos/foundry/datasets/toxinpred3/train_neg.csv
train_neg_1354,0,/mnt/nw/home/m.yu/repos/foundry/datasets/toxinpred3/train_neg.csv
train_neg_1355,0,/mnt/nw/home/m.yu/repos/foundry/datasets/toxinpred3/train_neg.csv
train_neg_1356,0,/mnt/nw/home/m.yu/repos/foundry/datasets/toxinpred3/train_neg.csv
train_neg_1357,0,/mnt/nw/home/m.yu/repos/foundry/datasets/toxinpred3/train_neg.csv
train_neg_1358,0,/mnt/nw/home/m.yu/repos/foundry/datasets/toxinpred3/train_neg.csv
train_neg_1359,0,/mnt/nw/home/m.yu/repos/foundry/datasets/toxinpred3/train_neg.csv
train_neg_1360,0,/mnt/nw/home/m.yu/repos/foundry/datasets/toxinpred3/train_neg.csv
train_neg_1361,0,/mnt/nw/home/m.yu/repos/foundry/datasets/toxinpred3/train_neg.csv
train_neg_1362,0,/mnt/nw/home/m.yu/repos/foundry/datasets/toxinpred3/train_neg.csv
train_neg_1363,0,/mnt/nw/home/m.yu/repos/foundry/datasets/toxinpred3/train_neg.csv
train_neg_1364,0,/mnt/nw/home/m.yu/repos/foundry/datasets/toxinpred3/train_neg.csv
train_neg_1365,0,/mnt/nw/home/m.yu/repos/foundry/datasets/toxinpred3/train_neg.csv
train_neg_1366,0,/mnt/nw/home/m.yu/repos/foundry/datasets/toxinpred3/train_neg.csv
train_neg_1367,0,/mnt/nw/home/m.yu/repos/foundry/datasets/toxinpred3/train_neg.csv
train_neg_1368,0,/mnt/nw/home/m.yu/repos/foundry/datasets/toxinpred3/train_neg.csv
train_neg_1369,0,/mnt/nw/home/m.yu/repos/foundry/datasets/toxinpred3/train_neg.csv
train_neg_1370,0,/mnt/nw/home/m.yu/repos/foundry/datasets/toxinpred3/train_neg.csv
train_neg_1371,0,/mnt/nw/home/m.yu/repos/foundry/datasets/toxinpred3/train_neg.csv
train_neg_1372,0,/mnt/nw/home/m.yu/repos/foundry/datasets/toxinpred3/train_neg.csv
train_neg_1373,0,/mnt/nw/home/m.yu/repos/foundry/datasets/toxinpred3/train_neg.csv
train_neg_1374,0,/mnt/nw/home/m.yu/repos/foundry/datasets/toxinpred3/train_neg.csv
train_neg_1375,0,/mnt/nw/home/m.yu/repos/foundry/datasets/toxinpred3/train_neg.csv
train_neg_1376,0,/mnt/nw/home/m.yu/repos/foundry/datasets/toxinpred3/train_neg.csv
train_neg_1377,0,/mnt/nw/home/m.yu/repos/foundry/datasets/toxinpred3/train_neg.csv
train_neg_1378,0,/mnt/nw/home/m.yu/repos/foundry/datasets/toxinpred3/train_neg.csv
train_neg_1379,0,/mnt/nw/home/m.yu/repos/foundry/datasets/toxinpred3/train_neg.csv
train_neg_1380,0,/mnt/nw/home/m.yu/repos/foundry/datasets/toxinpred3/train_neg.csv
train_neg_1381,0,/mnt/nw/home/m.yu/repos/foundry/datasets/toxinpred3/train_neg.csv
train_neg_1382,0,/mnt/nw/home/m.yu/repos/foundry/datasets/toxinpred3/train_neg.csv
train_neg_1383,0,/mnt/nw/home/m.yu/repos/foundry/datasets/toxinpred3/train_neg.csv
train_neg_1384,0,/mnt/nw/home/m.yu/repos/foundry/datasets/toxinpred3/train_neg.csv
train_neg_1385,0,/mnt/nw/home/m.yu/repos/foundry/datasets/toxinpred3/train_neg.csv
train_neg_1386,0,/mnt/nw/home/m.yu/repos/foundry/datasets/toxinpred3/train_neg.csv
train_neg_1387,0,/mnt/nw/home/m.yu/repos/foundry/datasets/toxinpred3/train_neg.csv
train_neg_1388,0,/mnt/nw/home/m.yu/repos/foundry/datasets/toxinpred3/train_neg.csv
train_neg_1389,0,/mnt/nw/home/m.yu/repos/foundry/datasets/toxinpred3/train_neg.csv
train_neg_1390,0,/mnt/nw/home/m.yu/repos/foundry/datasets/toxinpred3/train_neg.csv
train_neg_1391,0,/mnt/nw/home/m.yu/repos/foundry/datasets/toxinpred3/train_neg.csv
train_neg_1392,0,/mnt/nw/home/m.yu/repos/foundry/datasets/toxinpred3/train_neg.csv
train_neg_1393,0,/mnt/nw/home/m.yu/repos/foundry/datasets/toxinpred3/train_neg.csv
train_neg_1394,0,/mnt/nw/home/m.yu/repos/foundry/datasets/toxinpred3/train_neg.csv
train_neg_1395,0,/mnt/nw/home/m.yu/repos/foundry/datasets/toxinpred3/train_neg.csv
train_neg_1396,0,/mnt/nw/home/m.yu/repos/foundry/datasets/toxinpred3/train_neg.csv
train_neg_1397,0,/mnt/nw/home/m.yu/repos/foundry/datasets/toxinpred3/train_neg.csv
train_neg_1398,0,/mnt/nw/home/m.yu/repos/foundry/datasets/toxinpred3/train_neg.csv
train_neg_1399,0,/mnt/nw/home/m.yu/repos/foundry/datasets/toxinpred3/train_neg.csv
train_neg_1400,0,/mnt/nw/home/m.yu/repos/foundry/datasets/toxinpred3/train_neg.csv
train_neg_1401,0,/mnt/nw/home/m.yu/repos/foundry/datasets/toxinpred3/train_neg.csv
train_neg_1402,0,/mnt/nw/home/m.yu/repos/foundry/datasets/toxinpred3/train_neg.csv
train_neg_1403,0,/mnt/nw/home/m.yu/repos/foundry/datasets/toxinpred3/train_neg.csv
train_neg_1404,0,/mnt/nw/home/m.yu/repos/foundry/datasets/toxinpred3/train_neg.csv
train_neg_1405,0,/mnt/nw/home/m.yu/repos/foundry/datasets/toxinpred3/train_neg.csv
train_neg_1406,0,/mnt/nw/home/m.yu/repos/foundry/datasets/toxinpred3/train_neg.csv
train_neg_1407,0,/mnt/nw/home/m.yu/repos/foundry/datasets/toxinpred3/train_neg.csv
train_neg_1408,0,/mnt/nw/home/m.yu/repos/foundry/datasets/toxinpred3/train_neg.csv
train_neg_1409,0,/mnt/nw/home/m.yu/repos/foundry/datasets/toxinpred3/train_neg.csv
train_neg_1410,0,/mnt/nw/home/m.yu/repos/foundry/datasets/toxinpred3/train_neg.csv
train_neg_1411,0,/mnt/nw/home/m.yu/repos/foundry/datasets/toxinpred3/train_neg.csv
train_neg_1412,0,/mnt/nw/home/m.yu/repos/foundry/datasets/toxinpred3/train_neg.csv
train_neg_1413,0,/mnt/nw/home/m.yu/repos/foundry/datasets/toxinpred3/train_neg.csv
train_neg_1414,0,/mnt/nw/home/m.yu/repos/foundry/datasets/toxinpred3/train_neg.csv
train_neg_1415,0,/mnt/nw/home/m.yu/repos/foundry/datasets/toxinpred3/train_neg.csv
train_neg_1416,0,/mnt/nw/home/m.yu/repos/foundry/datasets/toxinpred3/train_neg.csv
train_neg_1417,0,/mnt/nw/home/m.yu/repos/foundry/datasets/toxinpred3/train_neg.csv
train_neg_1418,0,/mnt/nw/home/m.yu/repos/foundry/datasets/toxinpred3/train_neg.csv
train_neg_1419,0,/mnt/nw/home/m.yu/repos/foundry/datasets/toxinpred3/train_neg.csv
train_neg_1420,0,/mnt/nw/home/m.yu/repos/foundry/datasets/toxinpred3/train_neg.csv
train_neg_1421,0,/mnt/nw/home/m.yu/repos/foundry/datasets/toxinpred3/train_neg.csv
train_neg_1422,0,/mnt/nw/home/m.yu/repos/foundry/datasets/toxinpred3/train_neg.csv
train_neg_1423,0,/mnt/nw/home/m.yu/repos/foundry/datasets/toxinpred3/train_neg.csv
train_neg_1424,0,/mnt/nw/home/m.yu/repos/foundry/datasets/toxinpred3/train_neg.csv
train_neg_1425,0,/mnt/nw/home/m.yu/repos/foundry/datasets/toxinpred3/train_neg.csv
train_neg_1426,0,/mnt/nw/home/m.yu/repos/foundry/datasets/toxinpred3/train_neg.csv
train_neg_1427,0,/mnt/nw/home/m.yu/repos/foundry/datasets/toxinpred3/train_neg.csv
train_neg_1428,0,/mnt/nw/home/m.yu/repos/foundry/datasets/toxinpred3/train_neg.csv
train_neg_1429,0,/mnt/nw/home/m.yu/repos/foundry/datasets/toxinpred3/train_neg.csv
train_neg_1430,0,/mnt/nw/home/m.yu/repos/foundry/datasets/toxinpred3/train_neg.csv
train_neg_1431,0,/mnt/nw/home/m.yu/repos/foundry/datasets/toxinpred3/train_neg.csv
train_neg_1432,0,/mnt/nw/home/m.yu/repos/foundry/datasets/toxinpred3/train_neg.csv
train_neg_1433,0,/mnt/nw/home/m.yu/repos/foundry/datasets/toxinpred3/train_neg.csv
train_neg_1434,0,/mnt/nw/home/m.yu/repos/foundry/datasets/toxinpred3/train_neg.csv
train_neg_1435,0,/mnt/nw/home/m.yu/repos/foundry/datasets/toxinpred3/train_neg.csv
train_neg_1436,0,/mnt/nw/home/m.yu/repos/foundry/datasets/toxinpred3/train_neg.csv
train_neg_1437,0,/mnt/nw/home/m.yu/repos/foundry/datasets/toxinpred3/train_neg.csv
train_neg_1438,0,/mnt/nw/home/m.yu/repos/foundry/datasets/toxinpred3/train_neg.csv
train_neg_1439,0,/mnt/nw/home/m.yu/repos/foundry/datasets/toxinpred3/train_neg.csv
train_neg_1440,0,/mnt/nw/home/m.yu/repos/foundry/datasets/toxinpred3/train_neg.csv
train_neg_1441,0,/mnt/nw/home/m.yu/repos/foundry/datasets/toxinpred3/train_neg.csv
train_neg_1442,0,/mnt/nw/home/m.yu/repos/foundry/datasets/toxinpred3/train_neg.csv
train_neg_1443,0,/mnt/nw/home/m.yu/repos/foundry/datasets/toxinpred3/train_neg.csv
train_neg_1444,0,/mnt/nw/home/m.yu/repos/foundry/datasets/toxinpred3/train_neg.csv
train_neg_1445,0,/mnt/nw/home/m.yu/repos/foundry/datasets/toxinpred3/train_neg.csv
train_neg_1446,0,/mnt/nw/home/m.yu/repos/foundry/datasets/toxinpred3/train_neg.csv
train_neg_1447,0,/mnt/nw/home/m.yu/repos/foundry/datasets/toxinpred3/train_neg.csv
train_neg_1448,0,/mnt/nw/home/m.yu/repos/foundry/datasets/toxinpred3/train_neg.csv
train_neg_1449,0,/mnt/nw/home/m.yu/repos/foundry/datasets/toxinpred3/train_neg.csv
train_neg_1450,0,/mnt/nw/home/m.yu/repos/foundry/datasets/toxinpred3/train_neg.csv
train_neg_1451,0,/mnt/nw/home/m.yu/repos/foundry/datasets/toxinpred3/train_neg.csv
train_neg_1452,0,/mnt/nw/home/m.yu/repos/foundry/datasets/toxinpred3/train_neg.csv
train_neg_1453,0,/mnt/nw/home/m.yu/repos/foundry/datasets/toxinpred3/train_neg.csv
train_neg_1454,0,/mnt/nw/home/m.yu/repos/foundry/datasets/toxinpred3/train_neg.csv
train_neg_1455,0,/mnt/nw/home/m.yu/repos/foundry/datasets/toxinpred3/train_neg.csv
train_neg_1456,0,/mnt/nw/home/m.yu/repos/foundry/datasets/toxinpred3/train_neg.csv
train_neg_1457,0,/mnt/nw/home/m.yu/repos/foundry/datasets/toxinpred3/train_neg.csv
train_neg_1458,0,/mnt/nw/home/m.yu/repos/foundry/datasets/toxinpred3/train_neg.csv
train_neg_1459,0,/mnt/nw/home/m.yu/repos/foundry/datasets/toxinpred3/train_neg.csv
train_neg_1460,0,/mnt/nw/home/m.yu/repos/foundry/datasets/toxinpred3/train_neg.csv
train_neg_1461,0,/mnt/nw/home/m.yu/repos/foundry/datasets/toxinpred3/train_neg.csv
train_neg_1462,0,/mnt/nw/home/m.yu/repos/foundry/datasets/toxinpred3/train_neg.csv
train_neg_1463,0,/mnt/nw/home/m.yu/repos/foundry/datasets/toxinpred3/train_neg.csv
train_neg_1464,0,/mnt/nw/home/m.yu/repos/foundry/datasets/toxinpred3/train_neg.csv
train_neg_1465,0,/mnt/nw/home/m.yu/repos/foundry/datasets/toxinpred3/train_neg.csv
train_neg_1466,0,/mnt/nw/home/m.yu/repos/foundry/datasets/toxinpred3/train_neg.csv
train_neg_1467,0,/mnt/nw/home/m.yu/repos/foundry/datasets/toxinpred3/train_neg.csv
train_neg_1468,0,/mnt/nw/home/m.yu/repos/foundry/datasets/toxinpred3/train_neg.csv
train_neg_1469,0,/mnt/nw/home/m.yu/repos/foundry/datasets/toxinpred3/train_neg.csv
train_neg_1470,0,/mnt/nw/home/m.yu/repos/foundry/datasets/toxinpred3/train_neg.csv
train_neg_1471,0,/mnt/nw/home/m.yu/repos/foundry/datasets/toxinpred3/train_neg.csv
train_neg_1472,0,/mnt/nw/home/m.yu/repos/foundry/datasets/toxinpred3/train_neg.csv
train_neg_1473,0,/mnt/nw/home/m.yu/repos/foundry/datasets/toxinpred3/train_neg.csv
train_neg_1474,0,/mnt/nw/home/m.yu/repos/foundry/datasets/toxinpred3/train_neg.csv
train_neg_1475,0,/mnt/nw/home/m.yu/repos/foundry/datasets/toxinpred3/train_neg.csv
train_neg_1476,0,/mnt/nw/home/m.yu/repos/foundry/datasets/toxinpred3/train_neg.csv
train_neg_1477,0,/mnt/nw/home/m.yu/repos/foundry/datasets/toxinpred3/train_neg.csv
train_neg_1478,0,/mnt/nw/home/m.yu/repos/foundry/datasets/toxinpred3/train_neg.csv
train_neg_1479,0,/mnt/nw/home/m.yu/repos/foundry/datasets/toxinpred3/train_neg.csv
train_neg_1480,0,/mnt/nw/home/m.yu/repos/foundry/datasets/toxinpred3/train_neg.csv
train_neg_1481,0,/mnt/nw/home/m.yu/repos/foundry/datasets/toxinpred3/train_neg.csv
train_neg_1482,0,/mnt/nw/home/m.yu/repos/foundry/datasets/toxinpred3/train_neg.csv
train_neg_1483,0,/mnt/nw/home/m.yu/repos/foundry/datasets/toxinpred3/train_neg.csv
train_neg_1484,0,/mnt/nw/home/m.yu/repos/foundry/datasets/toxinpred3/train_neg.csv
train_neg_1485,0,/mnt/nw/home/m.yu/repos/foundry/datasets/toxinpred3/train_neg.csv
train_neg_1486,0,/mnt/nw/home/m.yu/repos/foundry/datasets/toxinpred3/train_neg.csv
train_neg_1487,0,/mnt/nw/home/m.yu/repos/foundry/datasets/toxinpred3/train_neg.csv
train_neg_1488,0,/mnt/nw/home/m.yu/repos/foundry/datasets/toxinpred3/train_neg.csv
train_neg_1489,0,/mnt/nw/home/m.yu/repos/foundry/datasets/toxinpred3/train_neg.csv
train_neg_1490,0,/mnt/nw/home/m.yu/repos/foundry/datasets/toxinpred3/train_neg.csv
train_neg_1491,0,/mnt/nw/home/m.yu/repos/foundry/datasets/toxinpred3/train_neg.csv
train_neg_1492,0,/mnt/nw/home/m.yu/repos/foundry/datasets/toxinpred3/train_neg.csv
train_neg_1493,0,/mnt/nw/home/m.yu/repos/foundry/datasets/toxinpred3/train_neg.csv
train_neg_1494,0,/mnt/nw/home/m.yu/repos/foundry/datasets/toxinpred3/train_neg.csv
train_neg_1495,0,/mnt/nw/home/m.yu/repos/foundry/datasets/toxinpred3/train_neg.csv
train_neg_1496,0,/mnt/nw/home/m.yu/repos/foundry/datasets/toxinpred3/train_neg.csv
train_neg_1497,0,/mnt/nw/home/m.yu/repos/foundry/datasets/toxinpred3/train_neg.csv
train_neg_1498,0,/mnt/nw/home/m.yu/repos/foundry/datasets/toxinpred3/train_neg.csv
train_neg_1499,0,/mnt/nw/home/m.yu/repos/foundry/datasets/toxinpred3/train_neg.csv
train_neg_1500,0,/mnt/nw/home/m.yu/repos/foundry/datasets/toxinpred3/train_neg.csv
train_neg_1501,0,/mnt/nw/home/m.yu/repos/foundry/datasets/toxinpred3/train_neg.csv
train_neg_1502,0,/mnt/nw/home/m.yu/repos/foundry/datasets/toxinpred3/train_neg.csv
train_neg_1503,0,/mnt/nw/home/m.yu/repos/foundry/datasets/toxinpred3/train_neg.csv
train_neg_1504,0,/mnt/nw/home/m.yu/repos/foundry/datasets/toxinpred3/train_neg.csv
train_neg_1505,0,/mnt/nw/home/m.yu/repos/foundry/datasets/toxinpred3/train_neg.csv
train_neg_1506,0,/mnt/nw/home/m.yu/repos/foundry/datasets/toxinpred3/train_neg.csv
train_neg_1507,0,/mnt/nw/home/m.yu/repos/foundry/datasets/toxinpred3/train_neg.csv
train_neg_1508,0,/mnt/nw/home/m.yu/repos/foundry/datasets/toxinpred3/train_neg.csv
train_neg_1509,0,/mnt/nw/home/m.yu/repos/foundry/datasets/toxinpred3/train_neg.csv
train_neg_1510,0,/mnt/nw/home/m.yu/repos/foundry/datasets/toxinpred3/train_neg.csv
train_neg_1511,0,/mnt/nw/home/m.yu/repos/foundry/datasets/toxinpred3/train_neg.csv
train_neg_1512,0,/mnt/nw/home/m.yu/repos/foundry/datasets/toxinpred3/train_neg.csv
train_neg_1513,0,/mnt/nw/home/m.yu/repos/foundry/datasets/toxinpred3/train_neg.csv
train_neg_1514,0,/mnt/nw/home/m.yu/repos/foundry/datasets/toxinpred3/train_neg.csv
train_neg_1515,0,/mnt/nw/home/m.yu/repos/foundry/datasets/toxinpred3/train_neg.csv
train_neg_1516,0,/mnt/nw/home/m.yu/repos/foundry/datasets/toxinpred3/train_neg.csv
train_neg_1517,0,/mnt/nw/home/m.yu/repos/foundry/datasets/toxinpred3/train_neg.csv
train_neg_1518,0,/mnt/nw/home/m.yu/repos/foundry/datasets/toxinpred3/train_neg.csv
train_neg_1519,0,/mnt/nw/home/m.yu/repos/foundry/datasets/toxinpred3/train_neg.csv
train_neg_1520,0,/mnt/nw/home/m.yu/repos/foundry/datasets/toxinpred3/train_neg.csv
train_neg_1521,0,/mnt/nw/home/m.yu/repos/foundry/datasets/toxinpred3/train_neg.csv
train_neg_1522,0,/mnt/nw/home/m.yu/repos/foundry/datasets/toxinpred3/train_neg.csv
train_neg_1523,0,/mnt/nw/home/m.yu/repos/foundry/datasets/toxinpred3/train_neg.csv
train_neg_1524,0,/mnt/nw/home/m.yu/repos/foundry/datasets/toxinpred3/train_neg.csv
train_neg_1525,0,/mnt/nw/home/m.yu/repos/foundry/datasets/toxinpred3/train_neg.csv
train_neg_1526,0,/mnt/nw/home/m.yu/repos/foundry/datasets/toxinpred3/train_neg.csv
train_neg_1527,0,/mnt/nw/home/m.yu/repos/foundry/datasets/toxinpred3/train_neg.csv
train_neg_1528,0,/mnt/nw/home/m.yu/repos/foundry/datasets/toxinpred3/train_neg.csv
train_neg_1529,0,/mnt/nw/home/m.yu/repos/foundry/datasets/toxinpred3/train_neg.csv
train_neg_1530,0,/mnt/nw/home/m.yu/repos/foundry/datasets/toxinpred3/train_neg.csv
train_neg_1531,0,/mnt/nw/home/m.yu/repos/foundry/datasets/toxinpred3/train_neg.csv
train_neg_1532,0,/mnt/nw/home/m.yu/repos/foundry/datasets/toxinpred3/train_neg.csv
train_neg_1533,0,/mnt/nw/home/m.yu/repos/foundry/datasets/toxinpred3/train_neg.csv
train_neg_1534,0,/mnt/nw/home/m.yu/repos/foundry/datasets/toxinpred3/train_neg.csv
train_neg_1535,0,/mnt/nw/home/m.yu/repos/foundry/datasets/toxinpred3/train_neg.csv
train_neg_1536,0,/mnt/nw/home/m.yu/repos/foundry/datasets/toxinpred3/train_neg.csv
train_neg_1537,0,/mnt/nw/home/m.yu/repos/foundry/datasets/toxinpred3/train_neg.csv
train_neg_1538,0,/mnt/nw/home/m.yu/repos/foundry/datasets/toxinpred3/train_neg.csv
train_neg_1539,0,/mnt/nw/home/m.yu/repos/foundry/datasets/toxinpred3/train_neg.csv
train_neg_1540,0,/mnt/nw/home/m.yu/repos/foundry/datasets/toxinpred3/train_neg.csv
train_neg_1541,0,/mnt/nw/home/m.yu/repos/foundry/datasets/toxinpred3/train_neg.csv
train_neg_1542,0,/mnt/nw/home/m.yu/repos/foundry/datasets/toxinpred3/train_neg.csv
train_neg_1543,0,/mnt/nw/home/m.yu/repos/foundry/datasets/toxinpred3/train_neg.csv
train_neg_1544,0,/mnt/nw/home/m.yu/repos/foundry/datasets/toxinpred3/train_neg.csv
train_neg_1545,0,/mnt/nw/home/m.yu/repos/foundry/datasets/toxinpred3/train_neg.csv
train_neg_1546,0,/mnt/nw/home/m.yu/repos/foundry/datasets/toxinpred3/train_neg.csv
train_neg_1547,0,/mnt/nw/home/m.yu/repos/foundry/datasets/toxinpred3/train_neg.csv
train_neg_1548,0,/mnt/nw/home/m.yu/repos/foundry/datasets/toxinpred3/train_neg.csv
train_neg_1549,0,/mnt/nw/home/m.yu/repos/foundry/datasets/toxinpred3/train_neg.csv
train_neg_1550,0,/mnt/nw/home/m.yu/repos/foundry/datasets/toxinpred3/train_neg.csv
train_neg_1551,0,/mnt/nw/home/m.yu/repos/foundry/datasets/toxinpred3/train_neg.csv
train_neg_1552,0,/mnt/nw/home/m.yu/repos/foundry/datasets/toxinpred3/train_neg.csv
train_neg_1553,0,/mnt/nw/home/m.yu/repos/foundry/datasets/toxinpred3/train_neg.csv
train_neg_1554,0,/mnt/nw/home/m.yu/repos/foundry/datasets/toxinpred3/train_neg.csv
train_neg_1555,0,/mnt/nw/home/m.yu/repos/foundry/datasets/toxinpred3/train_neg.csv
train_neg_1556,0,/mnt/nw/home/m.yu/repos/foundry/datasets/toxinpred3/train_neg.csv
train_neg_1557,0,/mnt/nw/home/m.yu/repos/foundry/datasets/toxinpred3/train_neg.csv
train_neg_1558,0,/mnt/nw/home/m.yu/repos/foundry/datasets/toxinpred3/train_neg.csv
train_neg_1559,0,/mnt/nw/home/m.yu/repos/foundry/datasets/toxinpred3/train_neg.csv
train_neg_1560,0,/mnt/nw/home/m.yu/repos/foundry/datasets/toxinpred3/train_neg.csv
train_neg_1561,0,/mnt/nw/home/m.yu/repos/foundry/datasets/toxinpred3/train_neg.csv
train_neg_1562,0,/mnt/nw/home/m.yu/repos/foundry/datasets/toxinpred3/train_neg.csv
train_neg_1563,0,/mnt/nw/home/m.yu/repos/foundry/datasets/toxinpred3/train_neg.csv
train_neg_1564,0,/mnt/nw/home/m.yu/repos/foundry/datasets/toxinpred3/train_neg.csv
train_neg_1565,0,/mnt/nw/home/m.yu/repos/foundry/datasets/toxinpred3/train_neg.csv
train_neg_1566,0,/mnt/nw/home/m.yu/repos/foundry/datasets/toxinpred3/train_neg.csv
train_neg_1567,0,/mnt/nw/home/m.yu/repos/foundry/datasets/toxinpred3/train_neg.csv
train_neg_1568,0,/mnt/nw/home/m.yu/repos/foundry/datasets/toxinpred3/train_neg.csv
train_neg_1569,0,/mnt/nw/home/m.yu/repos/foundry/datasets/toxinpred3/train_neg.csv
train_neg_1570,0,/mnt/nw/home/m.yu/repos/foundry/datasets/toxinpred3/train_neg.csv
train_neg_1571,0,/mnt/nw/home/m.yu/repos/foundry/datasets/toxinpred3/train_neg.csv
train_neg_1572,0,/mnt/nw/home/m.yu/repos/foundry/datasets/toxinpred3/train_neg.csv
train_neg_1573,0,/mnt/nw/home/m.yu/repos/foundry/datasets/toxinpred3/train_neg.csv
train_neg_1574,0,/mnt/nw/home/m.yu/repos/foundry/datasets/toxinpred3/train_neg.csv
train_neg_1575,0,/mnt/nw/home/m.yu/repos/foundry/datasets/toxinpred3/train_neg.csv
train_neg_1576,0,/mnt/nw/home/m.yu/repos/foundry/datasets/toxinpred3/train_neg.csv
train_neg_1577,0,/mnt/nw/home/m.yu/repos/foundry/datasets/toxinpred3/train_neg.csv
train_neg_1578,0,/mnt/nw/home/m.yu/repos/foundry/datasets/toxinpred3/train_neg.csv
train_neg_1579,0,/mnt/nw/home/m.yu/repos/foundry/datasets/toxinpred3/train_neg.csv
train_neg_1580,0,/mnt/nw/home/m.yu/repos/foundry/datasets/toxinpred3/train_neg.csv
train_neg_1581,0,/mnt/nw/home/m.yu/repos/foundry/datasets/toxinpred3/train_neg.csv
train_neg_1582,0,/mnt/nw/home/m.yu/repos/foundry/datasets/toxinpred3/train_neg.csv
train_neg_1583,0,/mnt/nw/home/m.yu/repos/foundry/datasets/toxinpred3/train_neg.csv
train_neg_1584,0,/mnt/nw/home/m.yu/repos/foundry/datasets/toxinpred3/train_neg.csv
train_neg_1585,0,/mnt/nw/home/m.yu/repos/foundry/datasets/toxinpred3/train_neg.csv
train_neg_1586,0,/mnt/nw/home/m.yu/repos/foundry/datasets/toxinpred3/train_neg.csv
train_neg_1587,0,/mnt/nw/home/m.yu/repos/foundry/datasets/toxinpred3/train_neg.csv
train_neg_1588,0,/mnt/nw/home/m.yu/repos/foundry/datasets/toxinpred3/train_neg.csv
train_neg_1589,0,/mnt/nw/home/m.yu/repos/foundry/datasets/toxinpred3/train_neg.csv
train_neg_1590,0,/mnt/nw/home/m.yu/repos/foundry/datasets/toxinpred3/train_neg.csv
train_neg_1591,0,/mnt/nw/home/m.yu/repos/foundry/datasets/toxinpred3/train_neg.csv
train_neg_1592,0,/mnt/nw/home/m.yu/repos/foundry/datasets/toxinpred3/train_neg.csv
train_neg_1593,0,/mnt/nw/home/m.yu/repos/foundry/datasets/toxinpred3/train_neg.csv
train_neg_1594,0,/mnt/nw/home/m.yu/repos/foundry/datasets/toxinpred3/train_neg.csv
train_neg_1595,0,/mnt/nw/home/m.yu/repos/foundry/datasets/toxinpred3/train_neg.csv
train_neg_1596,0,/mnt/nw/home/m.yu/repos/foundry/datasets/toxinpred3/train_neg.csv
train_neg_1597,0,/mnt/nw/home/m.yu/repos/foundry/datasets/toxinpred3/train_neg.csv
train_neg_1598,0,/mnt/nw/home/m.yu/repos/foundry/datasets/toxinpred3/train_neg.csv
train_neg_1599,0,/mnt/nw/home/m.yu/repos/foundry/datasets/toxinpred3/train_neg.csv
train_neg_1600,0,/mnt/nw/home/m.yu/repos/foundry/datasets/toxinpred3/train_neg.csv
train_neg_1601,0,/mnt/nw/home/m.yu/repos/foundry/datasets/toxinpred3/train_neg.csv
train_neg_1602,0,/mnt/nw/home/m.yu/repos/foundry/datasets/toxinpred3/train_neg.csv
train_neg_1603,0,/mnt/nw/home/m.yu/repos/foundry/datasets/toxinpred3/train_neg.csv
train_neg_1604,0,/mnt/nw/home/m.yu/repos/foundry/datasets/toxinpred3/train_neg.csv
train_neg_1605,0,/mnt/nw/home/m.yu/repos/foundry/datasets/toxinpred3/train_neg.csv
train_neg_1606,0,/mnt/nw/home/m.yu/repos/foundry/datasets/toxinpred3/train_neg.csv
train_neg_1607,0,/mnt/nw/home/m.yu/repos/foundry/datasets/toxinpred3/train_neg.csv
train_neg_1608,0,/mnt/nw/home/m.yu/repos/foundry/datasets/toxinpred3/train_neg.csv
train_neg_1609,0,/mnt/nw/home/m.yu/repos/foundry/datasets/toxinpred3/train_neg.csv
train_neg_1610,0,/mnt/nw/home/m.yu/repos/foundry/datasets/toxinpred3/train_neg.csv
train_neg_1611,0,/mnt/nw/home/m.yu/repos/foundry/datasets/toxinpred3/train_neg.csv
train_neg_1612,0,/mnt/nw/home/m.yu/repos/foundry/datasets/toxinpred3/train_neg.csv
train_neg_1613,0,/mnt/nw/home/m.yu/repos/foundry/datasets/toxinpred3/train_neg.csv
train_neg_1614,0,/mnt/nw/home/m.yu/repos/foundry/datasets/toxinpred3/train_neg.csv
train_neg_1615,0,/mnt/nw/home/m.yu/repos/foundry/datasets/toxinpred3/train_neg.csv
train_neg_1616,0,/mnt/nw/home/m.yu/repos/foundry/datasets/toxinpred3/train_neg.csv
train_neg_1617,0,/mnt/nw/home/m.yu/repos/foundry/datasets/toxinpred3/train_neg.csv
train_neg_1618,0,/mnt/nw/home/m.yu/repos/foundry/datasets/toxinpred3/train_neg.csv
train_neg_1619,0,/mnt/nw/home/m.yu/repos/foundry/datasets/toxinpred3/train_neg.csv
train_neg_1620,0,/mnt/nw/home/m.yu/repos/foundry/datasets/toxinpred3/train_neg.csv
train_neg_1621,0,/mnt/nw/home/m.yu/repos/foundry/datasets/toxinpred3/train_neg.csv
train_neg_1622,0,/mnt/nw/home/m.yu/repos/foundry/datasets/toxinpred3/train_neg.csv
train_neg_1623,0,/mnt/nw/home/m.yu/repos/foundry/datasets/toxinpred3/train_neg.csv
train_neg_1624,0,/mnt/nw/home/m.yu/repos/foundry/datasets/toxinpred3/train_neg.csv
train_neg_1625,0,/mnt/nw/home/m.yu/repos/foundry/datasets/toxinpred3/train_neg.csv
train_neg_1626,0,/mnt/nw/home/m.yu/repos/foundry/datasets/toxinpred3/train_neg.csv
train_neg_1627,0,/mnt/nw/home/m.yu/repos/foundry/datasets/toxinpred3/train_neg.csv
train_neg_1628,0,/mnt/nw/home/m.yu/repos/foundry/datasets/toxinpred3/train_neg.csv
train_neg_1629,0,/mnt/nw/home/m.yu/repos/foundry/datasets/toxinpred3/train_neg.csv
train_neg_1630,0,/mnt/nw/home/m.yu/repos/foundry/datasets/toxinpred3/train_neg.csv
train_neg_1631,0,/mnt/nw/home/m.yu/repos/foundry/datasets/toxinpred3/train_neg.csv
train_neg_1632,0,/mnt/nw/home/m.yu/repos/foundry/datasets/toxinpred3/train_neg.csv
train_neg_1633,0,/mnt/nw/home/m.yu/repos/foundry/datasets/toxinpred3/train_neg.csv
train_neg_1634,0,/mnt/nw/home/m.yu/repos/foundry/datasets/toxinpred3/train_neg.csv
train_neg_1635,0,/mnt/nw/home/m.yu/repos/foundry/datasets/toxinpred3/train_neg.csv
train_neg_1636,0,/mnt/nw/home/m.yu/repos/foundry/datasets/toxinpred3/train_neg.csv
train_neg_1637,0,/mnt/nw/home/m.yu/repos/foundry/datasets/toxinpred3/train_neg.csv
train_neg_1638,0,/mnt/nw/home/m.yu/repos/foundry/datasets/toxinpred3/train_neg.csv
train_neg_1639,0,/mnt/nw/home/m.yu/repos/foundry/datasets/toxinpred3/train_neg.csv
train_neg_1640,0,/mnt/nw/home/m.yu/repos/foundry/datasets/toxinpred3/train_neg.csv
train_neg_1641,0,/mnt/nw/home/m.yu/repos/foundry/datasets/toxinpred3/train_neg.csv
train_neg_1642,0,/mnt/nw/home/m.yu/repos/foundry/datasets/toxinpred3/train_neg.csv
train_neg_1643,0,/mnt/nw/home/m.yu/repos/foundry/datasets/toxinpred3/train_neg.csv
train_neg_1644,0,/mnt/nw/home/m.yu/repos/foundry/datasets/toxinpred3/train_neg.csv
train_neg_1645,0,/mnt/nw/home/m.yu/repos/foundry/datasets/toxinpred3/train_neg.csv
train_neg_1646,0,/mnt/nw/home/m.yu/repos/foundry/datasets/toxinpred3/train_neg.csv
train_neg_1647,0,/mnt/nw/home/m.yu/repos/foundry/datasets/toxinpred3/train_neg.csv
train_neg_1648,0,/mnt/nw/home/m.yu/repos/foundry/datasets/toxinpred3/train_neg.csv
train_neg_1649,0,/mnt/nw/home/m.yu/repos/foundry/datasets/toxinpred3/train_neg.csv
train_neg_1650,0,/mnt/nw/home/m.yu/repos/foundry/datasets/toxinpred3/train_neg.csv
train_neg_1651,0,/mnt/nw/home/m.yu/repos/foundry/datasets/toxinpred3/train_neg.csv
train_neg_1652,0,/mnt/nw/home/m.yu/repos/foundry/datasets/toxinpred3/train_neg.csv
train_neg_1653,0,/mnt/nw/home/m.yu/repos/foundry/datasets/toxinpred3/train_neg.csv
train_neg_1654,0,/mnt/nw/home/m.yu/repos/foundry/datasets/toxinpred3/train_neg.csv
train_neg_1655,0,/mnt/nw/home/m.yu/repos/foundry/datasets/toxinpred3/train_neg.csv
train_neg_1656,0,/mnt/nw/home/m.yu/repos/foundry/datasets/toxinpred3/train_neg.csv
train_neg_1657,0,/mnt/nw/home/m.yu/repos/foundry/datasets/toxinpred3/train_neg.csv
train_neg_1658,0,/mnt/nw/home/m.yu/repos/foundry/datasets/toxinpred3/train_neg.csv
train_neg_1659,0,/mnt/nw/home/m.yu/repos/foundry/datasets/toxinpred3/train_neg.csv
train_neg_1660,0,/mnt/nw/home/m.yu/repos/foundry/datasets/toxinpred3/train_neg.csv
train_neg_1661,0,/mnt/nw/home/m.yu/repos/foundry/datasets/toxinpred3/train_neg.csv
train_neg_1662,0,/mnt/nw/home/m.yu/repos/foundry/datasets/toxinpred3/train_neg.csv
train_neg_1663,0,/mnt/nw/home/m.yu/repos/foundry/datasets/toxinpred3/train_neg.csv
train_neg_1664,0,/mnt/nw/home/m.yu/repos/foundry/datasets/toxinpred3/train_neg.csv
train_neg_1665,0,/mnt/nw/home/m.yu/repos/foundry/datasets/toxinpred3/train_neg.csv
train_neg_1666,0,/mnt/nw/home/m.yu/repos/foundry/datasets/toxinpred3/train_neg.csv
train_neg_1667,0,/mnt/nw/home/m.yu/repos/foundry/datasets/toxinpred3/train_neg.csv
train_neg_1668,0,/mnt/nw/home/m.yu/repos/foundry/datasets/toxinpred3/train_neg.csv
train_neg_1669,0,/mnt/nw/home/m.yu/repos/foundry/datasets/toxinpred3/train_neg.csv
train_neg_1670,0,/mnt/nw/home/m.yu/repos/foundry/datasets/toxinpred3/train_neg.csv
train_neg_1671,0,/mnt/nw/home/m.yu/repos/foundry/datasets/toxinpred3/train_neg.csv
train_neg_1672,0,/mnt/nw/home/m.yu/repos/foundry/datasets/toxinpred3/train_neg.csv
train_neg_1673,0,/mnt/nw/home/m.yu/repos/foundry/datasets/toxinpred3/train_neg.csv
train_neg_1674,0,/mnt/nw/home/m.yu/repos/foundry/datasets/toxinpred3/train_neg.csv
train_neg_1675,0,/mnt/nw/home/m.yu/repos/foundry/datasets/toxinpred3/train_neg.csv
train_neg_1676,0,/mnt/nw/home/m.yu/repos/foundry/datasets/toxinpred3/train_neg.csv
train_neg_1677,0,/mnt/nw/home/m.yu/repos/foundry/datasets/toxinpred3/train_neg.csv
train_neg_1678,0,/mnt/nw/home/m.yu/repos/foundry/datasets/toxinpred3/train_neg.csv
train_neg_1679,0,/mnt/nw/home/m.yu/repos/foundry/datasets/toxinpred3/train_neg.csv
train_neg_1680,0,/mnt/nw/home/m.yu/repos/foundry/datasets/toxinpred3/train_neg.csv
train_neg_1681,0,/mnt/nw/home/m.yu/repos/foundry/datasets/toxinpred3/train_neg.csv
train_neg_1682,0,/mnt/nw/home/m.yu/repos/foundry/datasets/toxinpred3/train_neg.csv
train_neg_1683,0,/mnt/nw/home/m.yu/repos/foundry/datasets/toxinpred3/train_neg.csv
train_neg_1684,0,/mnt/nw/home/m.yu/repos/foundry/datasets/toxinpred3/train_neg.csv
train_neg_1685,0,/mnt/nw/home/m.yu/repos/foundry/datasets/toxinpred3/train_neg.csv
train_neg_1686,0,/mnt/nw/home/m.yu/repos/foundry/datasets/toxinpred3/train_neg.csv
train_neg_1687,0,/mnt/nw/home/m.yu/repos/foundry/datasets/toxinpred3/train_neg.csv
train_neg_1688,0,/mnt/nw/home/m.yu/repos/foundry/datasets/toxinpred3/train_neg.csv
train_neg_1689,0,/mnt/nw/home/m.yu/repos/foundry/datasets/toxinpred3/train_neg.csv
train_neg_1690,0,/mnt/nw/home/m.yu/repos/foundry/datasets/toxinpred3/train_neg.csv
train_neg_1691,0,/mnt/nw/home/m.yu/repos/foundry/datasets/toxinpred3/train_neg.csv
train_neg_1692,0,/mnt/nw/home/m.yu/repos/foundry/datasets/toxinpred3/train_neg.csv
train_neg_1693,0,/mnt/nw/home/m.yu/repos/foundry/datasets/toxinpred3/train_neg.csv
train_neg_1694,0,/mnt/nw/home/m.yu/repos/foundry/datasets/toxinpred3/train_neg.csv
train_neg_1695,0,/mnt/nw/home/m.yu/repos/foundry/datasets/toxinpred3/train_neg.csv
train_neg_1696,0,/mnt/nw/home/m.yu/repos/foundry/datasets/toxinpred3/train_neg.csv
train_neg_1697,0,/mnt/nw/home/m.yu/repos/foundry/datasets/toxinpred3/train_neg.csv
train_neg_1698,0,/mnt/nw/home/m.yu/repos/foundry/datasets/toxinpred3/train_neg.csv
train_neg_1699,0,/mnt/nw/home/m.yu/repos/foundry/datasets/toxinpred3/train_neg.csv
train_neg_1700,0,/mnt/nw/home/m.yu/repos/foundry/datasets/toxinpred3/train_neg.csv
train_neg_1701,0,/mnt/nw/home/m.yu/repos/foundry/datasets/toxinpred3/train_neg.csv
train_neg_1702,0,/mnt/nw/home/m.yu/repos/foundry/datasets/toxinpred3/train_neg.csv
train_neg_1703,0,/mnt/nw/home/m.yu/repos/foundry/datasets/toxinpred3/train_neg.csv
train_neg_1704,0,/mnt/nw/home/m.yu/repos/foundry/datasets/toxinpred3/train_neg.csv
train_neg_1705,0,/mnt/nw/home/m.yu/repos/foundry/datasets/toxinpred3/train_neg.csv
train_neg_1706,0,/mnt/nw/home/m.yu/repos/foundry/datasets/toxinpred3/train_neg.csv
train_neg_1707,0,/mnt/nw/home/m.yu/repos/foundry/datasets/toxinpred3/train_neg.csv
train_neg_1708,0,/mnt/nw/home/m.yu/repos/foundry/datasets/toxinpred3/train_neg.csv
train_neg_1709,0,/mnt/nw/home/m.yu/repos/foundry/datasets/toxinpred3/train_neg.csv
train_neg_1710,0,/mnt/nw/home/m.yu/repos/foundry/datasets/toxinpred3/train_neg.csv
train_neg_1711,0,/mnt/nw/home/m.yu/repos/foundry/datasets/toxinpred3/train_neg.csv
train_neg_1712,0,/mnt/nw/home/m.yu/repos/foundry/datasets/toxinpred3/train_neg.csv
train_neg_1713,0,/mnt/nw/home/m.yu/repos/foundry/datasets/toxinpred3/train_neg.csv
train_neg_1714,0,/mnt/nw/home/m.yu/repos/foundry/datasets/toxinpred3/train_neg.csv
train_neg_1715,0,/mnt/nw/home/m.yu/repos/foundry/datasets/toxinpred3/train_neg.csv
train_neg_1716,0,/mnt/nw/home/m.yu/repos/foundry/datasets/toxinpred3/train_neg.csv
train_neg_1717,0,/mnt/nw/home/m.yu/repos/foundry/datasets/toxinpred3/train_neg.csv
train_neg_1718,0,/mnt/nw/home/m.yu/repos/foundry/datasets/toxinpred3/train_neg.csv
train_neg_1719,0,/mnt/nw/home/m.yu/repos/foundry/datasets/toxinpred3/train_neg.csv
train_neg_1720,0,/mnt/nw/home/m.yu/repos/foundry/datasets/toxinpred3/train_neg.csv
train_neg_1721,0,/mnt/nw/home/m.yu/repos/foundry/datasets/toxinpred3/train_neg.csv
train_neg_1722,0,/mnt/nw/home/m.yu/repos/foundry/datasets/toxinpred3/train_neg.csv
train_neg_1723,0,/mnt/nw/home/m.yu/repos/foundry/datasets/toxinpred3/train_neg.csv
train_neg_1724,0,/mnt/nw/home/m.yu/repos/foundry/datasets/toxinpred3/train_neg.csv
train_neg_1725,0,/mnt/nw/home/m.yu/repos/foundry/datasets/toxinpred3/train_neg.csv
train_neg_1726,0,/mnt/nw/home/m.yu/repos/foundry/datasets/toxinpred3/train_neg.csv
train_neg_1727,0,/mnt/nw/home/m.yu/repos/foundry/datasets/toxinpred3/train_neg.csv
train_neg_1728,0,/mnt/nw/home/m.yu/repos/foundry/datasets/toxinpred3/train_neg.csv
train_neg_1729,0,/mnt/nw/home/m.yu/repos/foundry/datasets/toxinpred3/train_neg.csv
train_neg_1730,0,/mnt/nw/home/m.yu/repos/foundry/datasets/toxinpred3/train_neg.csv
train_neg_1731,0,/mnt/nw/home/m.yu/repos/foundry/datasets/toxinpred3/train_neg.csv
train_neg_1732,0,/mnt/nw/home/m.yu/repos/foundry/datasets/toxinpred3/train_neg.csv
train_neg_1733,0,/mnt/nw/home/m.yu/repos/foundry/datasets/toxinpred3/train_neg.csv
train_neg_1734,0,/mnt/nw/home/m.yu/repos/foundry/datasets/toxinpred3/train_neg.csv
train_neg_1735,0,/mnt/nw/home/m.yu/repos/foundry/datasets/toxinpred3/train_neg.csv
train_neg_1736,0,/mnt/nw/home/m.yu/repos/foundry/datasets/toxinpred3/train_neg.csv
train_neg_1737,0,/mnt/nw/home/m.yu/repos/foundry/datasets/toxinpred3/train_neg.csv
train_neg_1738,0,/mnt/nw/home/m.yu/repos/foundry/datasets/toxinpred3/train_neg.csv
train_neg_1739,0,/mnt/nw/home/m.yu/repos/foundry/datasets/toxinpred3/train_neg.csv
train_neg_1740,0,/mnt/nw/home/m.yu/repos/foundry/datasets/toxinpred3/train_neg.csv
train_neg_1741,0,/mnt/nw/home/m.yu/repos/foundry/datasets/toxinpred3/train_neg.csv
train_neg_1742,0,/mnt/nw/home/m.yu/repos/foundry/datasets/toxinpred3/train_neg.csv
train_neg_1743,0,/mnt/nw/home/m.yu/repos/foundry/datasets/toxinpred3/train_neg.csv
train_neg_1744,0,/mnt/nw/home/m.yu/repos/foundry/datasets/toxinpred3/train_neg.csv
train_neg_1745,0,/mnt/nw/home/m.yu/repos/foundry/datasets/toxinpred3/train_neg.csv
train_neg_1746,0,/mnt/nw/home/m.yu/repos/foundry/datasets/toxinpred3/train_neg.csv
train_neg_1747,0,/mnt/nw/home/m.yu/repos/foundry/datasets/toxinpred3/train_neg.csv
train_neg_1748,0,/mnt/nw/home/m.yu/repos/foundry/datasets/toxinpred3/train_neg.csv
train_neg_1749,0,/mnt/nw/home/m.yu/repos/foundry/datasets/toxinpred3/train_neg.csv
train_neg_1750,0,/mnt/nw/home/m.yu/repos/foundry/datasets/toxinpred3/train_neg.csv
train_neg_1751,0,/mnt/nw/home/m.yu/repos/foundry/datasets/toxinpred3/train_neg.csv
train_neg_1752,0,/mnt/nw/home/m.yu/repos/foundry/datasets/toxinpred3/train_neg.csv
train_neg_1753,0,/mnt/nw/home/m.yu/repos/foundry/datasets/toxinpred3/train_neg.csv
train_neg_1754,0,/mnt/nw/home/m.yu/repos/foundry/datasets/toxinpred3/train_neg.csv
train_neg_1755,0,/mnt/nw/home/m.yu/repos/foundry/datasets/toxinpred3/train_neg.csv
train_neg_1756,0,/mnt/nw/home/m.yu/repos/foundry/datasets/toxinpred3/train_neg.csv
train_neg_1757,0,/mnt/nw/home/m.yu/repos/foundry/datasets/toxinpred3/train_neg.csv
train_neg_1758,0,/mnt/nw/home/m.yu/repos/foundry/datasets/toxinpred3/train_neg.csv
train_neg_1759,0,/mnt/nw/home/m.yu/repos/foundry/datasets/toxinpred3/train_neg.csv
train_neg_1760,0,/mnt/nw/home/m.yu/repos/foundry/datasets/toxinpred3/train_neg.csv
train_neg_1761,0,/mnt/nw/home/m.yu/repos/foundry/datasets/toxinpred3/train_neg.csv
train_neg_1762,0,/mnt/nw/home/m.yu/repos/foundry/datasets/toxinpred3/train_neg.csv
train_neg_1763,0,/mnt/nw/home/m.yu/repos/foundry/datasets/toxinpred3/train_neg.csv
train_neg_1764,0,/mnt/nw/home/m.yu/repos/foundry/datasets/toxinpred3/train_neg.csv
train_neg_1765,0,/mnt/nw/home/m.yu/repos/foundry/datasets/toxinpred3/train_neg.csv
train_neg_1766,0,/mnt/nw/home/m.yu/repos/foundry/datasets/toxinpred3/train_neg.csv
train_neg_1767,0,/mnt/nw/home/m.yu/repos/foundry/datasets/toxinpred3/train_neg.csv
train_neg_1768,0,/mnt/nw/home/m.yu/repos/foundry/datasets/toxinpred3/train_neg.csv
train_neg_1769,0,/mnt/nw/home/m.yu/repos/foundry/datasets/toxinpred3/train_neg.csv
train_neg_1770,0,/mnt/nw/home/m.yu/repos/foundry/datasets/toxinpred3/train_neg.csv
train_neg_1771,0,/mnt/nw/home/m.yu/repos/foundry/datasets/toxinpred3/train_neg.csv
train_neg_1772,0,/mnt/nw/home/m.yu/repos/foundry/datasets/toxinpred3/train_neg.csv
train_neg_1773,0,/mnt/nw/home/m.yu/repos/foundry/datasets/toxinpred3/train_neg.csv
train_neg_1774,0,/mnt/nw/home/m.yu/repos/foundry/datasets/toxinpred3/train_neg.csv
train_neg_1775,0,/mnt/nw/home/m.yu/repos/foundry/datasets/toxinpred3/train_neg.csv
train_neg_1776,0,/mnt/nw/home/m.yu/repos/foundry/datasets/toxinpred3/train_neg.csv
train_neg_1777,0,/mnt/nw/home/m.yu/repos/foundry/datasets/toxinpred3/train_neg.csv
train_neg_1778,0,/mnt/nw/home/m.yu/repos/foundry/datasets/toxinpred3/train_neg.csv
train_neg_1779,0,/mnt/nw/home/m.yu/repos/foundry/datasets/toxinpred3/train_neg.csv
train_neg_1780,0,/mnt/nw/home/m.yu/repos/foundry/datasets/toxinpred3/train_neg.csv
train_neg_1781,0,/mnt/nw/home/m.yu/repos/foundry/datasets/toxinpred3/train_neg.csv
train_neg_1782,0,/mnt/nw/home/m.yu/repos/foundry/datasets/toxinpred3/train_neg.csv
train_neg_1783,0,/mnt/nw/home/m.yu/repos/foundry/datasets/toxinpred3/train_neg.csv
train_neg_1784,0,/mnt/nw/home/m.yu/repos/foundry/datasets/toxinpred3/train_neg.csv
train_neg_1785,0,/mnt/nw/home/m.yu/repos/foundry/datasets/toxinpred3/train_neg.csv
train_neg_1786,0,/mnt/nw/home/m.yu/repos/foundry/datasets/toxinpred3/train_neg.csv
train_neg_1787,0,/mnt/nw/home/m.yu/repos/foundry/datasets/toxinpred3/train_neg.csv
train_neg_1788,0,/mnt/nw/home/m.yu/repos/foundry/datasets/toxinpred3/train_neg.csv
train_neg_1789,0,/mnt/nw/home/m.yu/repos/foundry/datasets/toxinpred3/train_neg.csv
train_neg_1790,0,/mnt/nw/home/m.yu/repos/foundry/datasets/toxinpred3/train_neg.csv
train_neg_1791,0,/mnt/nw/home/m.yu/repos/foundry/datasets/toxinpred3/train_neg.csv
train_neg_1792,0,/mnt/nw/home/m.yu/repos/foundry/datasets/toxinpred3/train_neg.csv
train_neg_1793,0,/mnt/nw/home/m.yu/repos/foundry/datasets/toxinpred3/train_neg.csv
train_neg_1794,0,/mnt/nw/home/m.yu/repos/foundry/datasets/toxinpred3/train_neg.csv
train_neg_1795,0,/mnt/nw/home/m.yu/repos/foundry/datasets/toxinpred3/train_neg.csv
train_neg_1796,0,/mnt/nw/home/m.yu/repos/foundry/datasets/toxinpred3/train_neg.csv
train_neg_1797,0,/mnt/nw/home/m.yu/repos/foundry/datasets/toxinpred3/train_neg.csv
train_neg_1798,0,/mnt/nw/home/m.yu/repos/foundry/datasets/toxinpred3/train_neg.csv
train_neg_1799,0,/mnt/nw/home/m.yu/repos/foundry/datasets/toxinpred3/train_neg.csv
train_neg_1800,0,/mnt/nw/home/m.yu/repos/foundry/datasets/toxinpred3/train_neg.csv
train_neg_1801,0,/mnt/nw/home/m.yu/repos/foundry/datasets/toxinpred3/train_neg.csv
train_neg_1802,0,/mnt/nw/home/m.yu/repos/foundry/datasets/toxinpred3/train_neg.csv
train_neg_1803,0,/mnt/nw/home/m.yu/repos/foundry/datasets/toxinpred3/train_neg.csv
train_neg_1804,0,/mnt/nw/home/m.yu/repos/foundry/datasets/toxinpred3/train_neg.csv
train_neg_1805,0,/mnt/nw/home/m.yu/repos/foundry/datasets/toxinpred3/train_neg.csv
train_neg_1806,0,/mnt/nw/home/m.yu/repos/foundry/datasets/toxinpred3/train_neg.csv
train_neg_1807,0,/mnt/nw/home/m.yu/repos/foundry/datasets/toxinpred3/train_neg.csv
train_neg_1808,0,/mnt/nw/home/m.yu/repos/foundry/datasets/toxinpred3/train_neg.csv
train_neg_1809,0,/mnt/nw/home/m.yu/repos/foundry/datasets/toxinpred3/train_neg.csv
train_neg_1810,0,/mnt/nw/home/m.yu/repos/foundry/datasets/toxinpred3/train_neg.csv
train_neg_1811,0,/mnt/nw/home/m.yu/repos/foundry/datasets/toxinpred3/train_neg.csv
train_neg_1812,0,/mnt/nw/home/m.yu/repos/foundry/datasets/toxinpred3/train_neg.csv
train_neg_1813,0,/mnt/nw/home/m.yu/repos/foundry/datasets/toxinpred3/train_neg.csv
train_neg_1814,0,/mnt/nw/home/m.yu/repos/foundry/datasets/toxinpred3/train_neg.csv
train_neg_1815,0,/mnt/nw/home/m.yu/repos/foundry/datasets/toxinpred3/train_neg.csv
train_neg_1816,0,/mnt/nw/home/m.yu/repos/foundry/datasets/toxinpred3/train_neg.csv
train_neg_1817,0,/mnt/nw/home/m.yu/repos/foundry/datasets/toxinpred3/train_neg.csv
train_neg_1818,0,/mnt/nw/home/m.yu/repos/foundry/datasets/toxinpred3/train_neg.csv
train_neg_1819,0,/mnt/nw/home/m.yu/repos/foundry/datasets/toxinpred3/train_neg.csv
train_neg_1820,0,/mnt/nw/home/m.yu/repos/foundry/datasets/toxinpred3/train_neg.csv
train_neg_1821,0,/mnt/nw/home/m.yu/repos/foundry/datasets/toxinpred3/train_neg.csv
train_neg_1822,0,/mnt/nw/home/m.yu/repos/foundry/datasets/toxinpred3/train_neg.csv
train_neg_1823,0,/mnt/nw/home/m.yu/repos/foundry/datasets/toxinpred3/train_neg.csv
train_neg_1824,0,/mnt/nw/home/m.yu/repos/foundry/datasets/toxinpred3/train_neg.csv
train_neg_1825,0,/mnt/nw/home/m.yu/repos/foundry/datasets/toxinpred3/train_neg.csv
train_neg_1826,0,/mnt/nw/home/m.yu/repos/foundry/datasets/toxinpred3/train_neg.csv
train_neg_1827,0,/mnt/nw/home/m.yu/repos/foundry/datasets/toxinpred3/train_neg.csv
train_neg_1828,0,/mnt/nw/home/m.yu/repos/foundry/datasets/toxinpred3/train_neg.csv
train_neg_1829,0,/mnt/nw/home/m.yu/repos/foundry/datasets/toxinpred3/train_neg.csv
train_neg_1830,0,/mnt/nw/home/m.yu/repos/foundry/datasets/toxinpred3/train_neg.csv
train_neg_1831,0,/mnt/nw/home/m.yu/repos/foundry/datasets/toxinpred3/train_neg.csv
train_neg_1832,0,/mnt/nw/home/m.yu/repos/foundry/datasets/toxinpred3/train_neg.csv
train_neg_1833,0,/mnt/nw/home/m.yu/repos/foundry/datasets/toxinpred3/train_neg.csv
train_neg_1834,0,/mnt/nw/home/m.yu/repos/foundry/datasets/toxinpred3/train_neg.csv
train_neg_1835,0,/mnt/nw/home/m.yu/repos/foundry/datasets/toxinpred3/train_neg.csv
train_neg_1836,0,/mnt/nw/home/m.yu/repos/foundry/datasets/toxinpred3/train_neg.csv
train_neg_1837,0,/mnt/nw/home/m.yu/repos/foundry/datasets/toxinpred3/train_neg.csv
train_neg_1838,0,/mnt/nw/home/m.yu/repos/foundry/datasets/toxinpred3/train_neg.csv
train_neg_1839,0,/mnt/nw/home/m.yu/repos/foundry/datasets/toxinpred3/train_neg.csv
train_neg_1840,0,/mnt/nw/home/m.yu/repos/foundry/datasets/toxinpred3/train_neg.csv
train_neg_1841,0,/mnt/nw/home/m.yu/repos/foundry/datasets/toxinpred3/train_neg.csv
train_neg_1842,0,/mnt/nw/home/m.yu/repos/foundry/datasets/toxinpred3/train_neg.csv
train_neg_1843,0,/mnt/nw/home/m.yu/repos/foundry/datasets/toxinpred3/train_neg.csv
train_neg_1844,0,/mnt/nw/home/m.yu/repos/foundry/datasets/toxinpred3/train_neg.csv
train_neg_1845,0,/mnt/nw/home/m.yu/repos/foundry/datasets/toxinpred3/train_neg.csv
train_neg_1846,0,/mnt/nw/home/m.yu/repos/foundry/datasets/toxinpred3/train_neg.csv
train_neg_1847,0,/mnt/nw/home/m.yu/repos/foundry/datasets/toxinpred3/train_neg.csv
train_neg_1848,0,/mnt/nw/home/m.yu/repos/foundry/datasets/toxinpred3/train_neg.csv
train_neg_1849,0,/mnt/nw/home/m.yu/repos/foundry/datasets/toxinpred3/train_neg.csv
train_neg_1850,0,/mnt/nw/home/m.yu/repos/foundry/datasets/toxinpred3/train_neg.csv
train_neg_1851,0,/mnt/nw/home/m.yu/repos/foundry/datasets/toxinpred3/train_neg.csv
train_neg_1852,0,/mnt/nw/home/m.yu/repos/foundry/datasets/toxinpred3/train_neg.csv
train_neg_1853,0,/mnt/nw/home/m.yu/repos/foundry/datasets/toxinpred3/train_neg.csv
train_neg_1854,0,/mnt/nw/home/m.yu/repos/foundry/datasets/toxinpred3/train_neg.csv
train_neg_1855,0,/mnt/nw/home/m.yu/repos/foundry/datasets/toxinpred3/train_neg.csv
train_neg_1856,0,/mnt/nw/home/m.yu/repos/foundry/datasets/toxinpred3/train_neg.csv
train_neg_1857,0,/mnt/nw/home/m.yu/repos/foundry/datasets/toxinpred3/train_neg.csv
train_neg_1858,0,/mnt/nw/home/m.yu/repos/foundry/datasets/toxinpred3/train_neg.csv
train_neg_1859,0,/mnt/nw/home/m.yu/repos/foundry/datasets/toxinpred3/train_neg.csv
train_neg_1860,0,/mnt/nw/home/m.yu/repos/foundry/datasets/toxinpred3/train_neg.csv
train_neg_1861,0,/mnt/nw/home/m.yu/repos/foundry/datasets/toxinpred3/train_neg.csv
train_neg_1862,0,/mnt/nw/home/m.yu/repos/foundry/datasets/toxinpred3/train_neg.csv
train_neg_1863,0,/mnt/nw/home/m.yu/repos/foundry/datasets/toxinpred3/train_neg.csv
train_neg_1864,0,/mnt/nw/home/m.yu/repos/foundry/datasets/toxinpred3/train_neg.csv
train_neg_1865,0,/mnt/nw/home/m.yu/repos/foundry/datasets/toxinpred3/train_neg.csv
train_neg_1866,0,/mnt/nw/home/m.yu/repos/foundry/datasets/toxinpred3/train_neg.csv
train_neg_1867,0,/mnt/nw/home/m.yu/repos/foundry/datasets/toxinpred3/train_neg.csv
train_neg_1868,0,/mnt/nw/home/m.yu/repos/foundry/datasets/toxinpred3/train_neg.csv
train_neg_1869,0,/mnt/nw/home/m.yu/repos/foundry/datasets/toxinpred3/train_neg.csv
train_neg_1870,0,/mnt/nw/home/m.yu/repos/foundry/datasets/toxinpred3/train_neg.csv
train_neg_1871,0,/mnt/nw/home/m.yu/repos/foundry/datasets/toxinpred3/train_neg.csv
train_neg_1872,0,/mnt/nw/home/m.yu/repos/foundry/datasets/toxinpred3/train_neg.csv
train_neg_1873,0,/mnt/nw/home/m.yu/repos/foundry/datasets/toxinpred3/train_neg.csv
train_neg_1874,0,/mnt/nw/home/m.yu/repos/foundry/datasets/toxinpred3/train_neg.csv
train_neg_1875,0,/mnt/nw/home/m.yu/repos/foundry/datasets/toxinpred3/train_neg.csv
train_neg_1876,0,/mnt/nw/home/m.yu/repos/foundry/datasets/toxinpred3/train_neg.csv
train_neg_1877,0,/mnt/nw/home/m.yu/repos/foundry/datasets/toxinpred3/train_neg.csv
train_neg_1878,0,/mnt/nw/home/m.yu/repos/foundry/datasets/toxinpred3/train_neg.csv
train_neg_1879,0,/mnt/nw/home/m.yu/repos/foundry/datasets/toxinpred3/train_neg.csv
train_neg_1880,0,/mnt/nw/home/m.yu/repos/foundry/datasets/toxinpred3/train_neg.csv
train_neg_1881,0,/mnt/nw/home/m.yu/repos/foundry/datasets/toxinpred3/train_neg.csv
train_neg_1882,0,/mnt/nw/home/m.yu/repos/foundry/datasets/toxinpred3/train_neg.csv
train_neg_1883,0,/mnt/nw/home/m.yu/repos/foundry/datasets/toxinpred3/train_neg.csv
train_neg_1884,0,/mnt/nw/home/m.yu/repos/foundry/datasets/toxinpred3/train_neg.csv
train_neg_1885,0,/mnt/nw/home/m.yu/repos/foundry/datasets/toxinpred3/train_neg.csv
train_neg_1886,0,/mnt/nw/home/m.yu/repos/foundry/datasets/toxinpred3/train_neg.csv
train_neg_1887,0,/mnt/nw/home/m.yu/repos/foundry/datasets/toxinpred3/train_neg.csv
train_neg_1888,0,/mnt/nw/home/m.yu/repos/foundry/datasets/toxinpred3/train_neg.csv
train_neg_1889,0,/mnt/nw/home/m.yu/repos/foundry/datasets/toxinpred3/train_neg.csv
train_neg_1890,0,/mnt/nw/home/m.yu/repos/foundry/datasets/toxinpred3/train_neg.csv
train_neg_1891,0,/mnt/nw/home/m.yu/repos/foundry/datasets/toxinpred3/train_neg.csv
train_neg_1892,0,/mnt/nw/home/m.yu/repos/foundry/datasets/toxinpred3/train_neg.csv
train_neg_1893,0,/mnt/nw/home/m.yu/repos/foundry/datasets/toxinpred3/train_neg.csv
train_neg_1894,0,/mnt/nw/home/m.yu/repos/foundry/datasets/toxinpred3/train_neg.csv
train_neg_1895,0,/mnt/nw/home/m.yu/repos/foundry/datasets/toxinpred3/train_neg.csv
train_neg_1896,0,/mnt/nw/home/m.yu/repos/foundry/datasets/toxinpred3/train_neg.csv
train_neg_1897,0,/mnt/nw/home/m.yu/repos/foundry/datasets/toxinpred3/train_neg.csv
train_neg_1898,0,/mnt/nw/home/m.yu/repos/foundry/datasets/toxinpred3/train_neg.csv
train_neg_1899,0,/mnt/nw/home/m.yu/repos/foundry/datasets/toxinpred3/train_neg.csv
train_neg_1900,0,/mnt/nw/home/m.yu/repos/foundry/datasets/toxinpred3/train_neg.csv
train_neg_1901,0,/mnt/nw/home/m.yu/repos/foundry/datasets/toxinpred3/train_neg.csv
train_neg_1902,0,/mnt/nw/home/m.yu/repos/foundry/datasets/toxinpred3/train_neg.csv
train_neg_1903,0,/mnt/nw/home/m.yu/repos/foundry/datasets/toxinpred3/train_neg.csv
train_neg_1904,0,/mnt/nw/home/m.yu/repos/foundry/datasets/toxinpred3/train_neg.csv
train_neg_1905,0,/mnt/nw/home/m.yu/repos/foundry/datasets/toxinpred3/train_neg.csv
train_neg_1906,0,/mnt/nw/home/m.yu/repos/foundry/datasets/toxinpred3/train_neg.csv
train_neg_1907,0,/mnt/nw/home/m.yu/repos/foundry/datasets/toxinpred3/train_neg.csv
train_neg_1908,0,/mnt/nw/home/m.yu/repos/foundry/datasets/toxinpred3/train_neg.csv
train_neg_1909,0,/mnt/nw/home/m.yu/repos/foundry/datasets/toxinpred3/train_neg.csv
train_neg_1910,0,/mnt/nw/home/m.yu/repos/foundry/datasets/toxinpred3/train_neg.csv
train_neg_1911,0,/mnt/nw/home/m.yu/repos/foundry/datasets/toxinpred3/train_neg.csv
train_neg_1912,0,/mnt/nw/home/m.yu/repos/foundry/datasets/toxinpred3/train_neg.csv
train_neg_1913,0,/mnt/nw/home/m.yu/repos/foundry/datasets/toxinpred3/train_neg.csv
train_neg_1914,0,/mnt/nw/home/m.yu/repos/foundry/datasets/toxinpred3/train_neg.csv
train_neg_1915,0,/mnt/nw/home/m.yu/repos/foundry/datasets/toxinpred3/train_neg.csv
train_neg_1916,0,/mnt/nw/home/m.yu/repos/foundry/datasets/toxinpred3/train_neg.csv
train_neg_1917,0,/mnt/nw/home/m.yu/repos/foundry/datasets/toxinpred3/train_neg.csv
train_neg_1918,0,/mnt/nw/home/m.yu/repos/foundry/datasets/toxinpred3/train_neg.csv
train_neg_1919,0,/mnt/nw/home/m.yu/repos/foundry/datasets/toxinpred3/train_neg.csv
train_neg_1920,0,/mnt/nw/home/m.yu/repos/foundry/datasets/toxinpred3/train_neg.csv
train_neg_1921,0,/mnt/nw/home/m.yu/repos/foundry/datasets/toxinpred3/train_neg.csv
train_neg_1922,0,/mnt/nw/home/m.yu/repos/foundry/datasets/toxinpred3/train_neg.csv
train_neg_1923,0,/mnt/nw/home/m.yu/repos/foundry/datasets/toxinpred3/train_neg.csv
train_neg_1924,0,/mnt/nw/home/m.yu/repos/foundry/datasets/toxinpred3/train_neg.csv
train_neg_1925,0,/mnt/nw/home/m.yu/repos/foundry/datasets/toxinpred3/train_neg.csv
train_neg_1926,0,/mnt/nw/home/m.yu/repos/foundry/datasets/toxinpred3/train_neg.csv
train_neg_1927,0,/mnt/nw/home/m.yu/repos/foundry/datasets/toxinpred3/train_neg.csv
train_neg_1928,0,/mnt/nw/home/m.yu/repos/foundry/datasets/toxinpred3/train_neg.csv
train_neg_1929,0,/mnt/nw/home/m.yu/repos/foundry/datasets/toxinpred3/train_neg.csv
train_neg_1930,0,/mnt/nw/home/m.yu/repos/foundry/datasets/toxinpred3/train_neg.csv
train_neg_1931,0,/mnt/nw/home/m.yu/repos/foundry/datasets/toxinpred3/train_neg.csv
train_neg_1932,0,/mnt/nw/home/m.yu/repos/foundry/datasets/toxinpred3/train_neg.csv
train_neg_1933,0,/mnt/nw/home/m.yu/repos/foundry/datasets/toxinpred3/train_neg.csv
train_neg_1934,0,/mnt/nw/home/m.yu/repos/foundry/datasets/toxinpred3/train_neg.csv
train_neg_1935,0,/mnt/nw/home/m.yu/repos/foundry/datasets/toxinpred3/train_neg.csv
train_neg_1936,0,/mnt/nw/home/m.yu/repos/foundry/datasets/toxinpred3/train_neg.csv
train_neg_1937,0,/mnt/nw/home/m.yu/repos/foundry/datasets/toxinpred3/train_neg.csv
train_neg_1938,0,/mnt/nw/home/m.yu/repos/foundry/datasets/toxinpred3/train_neg.csv
train_neg_1939,0,/mnt/nw/home/m.yu/repos/foundry/datasets/toxinpred3/train_neg.csv
train_neg_1940,0,/mnt/nw/home/m.yu/repos/foundry/datasets/toxinpred3/train_neg.csv
train_neg_1941,0,/mnt/nw/home/m.yu/repos/foundry/datasets/toxinpred3/train_neg.csv
train_neg_1942,0,/mnt/nw/home/m.yu/repos/foundry/datasets/toxinpred3/train_neg.csv
train_neg_1943,0,/mnt/nw/home/m.yu/repos/foundry/datasets/toxinpred3/train_neg.csv
train_neg_1944,0,/mnt/nw/home/m.yu/repos/foundry/datasets/toxinpred3/train_neg.csv
train_neg_1945,0,/mnt/nw/home/m.yu/repos/foundry/datasets/toxinpred3/train_neg.csv
train_neg_1946,0,/mnt/nw/home/m.yu/repos/foundry/datasets/toxinpred3/train_neg.csv
train_neg_1947,0,/mnt/nw/home/m.yu/repos/foundry/datasets/toxinpred3/train_neg.csv
train_neg_1948,0,/mnt/nw/home/m.yu/repos/foundry/datasets/toxinpred3/train_neg.csv
train_neg_1949,0,/mnt/nw/home/m.yu/repos/foundry/datasets/toxinpred3/train_neg.csv
train_neg_1950,0,/mnt/nw/home/m.yu/repos/foundry/datasets/toxinpred3/train_neg.csv
train_neg_1951,0,/mnt/nw/home/m.yu/repos/foundry/datasets/toxinpred3/train_neg.csv
train_neg_1952,0,/mnt/nw/home/m.yu/repos/foundry/datasets/toxinpred3/train_neg.csv
train_neg_1953,0,/mnt/nw/home/m.yu/repos/foundry/datasets/toxinpred3/train_neg.csv
train_neg_1954,0,/mnt/nw/home/m.yu/repos/foundry/datasets/toxinpred3/train_neg.csv
train_neg_1955,0,/mnt/nw/home/m.yu/repos/foundry/datasets/toxinpred3/train_neg.csv
train_neg_1956,0,/mnt/nw/home/m.yu/repos/foundry/datasets/toxinpred3/train_neg.csv
train_neg_1957,0,/mnt/nw/home/m.yu/repos/foundry/datasets/toxinpred3/train_neg.csv
train_neg_1958,0,/mnt/nw/home/m.yu/repos/foundry/datasets/toxinpred3/train_neg.csv
train_neg_1959,0,/mnt/nw/home/m.yu/repos/foundry/datasets/toxinpred3/train_neg.csv
train_neg_1960,0,/mnt/nw/home/m.yu/repos/foundry/datasets/toxinpred3/train_neg.csv
train_neg_1961,0,/mnt/nw/home/m.yu/repos/foundry/datasets/toxinpred3/train_neg.csv
train_neg_1962,0,/mnt/nw/home/m.yu/repos/foundry/datasets/toxinpred3/train_neg.csv
train_neg_1963,0,/mnt/nw/home/m.yu/repos/foundry/datasets/toxinpred3/train_neg.csv
train_neg_1964,0,/mnt/nw/home/m.yu/repos/foundry/datasets/toxinpred3/train_neg.csv
train_neg_1965,0,/mnt/nw/home/m.yu/repos/foundry/datasets/toxinpred3/train_neg.csv
train_neg_1966,0,/mnt/nw/home/m.yu/repos/foundry/datasets/toxinpred3/train_neg.csv
train_neg_1967,0,/mnt/nw/home/m.yu/repos/foundry/datasets/toxinpred3/train_neg.csv
train_neg_1968,0,/mnt/nw/home/m.yu/repos/foundry/datasets/toxinpred3/train_neg.csv
train_neg_1969,0,/mnt/nw/home/m.yu/repos/foundry/datasets/toxinpred3/train_neg.csv
train_neg_1970,0,/mnt/nw/home/m.yu/repos/foundry/datasets/toxinpred3/train_neg.csv
train_neg_1971,0,/mnt/nw/home/m.yu/repos/foundry/datasets/toxinpred3/train_neg.csv
train_neg_1972,0,/mnt/nw/home/m.yu/repos/foundry/datasets/toxinpred3/train_neg.csv
train_neg_1973,0,/mnt/nw/home/m.yu/repos/foundry/datasets/toxinpred3/train_neg.csv
train_neg_1974,0,/mnt/nw/home/m.yu/repos/foundry/datasets/toxinpred3/train_neg.csv
train_neg_1975,0,/mnt/nw/home/m.yu/repos/foundry/datasets/toxinpred3/train_neg.csv
train_neg_1976,0,/mnt/nw/home/m.yu/repos/foundry/datasets/toxinpred3/train_neg.csv
train_neg_1977,0,/mnt/nw/home/m.yu/repos/foundry/datasets/toxinpred3/train_neg.csv
train_neg_1978,0,/mnt/nw/home/m.yu/repos/foundry/datasets/toxinpred3/train_neg.csv
train_neg_1979,0,/mnt/nw/home/m.yu/repos/foundry/datasets/toxinpred3/train_neg.csv
train_neg_1980,0,/mnt/nw/home/m.yu/repos/foundry/datasets/toxinpred3/train_neg.csv
train_neg_1981,0,/mnt/nw/home/m.yu/repos/foundry/datasets/toxinpred3/train_neg.csv
train_neg_1982,0,/mnt/nw/home/m.yu/repos/foundry/datasets/toxinpred3/train_neg.csv
train_neg_1983,0,/mnt/nw/home/m.yu/repos/foundry/datasets/toxinpred3/train_neg.csv
train_neg_1984,0,/mnt/nw/home/m.yu/repos/foundry/datasets/toxinpred3/train_neg.csv
train_neg_1985,0,/mnt/nw/home/m.yu/repos/foundry/datasets/toxinpred3/train_neg.csv
train_neg_1986,0,/mnt/nw/home/m.yu/repos/foundry/datasets/toxinpred3/train_neg.csv
train_neg_1987,0,/mnt/nw/home/m.yu/repos/foundry/datasets/toxinpred3/train_neg.csv
train_neg_1988,0,/mnt/nw/home/m.yu/repos/foundry/datasets/toxinpred3/train_neg.csv
train_neg_1989,0,/mnt/nw/home/m.yu/repos/foundry/datasets/toxinpred3/train_neg.csv
train_neg_1990,0,/mnt/nw/home/m.yu/repos/foundry/datasets/toxinpred3/train_neg.csv
train_neg_1991,0,/mnt/nw/home/m.yu/repos/foundry/datasets/toxinpred3/train_neg.csv
train_neg_1992,0,/mnt/nw/home/m.yu/repos/foundry/datasets/toxinpred3/train_neg.csv
train_neg_1993,0,/mnt/nw/home/m.yu/repos/foundry/datasets/toxinpred3/train_neg.csv
train_neg_1994,0,/mnt/nw/home/m.yu/repos/foundry/datasets/toxinpred3/train_neg.csv
train_neg_1995,0,/mnt/nw/home/m.yu/repos/foundry/datasets/toxinpred3/train_neg.csv
train_neg_1996,0,/mnt/nw/home/m.yu/repos/foundry/datasets/toxinpred3/train_neg.csv
train_neg_1997,0,/mnt/nw/home/m.yu/repos/foundry/datasets/toxinpred3/train_neg.csv
train_neg_1998,0,/mnt/nw/home/m.yu/repos/foundry/datasets/toxinpred3/train_neg.csv
train_neg_1999,0,/mnt/nw/home/m.yu/repos/foundry/datasets/toxinpred3/train_neg.csv
train_neg_2000,0,/mnt/nw/home/m.yu/repos/foundry/datasets/toxinpred3/train_neg.csv
train_neg_2001,0,/mnt/nw/home/m.yu/repos/foundry/datasets/toxinpred3/train_neg.csv
train_neg_2002,0,/mnt/nw/home/m.yu/repos/foundry/datasets/toxinpred3/train_neg.csv
train_neg_2003,0,/mnt/nw/home/m.yu/repos/foundry/datasets/toxinpred3/train_neg.csv
train_neg_2004,0,/mnt/nw/home/m.yu/repos/foundry/datasets/toxinpred3/train_neg.csv
train_neg_2005,0,/mnt/nw/home/m.yu/repos/foundry/datasets/toxinpred3/train_neg.csv
train_neg_2006,0,/mnt/nw/home/m.yu/repos/foundry/datasets/toxinpred3/train_neg.csv
train_neg_2007,0,/mnt/nw/home/m.yu/repos/foundry/datasets/toxinpred3/train_neg.csv
train_neg_2008,0,/mnt/nw/home/m.yu/repos/foundry/datasets/toxinpred3/train_neg.csv
train_neg_2009,0,/mnt/nw/home/m.yu/repos/foundry/datasets/toxinpred3/train_neg.csv
train_neg_2010,0,/mnt/nw/home/m.yu/repos/foundry/datasets/toxinpred3/train_neg.csv
train_neg_2011,0,/mnt/nw/home/m.yu/repos/foundry/datasets/toxinpred3/train_neg.csv
train_neg_2012,0,/mnt/nw/home/m.yu/repos/foundry/datasets/toxinpred3/train_neg.csv
train_neg_2013,0,/mnt/nw/home/m.yu/repos/foundry/datasets/toxinpred3/train_neg.csv
train_neg_2014,0,/mnt/nw/home/m.yu/repos/foundry/datasets/toxinpred3/train_neg.csv
train_neg_2015,0,/mnt/nw/home/m.yu/repos/foundry/datasets/toxinpred3/train_neg.csv
train_neg_2016,0,/mnt/nw/home/m.yu/repos/foundry/datasets/toxinpred3/train_neg.csv
train_neg_2017,0,/mnt/nw/home/m.yu/repos/foundry/datasets/toxinpred3/train_neg.csv
train_neg_2018,0,/mnt/nw/home/m.yu/repos/foundry/datasets/toxinpred3/train_neg.csv
train_neg_2019,0,/mnt/nw/home/m.yu/repos/foundry/datasets/toxinpred3/train_neg.csv
train_neg_2020,0,/mnt/nw/home/m.yu/repos/foundry/datasets/toxinpred3/train_neg.csv
train_neg_2021,0,/mnt/nw/home/m.yu/repos/foundry/datasets/toxinpred3/train_neg.csv
train_neg_2022,0,/mnt/nw/home/m.yu/repos/foundry/datasets/toxinpred3/train_neg.csv
train_neg_2023,0,/mnt/nw/home/m.yu/repos/foundry/datasets/toxinpred3/train_neg.csv
train_neg_2024,0,/mnt/nw/home/m.yu/repos/foundry/datasets/toxinpred3/train_neg.csv
train_neg_2025,0,/mnt/nw/home/m.yu/repos/foundry/datasets/toxinpred3/train_neg.csv
train_neg_2026,0,/mnt/nw/home/m.yu/repos/foundry/datasets/toxinpred3/train_neg.csv
train_neg_2027,0,/mnt/nw/home/m.yu/repos/foundry/datasets/toxinpred3/train_neg.csv
train_neg_2028,0,/mnt/nw/home/m.yu/repos/foundry/datasets/toxinpred3/train_neg.csv
train_neg_2029,0,/mnt/nw/home/m.yu/repos/foundry/datasets/toxinpred3/train_neg.csv
train_neg_2030,0,/mnt/nw/home/m.yu/repos/foundry/datasets/toxinpred3/train_neg.csv
train_neg_2031,0,/mnt/nw/home/m.yu/repos/foundry/datasets/toxinpred3/train_neg.csv
train_neg_2032,0,/mnt/nw/home/m.yu/repos/foundry/datasets/toxinpred3/train_neg.csv
train_neg_2033,0,/mnt/nw/home/m.yu/repos/foundry/datasets/toxinpred3/train_neg.csv
train_neg_2034,0,/mnt/nw/home/m.yu/repos/foundry/datasets/toxinpred3/train_neg.csv
train_neg_2035,0,/mnt/nw/home/m.yu/repos/foundry/datasets/toxinpred3/train_neg.csv
train_neg_2036,0,/mnt/nw/home/m.yu/repos/foundry/datasets/toxinpred3/train_neg.csv
train_neg_2037,0,/mnt/nw/home/m.yu/repos/foundry/datasets/toxinpred3/train_neg.csv
train_neg_2038,0,/mnt/nw/home/m.yu/repos/foundry/datasets/toxinpred3/train_neg.csv
train_neg_2039,0,/mnt/nw/home/m.yu/repos/foundry/datasets/toxinpred3/train_neg.csv
train_neg_2040,0,/mnt/nw/home/m.yu/repos/foundry/datasets/toxinpred3/train_neg.csv
train_neg_2041,0,/mnt/nw/home/m.yu/repos/foundry/datasets/toxinpred3/train_neg.csv
train_neg_2042,0,/mnt/nw/home/m.yu/repos/foundry/datasets/toxinpred3/train_neg.csv
train_neg_2043,0,/mnt/nw/home/m.yu/repos/foundry/datasets/toxinpred3/train_neg.csv
train_neg_2044,0,/mnt/nw/home/m.yu/repos/foundry/datasets/toxinpred3/train_neg.csv
train_neg_2045,0,/mnt/nw/home/m.yu/repos/foundry/datasets/toxinpred3/train_neg.csv
train_neg_2046,0,/mnt/nw/home/m.yu/repos/foundry/datasets/toxinpred3/train_neg.csv
train_neg_2047,0,/mnt/nw/home/m.yu/repos/foundry/datasets/toxinpred3/train_neg.csv
train_neg_2048,0,/mnt/nw/home/m.yu/repos/foundry/datasets/toxinpred3/train_neg.csv
train_neg_2049,0,/mnt/nw/home/m.yu/repos/foundry/datasets/toxinpred3/train_neg.csv
train_neg_2050,0,/mnt/nw/home/m.yu/repos/foundry/datasets/toxinpred3/train_neg.csv
train_neg_2051,0,/mnt/nw/home/m.yu/repos/foundry/datasets/toxinpred3/train_neg.csv
train_neg_2052,0,/mnt/nw/home/m.yu/repos/foundry/datasets/toxinpred3/train_neg.csv
train_neg_2053,0,/mnt/nw/home/m.yu/repos/foundry/datasets/toxinpred3/train_neg.csv
train_neg_2054,0,/mnt/nw/home/m.yu/repos/foundry/datasets/toxinpred3/train_neg.csv
train_neg_2055,0,/mnt/nw/home/m.yu/repos/foundry/datasets/toxinpred3/train_neg.csv
train_neg_2056,0,/mnt/nw/home/m.yu/repos/foundry/datasets/toxinpred3/train_neg.csv
train_neg_2057,0,/mnt/nw/home/m.yu/repos/foundry/datasets/toxinpred3/train_neg.csv
train_neg_2058,0,/mnt/nw/home/m.yu/repos/foundry/datasets/toxinpred3/train_neg.csv
train_neg_2059,0,/mnt/nw/home/m.yu/repos/foundry/datasets/toxinpred3/train_neg.csv
train_neg_2060,0,/mnt/nw/home/m.yu/repos/foundry/datasets/toxinpred3/train_neg.csv
train_neg_2061,0,/mnt/nw/home/m.yu/repos/foundry/datasets/toxinpred3/train_neg.csv
train_neg_2062,0,/mnt/nw/home/m.yu/repos/foundry/datasets/toxinpred3/train_neg.csv
train_neg_2063,0,/mnt/nw/home/m.yu/repos/foundry/datasets/toxinpred3/train_neg.csv
train_neg_2064,0,/mnt/nw/home/m.yu/repos/foundry/datasets/toxinpred3/train_neg.csv
train_neg_2065,0,/mnt/nw/home/m.yu/repos/foundry/datasets/toxinpred3/train_neg.csv
train_neg_2066,0,/mnt/nw/home/m.yu/repos/foundry/datasets/toxinpred3/train_neg.csv
train_neg_2067,0,/mnt/nw/home/m.yu/repos/foundry/datasets/toxinpred3/train_neg.csv
train_neg_2068,0,/mnt/nw/home/m.yu/repos/foundry/datasets/toxinpred3/train_neg.csv
train_neg_2069,0,/mnt/nw/home/m.yu/repos/foundry/datasets/toxinpred3/train_neg.csv
train_neg_2070,0,/mnt/nw/home/m.yu/repos/foundry/datasets/toxinpred3/train_neg.csv
train_neg_2071,0,/mnt/nw/home/m.yu/repos/foundry/datasets/toxinpred3/train_neg.csv
train_neg_2072,0,/mnt/nw/home/m.yu/repos/foundry/datasets/toxinpred3/train_neg.csv
train_neg_2073,0,/mnt/nw/home/m.yu/repos/foundry/datasets/toxinpred3/train_neg.csv
train_neg_2074,0,/mnt/nw/home/m.yu/repos/foundry/datasets/toxinpred3/train_neg.csv
train_neg_2075,0,/mnt/nw/home/m.yu/repos/foundry/datasets/toxinpred3/train_neg.csv
train_neg_2076,0,/mnt/nw/home/m.yu/repos/foundry/datasets/toxinpred3/train_neg.csv
train_neg_2077,0,/mnt/nw/home/m.yu/repos/foundry/datasets/toxinpred3/train_neg.csv
train_neg_2078,0,/mnt/nw/home/m.yu/repos/foundry/datasets/toxinpred3/train_neg.csv
train_neg_2079,0,/mnt/nw/home/m.yu/repos/foundry/datasets/toxinpred3/train_neg.csv
train_neg_2080,0,/mnt/nw/home/m.yu/repos/foundry/datasets/toxinpred3/train_neg.csv
train_neg_2081,0,/mnt/nw/home/m.yu/repos/foundry/datasets/toxinpred3/train_neg.csv
train_neg_2082,0,/mnt/nw/home/m.yu/repos/foundry/datasets/toxinpred3/train_neg.csv
train_neg_2083,0,/mnt/nw/home/m.yu/repos/foundry/datasets/toxinpred3/train_neg.csv
train_neg_2084,0,/mnt/nw/home/m.yu/repos/foundry/datasets/toxinpred3/train_neg.csv
train_neg_2085,0,/mnt/nw/home/m.yu/repos/foundry/datasets/toxinpred3/train_neg.csv
train_neg_2086,0,/mnt/nw/home/m.yu/repos/foundry/datasets/toxinpred3/train_neg.csv
train_neg_2087,0,/mnt/nw/home/m.yu/repos/foundry/datasets/toxinpred3/train_neg.csv
train_neg_2088,0,/mnt/nw/home/m.yu/repos/foundry/datasets/toxinpred3/train_neg.csv
train_neg_2089,0,/mnt/nw/home/m.yu/repos/foundry/datasets/toxinpred3/train_neg.csv
train_neg_2090,0,/mnt/nw/home/m.yu/repos/foundry/datasets/toxinpred3/train_neg.csv
train_neg_2091,0,/mnt/nw/home/m.yu/repos/foundry/datasets/toxinpred3/train_neg.csv
train_neg_2092,0,/mnt/nw/home/m.yu/repos/foundry/datasets/toxinpred3/train_neg.csv
train_neg_2093,0,/mnt/nw/home/m.yu/repos/foundry/datasets/toxinpred3/train_neg.csv
train_neg_2094,0,/mnt/nw/home/m.yu/repos/foundry/datasets/toxinpred3/train_neg.csv
train_neg_2095,0,/mnt/nw/home/m.yu/repos/foundry/datasets/toxinpred3/train_neg.csv
train_neg_2096,0,/mnt/nw/home/m.yu/repos/foundry/datasets/toxinpred3/train_neg.csv
train_neg_2097,0,/mnt/nw/home/m.yu/repos/foundry/datasets/toxinpred3/train_neg.csv
train_neg_2098,0,/mnt/nw/home/m.yu/repos/foundry/datasets/toxinpred3/train_neg.csv
train_neg_2099,0,/mnt/nw/home/m.yu/repos/foundry/datasets/toxinpred3/train_neg.csv
train_neg_2100,0,/mnt/nw/home/m.yu/repos/foundry/datasets/toxinpred3/train_neg.csv
train_neg_2101,0,/mnt/nw/home/m.yu/repos/foundry/datasets/toxinpred3/train_neg.csv
train_neg_2102,0,/mnt/nw/home/m.yu/repos/foundry/datasets/toxinpred3/train_neg.csv
train_neg_2103,0,/mnt/nw/home/m.yu/repos/foundry/datasets/toxinpred3/train_neg.csv
train_neg_2104,0,/mnt/nw/home/m.yu/repos/foundry/datasets/toxinpred3/train_neg.csv
train_neg_2105,0,/mnt/nw/home/m.yu/repos/foundry/datasets/toxinpred3/train_neg.csv
train_neg_2106,0,/mnt/nw/home/m.yu/repos/foundry/datasets/toxinpred3/train_neg.csv
train_neg_2107,0,/mnt/nw/home/m.yu/repos/foundry/datasets/toxinpred3/train_neg.csv
train_neg_2108,0,/mnt/nw/home/m.yu/repos/foundry/datasets/toxinpred3/train_neg.csv
train_neg_2109,0,/mnt/nw/home/m.yu/repos/foundry/datasets/toxinpred3/train_neg.csv
train_neg_2110,0,/mnt/nw/home/m.yu/repos/foundry/datasets/toxinpred3/train_neg.csv
train_neg_2111,0,/mnt/nw/home/m.yu/repos/foundry/datasets/toxinpred3/train_neg.csv
train_neg_2112,0,/mnt/nw/home/m.yu/repos/foundry/datasets/toxinpred3/train_neg.csv
train_neg_2113,0,/mnt/nw/home/m.yu/repos/foundry/datasets/toxinpred3/train_neg.csv
train_neg_2114,0,/mnt/nw/home/m.yu/repos/foundry/datasets/toxinpred3/train_neg.csv
train_neg_2115,0,/mnt/nw/home/m.yu/repos/foundry/datasets/toxinpred3/train_neg.csv
train_neg_2116,0,/mnt/nw/home/m.yu/repos/foundry/datasets/toxinpred3/train_neg.csv
train_neg_2117,0,/mnt/nw/home/m.yu/repos/foundry/datasets/toxinpred3/train_neg.csv
train_neg_2118,0,/mnt/nw/home/m.yu/repos/foundry/datasets/toxinpred3/train_neg.csv
train_neg_2119,0,/mnt/nw/home/m.yu/repos/foundry/datasets/toxinpred3/train_neg.csv
train_neg_2120,0,/mnt/nw/home/m.yu/repos/foundry/datasets/toxinpred3/train_neg.csv
train_neg_2121,0,/mnt/nw/home/m.yu/repos/foundry/datasets/toxinpred3/train_neg.csv
train_neg_2122,0,/mnt/nw/home/m.yu/repos/foundry/datasets/toxinpred3/train_neg.csv
train_neg_2123,0,/mnt/nw/home/m.yu/repos/foundry/datasets/toxinpred3/train_neg.csv
train_neg_2124,0,/mnt/nw/home/m.yu/repos/foundry/datasets/toxinpred3/train_neg.csv
train_neg_2125,0,/mnt/nw/home/m.yu/repos/foundry/datasets/toxinpred3/train_neg.csv
train_neg_2126,0,/mnt/nw/home/m.yu/repos/foundry/datasets/toxinpred3/train_neg.csv
train_neg_2127,0,/mnt/nw/home/m.yu/repos/foundry/datasets/toxinpred3/train_neg.csv
train_neg_2128,0,/mnt/nw/home/m.yu/repos/foundry/datasets/toxinpred3/train_neg.csv
train_neg_2129,0,/mnt/nw/home/m.yu/repos/foundry/datasets/toxinpred3/train_neg.csv
train_neg_2130,0,/mnt/nw/home/m.yu/repos/foundry/datasets/toxinpred3/train_neg.csv
train_neg_2131,0,/mnt/nw/home/m.yu/repos/foundry/datasets/toxinpred3/train_neg.csv
train_neg_2132,0,/mnt/nw/home/m.yu/repos/foundry/datasets/toxinpred3/train_neg.csv
train_neg_2133,0,/mnt/nw/home/m.yu/repos/foundry/datasets/toxinpred3/train_neg.csv
train_neg_2134,0,/mnt/nw/home/m.yu/repos/foundry/datasets/toxinpred3/train_neg.csv
train_neg_2135,0,/mnt/nw/home/m.yu/repos/foundry/datasets/toxinpred3/train_neg.csv
train_neg_2136,0,/mnt/nw/home/m.yu/repos/foundry/datasets/toxinpred3/train_neg.csv
train_neg_2137,0,/mnt/nw/home/m.yu/repos/foundry/datasets/toxinpred3/train_neg.csv
train_neg_2138,0,/mnt/nw/home/m.yu/repos/foundry/datasets/toxinpred3/train_neg.csv
train_neg_2139,0,/mnt/nw/home/m.yu/repos/foundry/datasets/toxinpred3/train_neg.csv
train_neg_2140,0,/mnt/nw/home/m.yu/repos/foundry/datasets/toxinpred3/train_neg.csv
train_neg_2141,0,/mnt/nw/home/m.yu/repos/foundry/datasets/toxinpred3/train_neg.csv
train_neg_2142,0,/mnt/nw/home/m.yu/repos/foundry/datasets/toxinpred3/train_neg.csv
train_neg_2143,0,/mnt/nw/home/m.yu/repos/foundry/datasets/toxinpred3/train_neg.csv
train_neg_2144,0,/mnt/nw/home/m.yu/repos/foundry/datasets/toxinpred3/train_neg.csv
train_neg_2145,0,/mnt/nw/home/m.yu/repos/foundry/datasets/toxinpred3/train_neg.csv
train_neg_2146,0,/mnt/nw/home/m.yu/repos/foundry/datasets/toxinpred3/train_neg.csv
train_neg_2147,0,/mnt/nw/home/m.yu/repos/foundry/datasets/toxinpred3/train_neg.csv
train_neg_2148,0,/mnt/nw/home/m.yu/repos/foundry/datasets/toxinpred3/train_neg.csv
train_neg_2149,0,/mnt/nw/home/m.yu/repos/foundry/datasets/toxinpred3/train_neg.csv
train_neg_2150,0,/mnt/nw/home/m.yu/repos/foundry/datasets/toxinpred3/train_neg.csv
train_neg_2151,0,/mnt/nw/home/m.yu/repos/foundry/datasets/toxinpred3/train_neg.csv
train_neg_2152,0,/mnt/nw/home/m.yu/repos/foundry/datasets/toxinpred3/train_neg.csv
train_neg_2153,0,/mnt/nw/home/m.yu/repos/foundry/datasets/toxinpred3/train_neg.csv
train_neg_2154,0,/mnt/nw/home/m.yu/repos/foundry/datasets/toxinpred3/train_neg.csv
train_neg_2155,0,/mnt/nw/home/m.yu/repos/foundry/datasets/toxinpred3/train_neg.csv
train_neg_2156,0,/mnt/nw/home/m.yu/repos/foundry/datasets/toxinpred3/train_neg.csv
train_neg_2157,0,/mnt/nw/home/m.yu/repos/foundry/datasets/toxinpred3/train_neg.csv
train_neg_2158,0,/mnt/nw/home/m.yu/repos/foundry/datasets/toxinpred3/train_neg.csv
train_neg_2159,0,/mnt/nw/home/m.yu/repos/foundry/datasets/toxinpred3/train_neg.csv
train_neg_2160,0,/mnt/nw/home/m.yu/repos/foundry/datasets/toxinpred3/train_neg.csv
train_neg_2161,0,/mnt/nw/home/m.yu/repos/foundry/datasets/toxinpred3/train_neg.csv
train_neg_2162,0,/mnt/nw/home/m.yu/repos/foundry/datasets/toxinpred3/train_neg.csv
train_neg_2163,0,/mnt/nw/home/m.yu/repos/foundry/datasets/toxinpred3/train_neg.csv
train_neg_2164,0,/mnt/nw/home/m.yu/repos/foundry/datasets/toxinpred3/train_neg.csv
train_neg_2165,0,/mnt/nw/home/m.yu/repos/foundry/datasets/toxinpred3/train_neg.csv
train_neg_2166,0,/mnt/nw/home/m.yu/repos/foundry/datasets/toxinpred3/train_neg.csv
train_neg_2167,0,/mnt/nw/home/m.yu/repos/foundry/datasets/toxinpred3/train_neg.csv
train_neg_2168,0,/mnt/nw/home/m.yu/repos/foundry/datasets/toxinpred3/train_neg.csv
train_neg_2169,0,/mnt/nw/home/m.yu/repos/foundry/datasets/toxinpred3/train_neg.csv
train_neg_2170,0,/mnt/nw/home/m.yu/repos/foundry/datasets/toxinpred3/train_neg.csv
train_neg_2171,0,/mnt/nw/home/m.yu/repos/foundry/datasets/toxinpred3/train_neg.csv
train_neg_2172,0,/mnt/nw/home/m.yu/repos/foundry/datasets/toxinpred3/train_neg.csv
train_neg_2173,0,/mnt/nw/home/m.yu/repos/foundry/datasets/toxinpred3/train_neg.csv
train_neg_2174,0,/mnt/nw/home/m.yu/repos/foundry/datasets/toxinpred3/train_neg.csv
train_neg_2175,0,/mnt/nw/home/m.yu/repos/foundry/datasets/toxinpred3/train_neg.csv
train_neg_2176,0,/mnt/nw/home/m.yu/repos/foundry/datasets/toxinpred3/train_neg.csv
train_neg_2177,0,/mnt/nw/home/m.yu/repos/foundry/datasets/toxinpred3/train_neg.csv
train_neg_2178,0,/mnt/nw/home/m.yu/repos/foundry/datasets/toxinpred3/train_neg.csv
train_neg_2179,0,/mnt/nw/home/m.yu/repos/foundry/datasets/toxinpred3/train_neg.csv
train_neg_2180,0,/mnt/nw/home/m.yu/repos/foundry/datasets/toxinpred3/train_neg.csv
train_neg_2181,0,/mnt/nw/home/m.yu/repos/foundry/datasets/toxinpred3/train_neg.csv
train_neg_2182,0,/mnt/nw/home/m.yu/repos/foundry/datasets/toxinpred3/train_neg.csv
train_neg_2183,0,/mnt/nw/home/m.yu/repos/foundry/datasets/toxinpred3/train_neg.csv
train_neg_2184,0,/mnt/nw/home/m.yu/repos/foundry/datasets/toxinpred3/train_neg.csv
train_neg_2185,0,/mnt/nw/home/m.yu/repos/foundry/datasets/toxinpred3/train_neg.csv
train_neg_2186,0,/mnt/nw/home/m.yu/repos/foundry/datasets/toxinpred3/train_neg.csv
train_neg_2187,0,/mnt/nw/home/m.yu/repos/foundry/datasets/toxinpred3/train_neg.csv
train_neg_2188,0,/mnt/nw/home/m.yu/repos/foundry/datasets/toxinpred3/train_neg.csv
train_neg_2189,0,/mnt/nw/home/m.yu/repos/foundry/datasets/toxinpred3/train_neg.csv
train_neg_2190,0,/mnt/nw/home/m.yu/repos/foundry/datasets/toxinpred3/train_neg.csv
train_neg_2191,0,/mnt/nw/home/m.yu/repos/foundry/datasets/toxinpred3/train_neg.csv
train_neg_2192,0,/mnt/nw/home/m.yu/repos/foundry/datasets/toxinpred3/train_neg.csv
train_neg_2193,0,/mnt/nw/home/m.yu/repos/foundry/datasets/toxinpred3/train_neg.csv
train_neg_2194,0,/mnt/nw/home/m.yu/repos/foundry/datasets/toxinpred3/train_neg.csv
train_neg_2195,0,/mnt/nw/home/m.yu/repos/foundry/datasets/toxinpred3/train_neg.csv
train_neg_2196,0,/mnt/nw/home/m.yu/repos/foundry/datasets/toxinpred3/train_neg.csv
train_neg_2197,0,/mnt/nw/home/m.yu/repos/foundry/datasets/toxinpred3/train_neg.csv
train_neg_2198,0,/mnt/nw/home/m.yu/repos/foundry/datasets/toxinpred3/train_neg.csv
train_neg_2199,0,/mnt/nw/home/m.yu/repos/foundry/datasets/toxinpred3/train_neg.csv
train_neg_2200,0,/mnt/nw/home/m.yu/repos/foundry/datasets/toxinpred3/train_neg.csv
train_neg_2201,0,/mnt/nw/home/m.yu/repos/foundry/datasets/toxinpred3/train_neg.csv
train_neg_2202,0,/mnt/nw/home/m.yu/repos/foundry/datasets/toxinpred3/train_neg.csv
train_neg_2203,0,/mnt/nw/home/m.yu/repos/foundry/datasets/toxinpred3/train_neg.csv
train_neg_2204,0,/mnt/nw/home/m.yu/repos/foundry/datasets/toxinpred3/train_neg.csv
train_neg_2205,0,/mnt/nw/home/m.yu/repos/foundry/datasets/toxinpred3/train_neg.csv
train_neg_2206,0,/mnt/nw/home/m.yu/repos/foundry/datasets/toxinpred3/train_neg.csv
train_neg_2207,0,/mnt/nw/home/m.yu/repos/foundry/datasets/toxinpred3/train_neg.csv
train_neg_2208,0,/mnt/nw/home/m.yu/repos/foundry/datasets/toxinpred3/train_neg.csv
train_neg_2209,0,/mnt/nw/home/m.yu/repos/foundry/datasets/toxinpred3/train_neg.csv
train_neg_2210,0,/mnt/nw/home/m.yu/repos/foundry/datasets/toxinpred3/train_neg.csv
train_neg_2211,0,/mnt/nw/home/m.yu/repos/foundry/datasets/toxinpred3/train_neg.csv
train_neg_2212,0,/mnt/nw/home/m.yu/repos/foundry/datasets/toxinpred3/train_neg.csv
train_neg_2213,0,/mnt/nw/home/m.yu/repos/foundry/datasets/toxinpred3/train_neg.csv
train_neg_2214,0,/mnt/nw/home/m.yu/repos/foundry/datasets/toxinpred3/train_neg.csv
train_neg_2215,0,/mnt/nw/home/m.yu/repos/foundry/datasets/toxinpred3/train_neg.csv
train_neg_2216,0,/mnt/nw/home/m.yu/repos/foundry/datasets/toxinpred3/train_neg.csv
train_neg_2217,0,/mnt/nw/home/m.yu/repos/foundry/datasets/toxinpred3/train_neg.csv
train_neg_2218,0,/mnt/nw/home/m.yu/repos/foundry/datasets/toxinpred3/train_neg.csv
train_neg_2219,0,/mnt/nw/home/m.yu/repos/foundry/datasets/toxinpred3/train_neg.csv
train_neg_2220,0,/mnt/nw/home/m.yu/repos/foundry/datasets/toxinpred3/train_neg.csv
train_neg_2221,0,/mnt/nw/home/m.yu/repos/foundry/datasets/toxinpred3/train_neg.csv
train_neg_2222,0,/mnt/nw/home/m.yu/repos/foundry/datasets/toxinpred3/train_neg.csv
train_neg_2223,0,/mnt/nw/home/m.yu/repos/foundry/datasets/toxinpred3/train_neg.csv
train_neg_2224,0,/mnt/nw/home/m.yu/repos/foundry/datasets/toxinpred3/train_neg.csv
train_neg_2225,0,/mnt/nw/home/m.yu/repos/foundry/datasets/toxinpred3/train_neg.csv
train_neg_2226,0,/mnt/nw/home/m.yu/repos/foundry/datasets/toxinpred3/train_neg.csv
train_neg_2227,0,/mnt/nw/home/m.yu/repos/foundry/datasets/toxinpred3/train_neg.csv
train_neg_2228,0,/mnt/nw/home/m.yu/repos/foundry/datasets/toxinpred3/train_neg.csv
train_neg_2229,0,/mnt/nw/home/m.yu/repos/foundry/datasets/toxinpred3/train_neg.csv
train_neg_2230,0,/mnt/nw/home/m.yu/repos/foundry/datasets/toxinpred3/train_neg.csv
train_neg_2231,0,/mnt/nw/home/m.yu/repos/foundry/datasets/toxinpred3/train_neg.csv
train_neg_2232,0,/mnt/nw/home/m.yu/repos/foundry/datasets/toxinpred3/train_neg.csv
train_neg_2233,0,/mnt/nw/home/m.yu/repos/foundry/datasets/toxinpred3/train_neg.csv
train_neg_2234,0,/mnt/nw/home/m.yu/repos/foundry/datasets/toxinpred3/train_neg.csv
train_neg_2235,0,/mnt/nw/home/m.yu/repos/foundry/datasets/toxinpred3/train_neg.csv
train_neg_2236,0,/mnt/nw/home/m.yu/repos/foundry/datasets/toxinpred3/train_neg.csv
train_neg_2237,0,/mnt/nw/home/m.yu/repos/foundry/datasets/toxinpred3/train_neg.csv
train_neg_2238,0,/mnt/nw/home/m.yu/repos/foundry/datasets/toxinpred3/train_neg.csv
train_neg_2239,0,/mnt/nw/home/m.yu/repos/foundry/datasets/toxinpred3/train_neg.csv
train_neg_2240,0,/mnt/nw/home/m.yu/repos/foundry/datasets/toxinpred3/train_neg.csv
train_neg_2241,0,/mnt/nw/home/m.yu/repos/foundry/datasets/toxinpred3/train_neg.csv
train_neg_2242,0,/mnt/nw/home/m.yu/repos/foundry/datasets/toxinpred3/train_neg.csv
train_neg_2243,0,/mnt/nw/home/m.yu/repos/foundry/datasets/toxinpred3/train_neg.csv
train_neg_2244,0,/mnt/nw/home/m.yu/repos/foundry/datasets/toxinpred3/train_neg.csv
train_neg_2245,0,/mnt/nw/home/m.yu/repos/foundry/datasets/toxinpred3/train_neg.csv
train_neg_2246,0,/mnt/nw/home/m.yu/repos/foundry/datasets/toxinpred3/train_neg.csv
train_neg_2247,0,/mnt/nw/home/m.yu/repos/foundry/datasets/toxinpred3/train_neg.csv
train_neg_2248,0,/mnt/nw/home/m.yu/repos/foundry/datasets/toxinpred3/train_neg.csv
train_neg_2249,0,/mnt/nw/home/m.yu/repos/foundry/datasets/toxinpred3/train_neg.csv
train_neg_2250,0,/mnt/nw/home/m.yu/repos/foundry/datasets/toxinpred3/train_neg.csv
train_neg_2251,0,/mnt/nw/home/m.yu/repos/foundry/datasets/toxinpred3/train_neg.csv
train_neg_2252,0,/mnt/nw/home/m.yu/repos/foundry/datasets/toxinpred3/train_neg.csv
train_neg_2253,0,/mnt/nw/home/m.yu/repos/foundry/datasets/toxinpred3/train_neg.csv
train_neg_2254,0,/mnt/nw/home/m.yu/repos/foundry/datasets/toxinpred3/train_neg.csv
train_neg_2255,0,/mnt/nw/home/m.yu/repos/foundry/datasets/toxinpred3/train_neg.csv
train_neg_2256,0,/mnt/nw/home/m.yu/repos/foundry/datasets/toxinpred3/train_neg.csv
train_neg_2257,0,/mnt/nw/home/m.yu/repos/foundry/datasets/toxinpred3/train_neg.csv
train_neg_2258,0,/mnt/nw/home/m.yu/repos/foundry/datasets/toxinpred3/train_neg.csv
train_neg_2259,0,/mnt/nw/home/m.yu/repos/foundry/datasets/toxinpred3/train_neg.csv
train_neg_2260,0,/mnt/nw/home/m.yu/repos/foundry/datasets/toxinpred3/train_neg.csv
train_neg_2261,0,/mnt/nw/home/m.yu/repos/foundry/datasets/toxinpred3/train_neg.csv
train_neg_2262,0,/mnt/nw/home/m.yu/repos/foundry/datasets/toxinpred3/train_neg.csv
train_neg_2263,0,/mnt/nw/home/m.yu/repos/foundry/datasets/toxinpred3/train_neg.csv
train_neg_2264,0,/mnt/nw/home/m.yu/repos/foundry/datasets/toxinpred3/train_neg.csv
train_neg_2265,0,/mnt/nw/home/m.yu/repos/foundry/datasets/toxinpred3/train_neg.csv
train_neg_2266,0,/mnt/nw/home/m.yu/repos/foundry/datasets/toxinpred3/train_neg.csv
train_neg_2267,0,/mnt/nw/home/m.yu/repos/foundry/datasets/toxinpred3/train_neg.csv
train_neg_2268,0,/mnt/nw/home/m.yu/repos/foundry/datasets/toxinpred3/train_neg.csv
train_neg_2269,0,/mnt/nw/home/m.yu/repos/foundry/datasets/toxinpred3/train_neg.csv
train_neg_2270,0,/mnt/nw/home/m.yu/repos/foundry/datasets/toxinpred3/train_neg.csv
train_neg_2271,0,/mnt/nw/home/m.yu/repos/foundry/datasets/toxinpred3/train_neg.csv
train_neg_2272,0,/mnt/nw/home/m.yu/repos/foundry/datasets/toxinpred3/train_neg.csv
train_neg_2273,0,/mnt/nw/home/m.yu/repos/foundry/datasets/toxinpred3/train_neg.csv
train_neg_2274,0,/mnt/nw/home/m.yu/repos/foundry/datasets/toxinpred3/train_neg.csv
train_neg_2275,0,/mnt/nw/home/m.yu/repos/foundry/datasets/toxinpred3/train_neg.csv
train_neg_2276,0,/mnt/nw/home/m.yu/repos/foundry/datasets/toxinpred3/train_neg.csv
train_neg_2277,0,/mnt/nw/home/m.yu/repos/foundry/datasets/toxinpred3/train_neg.csv
train_neg_2278,0,/mnt/nw/home/m.yu/repos/foundry/datasets/toxinpred3/train_neg.csv
train_neg_2279,0,/mnt/nw/home/m.yu/repos/foundry/datasets/toxinpred3/train_neg.csv
train_neg_2280,0,/mnt/nw/home/m.yu/repos/foundry/datasets/toxinpred3/train_neg.csv
train_neg_2281,0,/mnt/nw/home/m.yu/repos/foundry/datasets/toxinpred3/train_neg.csv
train_neg_2282,0,/mnt/nw/home/m.yu/repos/foundry/datasets/toxinpred3/train_neg.csv
train_neg_2283,0,/mnt/nw/home/m.yu/repos/foundry/datasets/toxinpred3/train_neg.csv
train_neg_2284,0,/mnt/nw/home/m.yu/repos/foundry/datasets/toxinpred3/train_neg.csv
train_neg_2285,0,/mnt/nw/home/m.yu/repos/foundry/datasets/toxinpred3/train_neg.csv
train_neg_2286,0,/mnt/nw/home/m.yu/repos/foundry/datasets/toxinpred3/train_neg.csv
train_neg_2287,0,/mnt/nw/home/m.yu/repos/foundry/datasets/toxinpred3/train_neg.csv
train_neg_2288,0,/mnt/nw/home/m.yu/repos/foundry/datasets/toxinpred3/train_neg.csv
train_neg_2289,0,/mnt/nw/home/m.yu/repos/foundry/datasets/toxinpred3/train_neg.csv
train_neg_2290,0,/mnt/nw/home/m.yu/repos/foundry/datasets/toxinpred3/train_neg.csv
train_neg_2291,0,/mnt/nw/home/m.yu/repos/foundry/datasets/toxinpred3/train_neg.csv
train_neg_2292,0,/mnt/nw/home/m.yu/repos/foundry/datasets/toxinpred3/train_neg.csv
train_neg_2293,0,/mnt/nw/home/m.yu/repos/foundry/datasets/toxinpred3/train_neg.csv
train_neg_2294,0,/mnt/nw/home/m.yu/repos/foundry/datasets/toxinpred3/train_neg.csv
train_neg_2295,0,/mnt/nw/home/m.yu/repos/foundry/datasets/toxinpred3/train_neg.csv
train_neg_2296,0,/mnt/nw/home/m.yu/repos/foundry/datasets/toxinpred3/train_neg.csv
train_neg_2297,0,/mnt/nw/home/m.yu/repos/foundry/datasets/toxinpred3/train_neg.csv
train_neg_2298,0,/mnt/nw/home/m.yu/repos/foundry/datasets/toxinpred3/train_neg.csv
train_neg_2299,0,/mnt/nw/home/m.yu/repos/foundry/datasets/toxinpred3/train_neg.csv
train_neg_2300,0,/mnt/nw/home/m.yu/repos/foundry/datasets/toxinpred3/train_neg.csv
train_neg_2301,0,/mnt/nw/home/m.yu/repos/foundry/datasets/toxinpred3/train_neg.csv
train_neg_2302,0,/mnt/nw/home/m.yu/repos/foundry/datasets/toxinpred3/train_neg.csv
train_neg_2303,0,/mnt/nw/home/m.yu/repos/foundry/datasets/toxinpred3/train_neg.csv
train_neg_2304,0,/mnt/nw/home/m.yu/repos/foundry/datasets/toxinpred3/train_neg.csv
train_neg_2305,0,/mnt/nw/home/m.yu/repos/foundry/datasets/toxinpred3/train_neg.csv
train_neg_2306,0,/mnt/nw/home/m.yu/repos/foundry/datasets/toxinpred3/train_neg.csv
train_neg_2307,0,/mnt/nw/home/m.yu/repos/foundry/datasets/toxinpred3/train_neg.csv
train_neg_2308,0,/mnt/nw/home/m.yu/repos/foundry/datasets/toxinpred3/train_neg.csv
train_neg_2309,0,/mnt/nw/home/m.yu/repos/foundry/datasets/toxinpred3/train_neg.csv
train_neg_2310,0,/mnt/nw/home/m.yu/repos/foundry/datasets/toxinpred3/train_neg.csv
train_neg_2311,0,/mnt/nw/home/m.yu/repos/foundry/datasets/toxinpred3/train_neg.csv
train_neg_2312,0,/mnt/nw/home/m.yu/repos/foundry/datasets/toxinpred3/train_neg.csv
train_neg_2313,0,/mnt/nw/home/m.yu/repos/foundry/datasets/toxinpred3/train_neg.csv
train_neg_2314,0,/mnt/nw/home/m.yu/repos/foundry/datasets/toxinpred3/train_neg.csv
train_neg_2315,0,/mnt/nw/home/m.yu/repos/foundry/datasets/toxinpred3/train_neg.csv
train_neg_2316,0,/mnt/nw/home/m.yu/repos/foundry/datasets/toxinpred3/train_neg.csv
train_neg_2317,0,/mnt/nw/home/m.yu/repos/foundry/datasets/toxinpred3/train_neg.csv
train_neg_2318,0,/mnt/nw/home/m.yu/repos/foundry/datasets/toxinpred3/train_neg.csv
train_neg_2319,0,/mnt/nw/home/m.yu/repos/foundry/datasets/toxinpred3/train_neg.csv
train_neg_2320,0,/mnt/nw/home/m.yu/repos/foundry/datasets/toxinpred3/train_neg.csv
train_neg_2321,0,/mnt/nw/home/m.yu/repos/foundry/datasets/toxinpred3/train_neg.csv
train_neg_2322,0,/mnt/nw/home/m.yu/repos/foundry/datasets/toxinpred3/train_neg.csv
train_neg_2323,0,/mnt/nw/home/m.yu/repos/foundry/datasets/toxinpred3/train_neg.csv
train_neg_2324,0,/mnt/nw/home/m.yu/repos/foundry/datasets/toxinpred3/train_neg.csv
train_neg_2325,0,/mnt/nw/home/m.yu/repos/foundry/datasets/toxinpred3/train_neg.csv
train_neg_2326,0,/mnt/nw/home/m.yu/repos/foundry/datasets/toxinpred3/train_neg.csv
train_neg_2327,0,/mnt/nw/home/m.yu/repos/foundry/datasets/toxinpred3/train_neg.csv
train_neg_2328,0,/mnt/nw/home/m.yu/repos/foundry/datasets/toxinpred3/train_neg.csv
train_neg_2329,0,/mnt/nw/home/m.yu/repos/foundry/datasets/toxinpred3/train_neg.csv
train_neg_2330,0,/mnt/nw/home/m.yu/repos/foundry/datasets/toxinpred3/train_neg.csv
train_neg_2331,0,/mnt/nw/home/m.yu/repos/foundry/datasets/toxinpred3/train_neg.csv
train_neg_2332,0,/mnt/nw/home/m.yu/repos/foundry/datasets/toxinpred3/train_neg.csv
train_neg_2333,0,/mnt/nw/home/m.yu/repos/foundry/datasets/toxinpred3/train_neg.csv
train_neg_2334,0,/mnt/nw/home/m.yu/repos/foundry/datasets/toxinpred3/train_neg.csv
train_neg_2335,0,/mnt/nw/home/m.yu/repos/foundry/datasets/toxinpred3/train_neg.csv
train_neg_2336,0,/mnt/nw/home/m.yu/repos/foundry/datasets/toxinpred3/train_neg.csv
train_neg_2337,0,/mnt/nw/home/m.yu/repos/foundry/datasets/toxinpred3/train_neg.csv
train_neg_2338,0,/mnt/nw/home/m.yu/repos/foundry/datasets/toxinpred3/train_neg.csv
train_neg_2339,0,/mnt/nw/home/m.yu/repos/foundry/datasets/toxinpred3/train_neg.csv
train_neg_2340,0,/mnt/nw/home/m.yu/repos/foundry/datasets/toxinpred3/train_neg.csv
train_neg_2341,0,/mnt/nw/home/m.yu/repos/foundry/datasets/toxinpred3/train_neg.csv
train_neg_2342,0,/mnt/nw/home/m.yu/repos/foundry/datasets/toxinpred3/train_neg.csv
train_neg_2343,0,/mnt/nw/home/m.yu/repos/foundry/datasets/toxinpred3/train_neg.csv
train_neg_2344,0,/mnt/nw/home/m.yu/repos/foundry/datasets/toxinpred3/train_neg.csv
train_neg_2345,0,/mnt/nw/home/m.yu/repos/foundry/datasets/toxinpred3/train_neg.csv
train_neg_2346,0,/mnt/nw/home/m.yu/repos/foundry/datasets/toxinpred3/train_neg.csv
train_neg_2347,0,/mnt/nw/home/m.yu/repos/foundry/datasets/toxinpred3/train_neg.csv
train_neg_2348,0,/mnt/nw/home/m.yu/repos/foundry/datasets/toxinpred3/train_neg.csv
train_neg_2349,0,/mnt/nw/home/m.yu/repos/foundry/datasets/toxinpred3/train_neg.csv
train_neg_2350,0,/mnt/nw/home/m.yu/repos/foundry/datasets/toxinpred3/train_neg.csv
train_neg_2351,0,/mnt/nw/home/m.yu/repos/foundry/datasets/toxinpred3/train_neg.csv
train_neg_2352,0,/mnt/nw/home/m.yu/repos/foundry/datasets/toxinpred3/train_neg.csv
train_neg_2353,0,/mnt/nw/home/m.yu/repos/foundry/datasets/toxinpred3/train_neg.csv
train_neg_2354,0,/mnt/nw/home/m.yu/repos/foundry/datasets/toxinpred3/train_neg.csv
train_neg_2355,0,/mnt/nw/home/m.yu/repos/foundry/datasets/toxinpred3/train_neg.csv
train_neg_2356,0,/mnt/nw/home/m.yu/repos/foundry/datasets/toxinpred3/train_neg.csv
train_neg_2357,0,/mnt/nw/home/m.yu/repos/foundry/datasets/toxinpred3/train_neg.csv
train_neg_2358,0,/mnt/nw/home/m.yu/repos/foundry/datasets/toxinpred3/train_neg.csv
train_neg_2359,0,/mnt/nw/home/m.yu/repos/foundry/datasets/toxinpred3/train_neg.csv
train_neg_2360,0,/mnt/nw/home/m.yu/repos/foundry/datasets/toxinpred3/train_neg.csv
train_neg_2361,0,/mnt/nw/home/m.yu/repos/foundry/datasets/toxinpred3/train_neg.csv
train_neg_2362,0,/mnt/nw/home/m.yu/repos/foundry/datasets/toxinpred3/train_neg.csv
train_neg_2363,0,/mnt/nw/home/m.yu/repos/foundry/datasets/toxinpred3/train_neg.csv
train_neg_2364,0,/mnt/nw/home/m.yu/repos/foundry/datasets/toxinpred3/train_neg.csv
train_neg_2365,0,/mnt/nw/home/m.yu/repos/foundry/datasets/toxinpred3/train_neg.csv
train_neg_2366,0,/mnt/nw/home/m.yu/repos/foundry/datasets/toxinpred3/train_neg.csv
train_neg_2367,0,/mnt/nw/home/m.yu/repos/foundry/datasets/toxinpred3/train_neg.csv
train_neg_2368,0,/mnt/nw/home/m.yu/repos/foundry/datasets/toxinpred3/train_neg.csv
train_neg_2369,0,/mnt/nw/home/m.yu/repos/foundry/datasets/toxinpred3/train_neg.csv
train_neg_2370,0,/mnt/nw/home/m.yu/repos/foundry/datasets/toxinpred3/train_neg.csv
train_neg_2371,0,/mnt/nw/home/m.yu/repos/foundry/datasets/toxinpred3/train_neg.csv
train_neg_2372,0,/mnt/nw/home/m.yu/repos/foundry/datasets/toxinpred3/train_neg.csv
train_neg_2373,0,/mnt/nw/home/m.yu/repos/foundry/datasets/toxinpred3/train_neg.csv
train_neg_2374,0,/mnt/nw/home/m.yu/repos/foundry/datasets/toxinpred3/train_neg.csv
train_neg_2375,0,/mnt/nw/home/m.yu/repos/foundry/datasets/toxinpred3/train_neg.csv
train_neg_2376,0,/mnt/nw/home/m.yu/repos/foundry/datasets/toxinpred3/train_neg.csv
train_neg_2377,0,/mnt/nw/home/m.yu/repos/foundry/datasets/toxinpred3/train_neg.csv
train_neg_2378,0,/mnt/nw/home/m.yu/repos/foundry/datasets/toxinpred3/train_neg.csv
train_neg_2379,0,/mnt/nw/home/m.yu/repos/foundry/datasets/toxinpred3/train_neg.csv
train_neg_2380,0,/mnt/nw/home/m.yu/repos/foundry/datasets/toxinpred3/train_neg.csv
train_neg_2381,0,/mnt/nw/home/m.yu/repos/foundry/datasets/toxinpred3/train_neg.csv
train_neg_2382,0,/mnt/nw/home/m.yu/repos/foundry/datasets/toxinpred3/train_neg.csv
train_neg_2383,0,/mnt/nw/home/m.yu/repos/foundry/datasets/toxinpred3/train_neg.csv
train_neg_2384,0,/mnt/nw/home/m.yu/repos/foundry/datasets/toxinpred3/train_neg.csv
train_neg_2385,0,/mnt/nw/home/m.yu/repos/foundry/datasets/toxinpred3/train_neg.csv
train_neg_2386,0,/mnt/nw/home/m.yu/repos/foundry/datasets/toxinpred3/train_neg.csv
train_neg_2387,0,/mnt/nw/home/m.yu/repos/foundry/datasets/toxinpred3/train_neg.csv
train_neg_2388,0,/mnt/nw/home/m.yu/repos/foundry/datasets/toxinpred3/train_neg.csv
train_neg_2389,0,/mnt/nw/home/m.yu/repos/foundry/datasets/toxinpred3/train_neg.csv
train_neg_2390,0,/mnt/nw/home/m.yu/repos/foundry/datasets/toxinpred3/train_neg.csv
train_neg_2391,0,/mnt/nw/home/m.yu/repos/foundry/datasets/toxinpred3/train_neg.csv
train_neg_2392,0,/mnt/nw/home/m.yu/repos/foundry/datasets/toxinpred3/train_neg.csv
train_neg_2393,0,/mnt/nw/home/m.yu/repos/foundry/datasets/toxinpred3/train_neg.csv
train_neg_2394,0,/mnt/nw/home/m.yu/repos/foundry/datasets/toxinpred3/train_neg.csv
train_neg_2395,0,/mnt/nw/home/m.yu/repos/foundry/datasets/toxinpred3/train_neg.csv
train_neg_2396,0,/mnt/nw/home/m.yu/repos/foundry/datasets/toxinpred3/train_neg.csv
train_neg_2397,0,/mnt/nw/home/m.yu/repos/foundry/datasets/toxinpred3/train_neg.csv
train_neg_2398,0,/mnt/nw/home/m.yu/repos/foundry/datasets/toxinpred3/train_neg.csv
train_neg_2399,0,/mnt/nw/home/m.yu/repos/foundry/datasets/toxinpred3/train_neg.csv
train_neg_2400,0,/mnt/nw/home/m.yu/repos/foundry/datasets/toxinpred3/train_neg.csv
train_neg_2401,0,/mnt/nw/home/m.yu/repos/foundry/datasets/toxinpred3/train_neg.csv
train_neg_2402,0,/mnt/nw/home/m.yu/repos/foundry/datasets/toxinpred3/train_neg.csv
train_neg_2403,0,/mnt/nw/home/m.yu/repos/foundry/datasets/toxinpred3/train_neg.csv
train_neg_2404,0,/mnt/nw/home/m.yu/repos/foundry/datasets/toxinpred3/train_neg.csv
train_neg_2405,0,/mnt/nw/home/m.yu/repos/foundry/datasets/toxinpred3/train_neg.csv
train_neg_2406,0,/mnt/nw/home/m.yu/repos/foundry/datasets/toxinpred3/train_neg.csv
train_neg_2407,0,/mnt/nw/home/m.yu/repos/foundry/datasets/toxinpred3/train_neg.csv
train_neg_2408,0,/mnt/nw/home/m.yu/repos/foundry/datasets/toxinpred3/train_neg.csv
train_neg_2409,0,/mnt/nw/home/m.yu/repos/foundry/datasets/toxinpred3/train_neg.csv
train_neg_2410,0,/mnt/nw/home/m.yu/repos/foundry/datasets/toxinpred3/train_neg.csv
train_neg_2411,0,/mnt/nw/home/m.yu/repos/foundry/datasets/toxinpred3/train_neg.csv
train_neg_2412,0,/mnt/nw/home/m.yu/repos/foundry/datasets/toxinpred3/train_neg.csv
train_neg_2413,0,/mnt/nw/home/m.yu/repos/foundry/datasets/toxinpred3/train_neg.csv
train_neg_2414,0,/mnt/nw/home/m.yu/repos/foundry/datasets/toxinpred3/train_neg.csv
train_neg_2415,0,/mnt/nw/home/m.yu/repos/foundry/datasets/toxinpred3/train_neg.csv
train_neg_2416,0,/mnt/nw/home/m.yu/repos/foundry/datasets/toxinpred3/train_neg.csv
train_neg_2417,0,/mnt/nw/home/m.yu/repos/foundry/datasets/toxinpred3/train_neg.csv
train_neg_2418,0,/mnt/nw/home/m.yu/repos/foundry/datasets/toxinpred3/train_neg.csv
train_neg_2419,0,/mnt/nw/home/m.yu/repos/foundry/datasets/toxinpred3/train_neg.csv
train_neg_2420,0,/mnt/nw/home/m.yu/repos/foundry/datasets/toxinpred3/train_neg.csv
train_neg_2421,0,/mnt/nw/home/m.yu/repos/foundry/datasets/toxinpred3/train_neg.csv
train_neg_2422,0,/mnt/nw/home/m.yu/repos/foundry/datasets/toxinpred3/train_neg.csv
train_neg_2423,0,/mnt/nw/home/m.yu/repos/foundry/datasets/toxinpred3/train_neg.csv
train_neg_2424,0,/mnt/nw/home/m.yu/repos/foundry/datasets/toxinpred3/train_neg.csv
train_neg_2425,0,/mnt/nw/home/m.yu/repos/foundry/datasets/toxinpred3/train_neg.csv
train_neg_2426,0,/mnt/nw/home/m.yu/repos/foundry/datasets/toxinpred3/train_neg.csv
train_neg_2427,0,/mnt/nw/home/m.yu/repos/foundry/datasets/toxinpred3/train_neg.csv
train_neg_2428,0,/mnt/nw/home/m.yu/repos/foundry/datasets/toxinpred3/train_neg.csv
train_neg_2429,0,/mnt/nw/home/m.yu/repos/foundry/datasets/toxinpred3/train_neg.csv
train_neg_2430,0,/mnt/nw/home/m.yu/repos/foundry/datasets/toxinpred3/train_neg.csv
train_neg_2431,0,/mnt/nw/home/m.yu/repos/foundry/datasets/toxinpred3/train_neg.csv
train_neg_2432,0,/mnt/nw/home/m.yu/repos/foundry/datasets/toxinpred3/train_neg.csv
train_neg_2433,0,/mnt/nw/home/m.yu/repos/foundry/datasets/toxinpred3/train_neg.csv
train_neg_2434,0,/mnt/nw/home/m.yu/repos/foundry/datasets/toxinpred3/train_neg.csv
train_neg_2435,0,/mnt/nw/home/m.yu/repos/foundry/datasets/toxinpred3/train_neg.csv
train_neg_2436,0,/mnt/nw/home/m.yu/repos/foundry/datasets/toxinpred3/train_neg.csv
train_neg_2437,0,/mnt/nw/home/m.yu/repos/foundry/datasets/toxinpred3/train_neg.csv
train_neg_2438,0,/mnt/nw/home/m.yu/repos/foundry/datasets/toxinpred3/train_neg.csv
train_neg_2439,0,/mnt/nw/home/m.yu/repos/foundry/datasets/toxinpred3/train_neg.csv
train_neg_2440,0,/mnt/nw/home/m.yu/repos/foundry/datasets/toxinpred3/train_neg.csv
train_neg_2441,0,/mnt/nw/home/m.yu/repos/foundry/datasets/toxinpred3/train_neg.csv
train_neg_2442,0,/mnt/nw/home/m.yu/repos/foundry/datasets/toxinpred3/train_neg.csv
train_neg_2443,0,/mnt/nw/home/m.yu/repos/foundry/datasets/toxinpred3/train_neg.csv
train_neg_2444,0,/mnt/nw/home/m.yu/repos/foundry/datasets/toxinpred3/train_neg.csv
train_neg_2445,0,/mnt/nw/home/m.yu/repos/foundry/datasets/toxinpred3/train_neg.csv
train_neg_2446,0,/mnt/nw/home/m.yu/repos/foundry/datasets/toxinpred3/train_neg.csv
train_neg_2447,0,/mnt/nw/home/m.yu/repos/foundry/datasets/toxinpred3/train_neg.csv
train_neg_2448,0,/mnt/nw/home/m.yu/repos/foundry/datasets/toxinpred3/train_neg.csv
train_neg_2449,0,/mnt/nw/home/m.yu/repos/foundry/datasets/toxinpred3/train_neg.csv
train_neg_2450,0,/mnt/nw/home/m.yu/repos/foundry/datasets/toxinpred3/train_neg.csv
train_neg_2451,0,/mnt/nw/home/m.yu/repos/foundry/datasets/toxinpred3/train_neg.csv
train_neg_2452,0,/mnt/nw/home/m.yu/repos/foundry/datasets/toxinpred3/train_neg.csv
train_neg_2453,0,/mnt/nw/home/m.yu/repos/foundry/datasets/toxinpred3/train_neg.csv
train_neg_2454,0,/mnt/nw/home/m.yu/repos/foundry/datasets/toxinpred3/train_neg.csv
train_neg_2455,0,/mnt/nw/home/m.yu/repos/foundry/datasets/toxinpred3/train_neg.csv
train_neg_2456,0,/mnt/nw/home/m.yu/repos/foundry/datasets/toxinpred3/train_neg.csv
train_neg_2457,0,/mnt/nw/home/m.yu/repos/foundry/datasets/toxinpred3/train_neg.csv
train_neg_2458,0,/mnt/nw/home/m.yu/repos/foundry/datasets/toxinpred3/train_neg.csv
train_neg_2459,0,/mnt/nw/home/m.yu/repos/foundry/datasets/toxinpred3/train_neg.csv
train_neg_2460,0,/mnt/nw/home/m.yu/repos/foundry/datasets/toxinpred3/train_neg.csv
train_neg_2461,0,/mnt/nw/home/m.yu/repos/foundry/datasets/toxinpred3/train_neg.csv
train_neg_2462,0,/mnt/nw/home/m.yu/repos/foundry/datasets/toxinpred3/train_neg.csv
train_neg_2463,0,/mnt/nw/home/m.yu/repos/foundry/datasets/toxinpred3/train_neg.csv
train_neg_2464,0,/mnt/nw/home/m.yu/repos/foundry/datasets/toxinpred3/train_neg.csv
train_neg_2465,0,/mnt/nw/home/m.yu/repos/foundry/datasets/toxinpred3/train_neg.csv
train_neg_2466,0,/mnt/nw/home/m.yu/repos/foundry/datasets/toxinpred3/train_neg.csv
train_neg_2467,0,/mnt/nw/home/m.yu/repos/foundry/datasets/toxinpred3/train_neg.csv
train_neg_2468,0,/mnt/nw/home/m.yu/repos/foundry/datasets/toxinpred3/train_neg.csv
train_neg_2469,0,/mnt/nw/home/m.yu/repos/foundry/datasets/toxinpred3/train_neg.csv
train_neg_2470,0,/mnt/nw/home/m.yu/repos/foundry/datasets/toxinpred3/train_neg.csv
train_neg_2471,0,/mnt/nw/home/m.yu/repos/foundry/datasets/toxinpred3/train_neg.csv
train_neg_2472,0,/mnt/nw/home/m.yu/repos/foundry/datasets/toxinpred3/train_neg.csv
train_neg_2473,0,/mnt/nw/home/m.yu/repos/foundry/datasets/toxinpred3/train_neg.csv
train_neg_2474,0,/mnt/nw/home/m.yu/repos/foundry/datasets/toxinpred3/train_neg.csv
train_neg_2475,0,/mnt/nw/home/m.yu/repos/foundry/datasets/toxinpred3/train_neg.csv
train_neg_2476,0,/mnt/nw/home/m.yu/repos/foundry/datasets/toxinpred3/train_neg.csv
train_neg_2477,0,/mnt/nw/home/m.yu/repos/foundry/datasets/toxinpred3/train_neg.csv
train_neg_2478,0,/mnt/nw/home/m.yu/repos/foundry/datasets/toxinpred3/train_neg.csv
train_neg_2479,0,/mnt/nw/home/m.yu/repos/foundry/datasets/toxinpred3/train_neg.csv
train_neg_2480,0,/mnt/nw/home/m.yu/repos/foundry/datasets/toxinpred3/train_neg.csv
train_neg_2481,0,/mnt/nw/home/m.yu/repos/foundry/datasets/toxinpred3/train_neg.csv
train_neg_2482,0,/mnt/nw/home/m.yu/repos/foundry/datasets/toxinpred3/train_neg.csv
train_neg_2483,0,/mnt/nw/home/m.yu/repos/foundry/datasets/toxinpred3/train_neg.csv
train_neg_2484,0,/mnt/nw/home/m.yu/repos/foundry/datasets/toxinpred3/train_neg.csv
train_neg_2485,0,/mnt/nw/home/m.yu/repos/foundry/datasets/toxinpred3/train_neg.csv
train_neg_2486,0,/mnt/nw/home/m.yu/repos/foundry/datasets/toxinpred3/train_neg.csv
train_neg_2487,0,/mnt/nw/home/m.yu/repos/foundry/datasets/toxinpred3/train_neg.csv
train_neg_2488,0,/mnt/nw/home/m.yu/repos/foundry/datasets/toxinpred3/train_neg.csv
train_neg_2489,0,/mnt/nw/home/m.yu/repos/foundry/datasets/toxinpred3/train_neg.csv
train_neg_2490,0,/mnt/nw/home/m.yu/repos/foundry/datasets/toxinpred3/train_neg.csv
train_neg_2491,0,/mnt/nw/home/m.yu/repos/foundry/datasets/toxinpred3/train_neg.csv
train_neg_2492,0,/mnt/nw/home/m.yu/repos/foundry/datasets/toxinpred3/train_neg.csv
train_neg_2493,0,/mnt/nw/home/m.yu/repos/foundry/datasets/toxinpred3/train_neg.csv
train_neg_2494,0,/mnt/nw/home/m.yu/repos/foundry/datasets/toxinpred3/train_neg.csv
train_neg_2495,0,/mnt/nw/home/m.yu/repos/foundry/datasets/toxinpred3/train_neg.csv
train_neg_2496,0,/mnt/nw/home/m.yu/repos/foundry/datasets/toxinpred3/train_neg.csv
train_neg_2497,0,/mnt/nw/home/m.yu/repos/foundry/datasets/toxinpred3/train_neg.csv
train_neg_2498,0,/mnt/nw/home/m.yu/repos/foundry/datasets/toxinpred3/train_neg.csv
train_neg_2499,0,/mnt/nw/home/m.yu/repos/foundry/datasets/toxinpred3/train_neg.csv
train_neg_2500,0,/mnt/nw/home/m.yu/repos/foundry/datasets/toxinpred3/train_neg.csv
train_neg_2501,0,/mnt/nw/home/m.yu/repos/foundry/datasets/toxinpred3/train_neg.csv
train_neg_2502,0,/mnt/nw/home/m.yu/repos/foundry/datasets/toxinpred3/train_neg.csv
train_neg_2503,0,/mnt/nw/home/m.yu/repos/foundry/datasets/toxinpred3/train_neg.csv
train_neg_2504,0,/mnt/nw/home/m.yu/repos/foundry/datasets/toxinpred3/train_neg.csv
train_neg_2505,0,/mnt/nw/home/m.yu/repos/foundry/datasets/toxinpred3/train_neg.csv
train_neg_2506,0,/mnt/nw/home/m.yu/repos/foundry/datasets/toxinpred3/train_neg.csv
train_neg_2507,0,/mnt/nw/home/m.yu/repos/foundry/datasets/toxinpred3/train_neg.csv
train_neg_2508,0,/mnt/nw/home/m.yu/repos/foundry/datasets/toxinpred3/train_neg.csv
train_neg_2509,0,/mnt/nw/home/m.yu/repos/foundry/datasets/toxinpred3/train_neg.csv
train_neg_2510,0,/mnt/nw/home/m.yu/repos/foundry/datasets/toxinpred3/train_neg.csv
train_neg_2511,0,/mnt/nw/home/m.yu/repos/foundry/datasets/toxinpred3/train_neg.csv
train_neg_2512,0,/mnt/nw/home/m.yu/repos/foundry/datasets/toxinpred3/train_neg.csv
train_neg_2513,0,/mnt/nw/home/m.yu/repos/foundry/datasets/toxinpred3/train_neg.csv
train_neg_2514,0,/mnt/nw/home/m.yu/repos/foundry/datasets/toxinpred3/train_neg.csv
train_neg_2515,0,/mnt/nw/home/m.yu/repos/foundry/datasets/toxinpred3/train_neg.csv
train_neg_2516,0,/mnt/nw/home/m.yu/repos/foundry/datasets/toxinpred3/train_neg.csv
train_neg_2517,0,/mnt/nw/home/m.yu/repos/foundry/datasets/toxinpred3/train_neg.csv
train_neg_2518,0,/mnt/nw/home/m.yu/repos/foundry/datasets/toxinpred3/train_neg.csv
train_neg_2519,0,/mnt/nw/home/m.yu/repos/foundry/datasets/toxinpred3/train_neg.csv
train_neg_2520,0,/mnt/nw/home/m.yu/repos/foundry/datasets/toxinpred3/train_neg.csv
train_neg_2521,0,/mnt/nw/home/m.yu/repos/foundry/datasets/toxinpred3/train_neg.csv
train_neg_2522,0,/mnt/nw/home/m.yu/repos/foundry/datasets/toxinpred3/train_neg.csv
train_neg_2523,0,/mnt/nw/home/m.yu/repos/foundry/datasets/toxinpred3/train_neg.csv
train_neg_2524,0,/mnt/nw/home/m.yu/repos/foundry/datasets/toxinpred3/train_neg.csv
train_neg_2525,0,/mnt/nw/home/m.yu/repos/foundry/datasets/toxinpred3/train_neg.csv
train_neg_2526,0,/mnt/nw/home/m.yu/repos/foundry/datasets/toxinpred3/train_neg.csv
train_neg_2527,0,/mnt/nw/home/m.yu/repos/foundry/datasets/toxinpred3/train_neg.csv
train_neg_2528,0,/mnt/nw/home/m.yu/repos/foundry/datasets/toxinpred3/train_neg.csv
train_neg_2529,0,/mnt/nw/home/m.yu/repos/foundry/datasets/toxinpred3/train_neg.csv
train_neg_2530,0,/mnt/nw/home/m.yu/repos/foundry/datasets/toxinpred3/train_neg.csv
train_neg_2531,0,/mnt/nw/home/m.yu/repos/foundry/datasets/toxinpred3/train_neg.csv
train_neg_2532,0,/mnt/nw/home/m.yu/repos/foundry/datasets/toxinpred3/train_neg.csv
train_neg_2533,0,/mnt/nw/home/m.yu/repos/foundry/datasets/toxinpred3/train_neg.csv
train_neg_2534,0,/mnt/nw/home/m.yu/repos/foundry/datasets/toxinpred3/train_neg.csv
train_neg_2535,0,/mnt/nw/home/m.yu/repos/foundry/datasets/toxinpred3/train_neg.csv
train_neg_2536,0,/mnt/nw/home/m.yu/repos/foundry/datasets/toxinpred3/train_neg.csv
train_neg_2537,0,/mnt/nw/home/m.yu/repos/foundry/datasets/toxinpred3/train_neg.csv
train_neg_2538,0,/mnt/nw/home/m.yu/repos/foundry/datasets/toxinpred3/train_neg.csv
train_neg_2539,0,/mnt/nw/home/m.yu/repos/foundry/datasets/toxinpred3/train_neg.csv
train_neg_2540,0,/mnt/nw/home/m.yu/repos/foundry/datasets/toxinpred3/train_neg.csv
train_neg_2541,0,/mnt/nw/home/m.yu/repos/foundry/datasets/toxinpred3/train_neg.csv
train_neg_2542,0,/mnt/nw/home/m.yu/repos/foundry/datasets/toxinpred3/train_neg.csv
train_neg_2543,0,/mnt/nw/home/m.yu/repos/foundry/datasets/toxinpred3/train_neg.csv
train_neg_2544,0,/mnt/nw/home/m.yu/repos/foundry/datasets/toxinpred3/train_neg.csv
train_neg_2545,0,/mnt/nw/home/m.yu/repos/foundry/datasets/toxinpred3/train_neg.csv
train_neg_2546,0,/mnt/nw/home/m.yu/repos/foundry/datasets/toxinpred3/train_neg.csv
train_neg_2547,0,/mnt/nw/home/m.yu/repos/foundry/datasets/toxinpred3/train_neg.csv
train_neg_2548,0,/mnt/nw/home/m.yu/repos/foundry/datasets/toxinpred3/train_neg.csv
train_neg_2549,0,/mnt/nw/home/m.yu/repos/foundry/datasets/toxinpred3/train_neg.csv
train_neg_2550,0,/mnt/nw/home/m.yu/repos/foundry/datasets/toxinpred3/train_neg.csv
train_neg_2551,0,/mnt/nw/home/m.yu/repos/foundry/datasets/toxinpred3/train_neg.csv
train_neg_2552,0,/mnt/nw/home/m.yu/repos/foundry/datasets/toxinpred3/train_neg.csv
train_neg_2553,0,/mnt/nw/home/m.yu/repos/foundry/datasets/toxinpred3/train_neg.csv
train_neg_2554,0,/mnt/nw/home/m.yu/repos/foundry/datasets/toxinpred3/train_neg.csv
train_neg_2555,0,/mnt/nw/home/m.yu/repos/foundry/datasets/toxinpred3/train_neg.csv
train_neg_2556,0,/mnt/nw/home/m.yu/repos/foundry/datasets/toxinpred3/train_neg.csv
train_neg_2557,0,/mnt/nw/home/m.yu/repos/foundry/datasets/toxinpred3/train_neg.csv
train_neg_2558,0,/mnt/nw/home/m.yu/repos/foundry/datasets/toxinpred3/train_neg.csv
train_neg_2559,0,/mnt/nw/home/m.yu/repos/foundry/datasets/toxinpred3/train_neg.csv
train_neg_2560,0,/mnt/nw/home/m.yu/repos/foundry/datasets/toxinpred3/train_neg.csv
train_neg_2561,0,/mnt/nw/home/m.yu/repos/foundry/datasets/toxinpred3/train_neg.csv
train_neg_2562,0,/mnt/nw/home/m.yu/repos/foundry/datasets/toxinpred3/train_neg.csv
train_neg_2563,0,/mnt/nw/home/m.yu/repos/foundry/datasets/toxinpred3/train_neg.csv
train_neg_2564,0,/mnt/nw/home/m.yu/repos/foundry/datasets/toxinpred3/train_neg.csv
train_neg_2565,0,/mnt/nw/home/m.yu/repos/foundry/datasets/toxinpred3/train_neg.csv
train_neg_2566,0,/mnt/nw/home/m.yu/repos/foundry/datasets/toxinpred3/train_neg.csv
train_neg_2567,0,/mnt/nw/home/m.yu/repos/foundry/datasets/toxinpred3/train_neg.csv
train_neg_2568,0,/mnt/nw/home/m.yu/repos/foundry/datasets/toxinpred3/train_neg.csv
train_neg_2569,0,/mnt/nw/home/m.yu/repos/foundry/datasets/toxinpred3/train_neg.csv
train_neg_2570,0,/mnt/nw/home/m.yu/repos/foundry/datasets/toxinpred3/train_neg.csv
train_neg_2571,0,/mnt/nw/home/m.yu/repos/foundry/datasets/toxinpred3/train_neg.csv
train_neg_2572,0,/mnt/nw/home/m.yu/repos/foundry/datasets/toxinpred3/train_neg.csv
train_neg_2573,0,/mnt/nw/home/m.yu/repos/foundry/datasets/toxinpred3/train_neg.csv
train_neg_2574,0,/mnt/nw/home/m.yu/repos/foundry/datasets/toxinpred3/train_neg.csv
train_neg_2575,0,/mnt/nw/home/m.yu/repos/foundry/datasets/toxinpred3/train_neg.csv
train_neg_2576,0,/mnt/nw/home/m.yu/repos/foundry/datasets/toxinpred3/train_neg.csv
train_neg_2577,0,/mnt/nw/home/m.yu/repos/foundry/datasets/toxinpred3/train_neg.csv
train_neg_2578,0,/mnt/nw/home/m.yu/repos/foundry/datasets/toxinpred3/train_neg.csv
train_neg_2579,0,/mnt/nw/home/m.yu/repos/foundry/datasets/toxinpred3/train_neg.csv
train_neg_2580,0,/mnt/nw/home/m.yu/repos/foundry/datasets/toxinpred3/train_neg.csv
train_neg_2581,0,/mnt/nw/home/m.yu/repos/foundry/datasets/toxinpred3/train_neg.csv
train_neg_2582,0,/mnt/nw/home/m.yu/repos/foundry/datasets/toxinpred3/train_neg.csv
train_neg_2583,0,/mnt/nw/home/m.yu/repos/foundry/datasets/toxinpred3/train_neg.csv
train_neg_2584,0,/mnt/nw/home/m.yu/repos/foundry/datasets/toxinpred3/train_neg.csv
train_neg_2585,0,/mnt/nw/home/m.yu/repos/foundry/datasets/toxinpred3/train_neg.csv
train_neg_2586,0,/mnt/nw/home/m.yu/repos/foundry/datasets/toxinpred3/train_neg.csv
train_neg_2587,0,/mnt/nw/home/m.yu/repos/foundry/datasets/toxinpred3/train_neg.csv
train_neg_2588,0,/mnt/nw/home/m.yu/repos/foundry/datasets/toxinpred3/train_neg.csv
train_neg_2589,0,/mnt/nw/home/m.yu/repos/foundry/datasets/toxinpred3/train_neg.csv
train_neg_2590,0,/mnt/nw/home/m.yu/repos/foundry/datasets/toxinpred3/train_neg.csv
train_neg_2591,0,/mnt/nw/home/m.yu/repos/foundry/datasets/toxinpred3/train_neg.csv
train_neg_2592,0,/mnt/nw/home/m.yu/repos/foundry/datasets/toxinpred3/train_neg.csv
train_neg_2593,0,/mnt/nw/home/m.yu/repos/foundry/datasets/toxinpred3/train_neg.csv
train_neg_2594,0,/mnt/nw/home/m.yu/repos/foundry/datasets/toxinpred3/train_neg.csv
train_neg_2595,0,/mnt/nw/home/m.yu/repos/foundry/datasets/toxinpred3/train_neg.csv
train_neg_2596,0,/mnt/nw/home/m.yu/repos/foundry/datasets/toxinpred3/train_neg.csv
train_neg_2597,0,/mnt/nw/home/m.yu/repos/foundry/datasets/toxinpred3/train_neg.csv
train_neg_2598,0,/mnt/nw/home/m.yu/repos/foundry/datasets/toxinpred3/train_neg.csv
train_neg_2599,0,/mnt/nw/home/m.yu/repos/foundry/datasets/toxinpred3/train_neg.csv
train_neg_2600,0,/mnt/nw/home/m.yu/repos/foundry/datasets/toxinpred3/train_neg.csv
train_neg_2601,0,/mnt/nw/home/m.yu/repos/foundry/datasets/toxinpred3/train_neg.csv
train_neg_2602,0,/mnt/nw/home/m.yu/repos/foundry/datasets/toxinpred3/train_neg.csv
train_neg_2603,0,/mnt/nw/home/m.yu/repos/foundry/datasets/toxinpred3/train_neg.csv
train_neg_2604,0,/mnt/nw/home/m.yu/repos/foundry/datasets/toxinpred3/train_neg.csv
train_neg_2605,0,/mnt/nw/home/m.yu/repos/foundry/datasets/toxinpred3/train_neg.csv
train_neg_2606,0,/mnt/nw/home/m.yu/repos/foundry/datasets/toxinpred3/train_neg.csv
train_neg_2607,0,/mnt/nw/home/m.yu/repos/foundry/datasets/toxinpred3/train_neg.csv
train_neg_2608,0,/mnt/nw/home/m.yu/repos/foundry/datasets/toxinpred3/train_neg.csv
train_neg_2609,0,/mnt/nw/home/m.yu/repos/foundry/datasets/toxinpred3/train_neg.csv
train_neg_2610,0,/mnt/nw/home/m.yu/repos/foundry/datasets/toxinpred3/train_neg.csv
train_neg_2611,0,/mnt/nw/home/m.yu/repos/foundry/datasets/toxinpred3/train_neg.csv
train_neg_2612,0,/mnt/nw/home/m.yu/repos/foundry/datasets/toxinpred3/train_neg.csv
train_neg_2613,0,/mnt/nw/home/m.yu/repos/foundry/datasets/toxinpred3/train_neg.csv
train_neg_2614,0,/mnt/nw/home/m.yu/repos/foundry/datasets/toxinpred3/train_neg.csv
train_neg_2615,0,/mnt/nw/home/m.yu/repos/foundry/datasets/toxinpred3/train_neg.csv
train_neg_2616,0,/mnt/nw/home/m.yu/repos/foundry/datasets/toxinpred3/train_neg.csv
train_neg_2617,0,/mnt/nw/home/m.yu/repos/foundry/datasets/toxinpred3/train_neg.csv
train_neg_2618,0,/mnt/nw/home/m.yu/repos/foundry/datasets/toxinpred3/train_neg.csv
train_neg_2619,0,/mnt/nw/home/m.yu/repos/foundry/datasets/toxinpred3/train_neg.csv
train_neg_2620,0,/mnt/nw/home/m.yu/repos/foundry/datasets/toxinpred3/train_neg.csv
train_neg_2621,0,/mnt/nw/home/m.yu/repos/foundry/datasets/toxinpred3/train_neg.csv
train_neg_2622,0,/mnt/nw/home/m.yu/repos/foundry/datasets/toxinpred3/train_neg.csv
train_neg_2623,0,/mnt/nw/home/m.yu/repos/foundry/datasets/toxinpred3/train_neg.csv
train_neg_2624,0,/mnt/nw/home/m.yu/repos/foundry/datasets/toxinpred3/train_neg.csv
train_neg_2625,0,/mnt/nw/home/m.yu/repos/foundry/datasets/toxinpred3/train_neg.csv
train_neg_2626,0,/mnt/nw/home/m.yu/repos/foundry/datasets/toxinpred3/train_neg.csv
train_neg_2627,0,/mnt/nw/home/m.yu/repos/foundry/datasets/toxinpred3/train_neg.csv
train_neg_2628,0,/mnt/nw/home/m.yu/repos/foundry/datasets/toxinpred3/train_neg.csv
train_neg_2629,0,/mnt/nw/home/m.yu/repos/foundry/datasets/toxinpred3/train_neg.csv
train_neg_2630,0,/mnt/nw/home/m.yu/repos/foundry/datasets/toxinpred3/train_neg.csv
train_neg_2631,0,/mnt/nw/home/m.yu/repos/foundry/datasets/toxinpred3/train_neg.csv
train_neg_2632,0,/mnt/nw/home/m.yu/repos/foundry/datasets/toxinpred3/train_neg.csv
train_neg_2633,0,/mnt/nw/home/m.yu/repos/foundry/datasets/toxinpred3/train_neg.csv
train_neg_2634,0,/mnt/nw/home/m.yu/repos/foundry/datasets/toxinpred3/train_neg.csv
train_neg_2635,0,/mnt/nw/home/m.yu/repos/foundry/datasets/toxinpred3/train_neg.csv
train_neg_2636,0,/mnt/nw/home/m.yu/repos/foundry/datasets/toxinpred3/train_neg.csv
train_neg_2637,0,/mnt/nw/home/m.yu/repos/foundry/datasets/toxinpred3/train_neg.csv
train_neg_2638,0,/mnt/nw/home/m.yu/repos/foundry/datasets/toxinpred3/train_neg.csv
train_neg_2639,0,/mnt/nw/home/m.yu/repos/foundry/datasets/toxinpred3/train_neg.csv
train_neg_2640,0,/mnt/nw/home/m.yu/repos/foundry/datasets/toxinpred3/train_neg.csv
train_neg_2641,0,/mnt/nw/home/m.yu/repos/foundry/datasets/toxinpred3/train_neg.csv
train_neg_2642,0,/mnt/nw/home/m.yu/repos/foundry/datasets/toxinpred3/train_neg.csv
train_neg_2643,0,/mnt/nw/home/m.yu/repos/foundry/datasets/toxinpred3/train_neg.csv
train_neg_2644,0,/mnt/nw/home/m.yu/repos/foundry/datasets/toxinpred3/train_neg.csv
train_neg_2645,0,/mnt/nw/home/m.yu/repos/foundry/datasets/toxinpred3/train_neg.csv
train_neg_2646,0,/mnt/nw/home/m.yu/repos/foundry/datasets/toxinpred3/train_neg.csv
train_neg_2647,0,/mnt/nw/home/m.yu/repos/foundry/datasets/toxinpred3/train_neg.csv
train_neg_2648,0,/mnt/nw/home/m.yu/repos/foundry/datasets/toxinpred3/train_neg.csv
train_neg_2649,0,/mnt/nw/home/m.yu/repos/foundry/datasets/toxinpred3/train_neg.csv
train_neg_2650,0,/mnt/nw/home/m.yu/repos/foundry/datasets/toxinpred3/train_neg.csv
train_neg_2651,0,/mnt/nw/home/m.yu/repos/foundry/datasets/toxinpred3/train_neg.csv
train_neg_2652,0,/mnt/nw/home/m.yu/repos/foundry/datasets/toxinpred3/train_neg.csv
train_neg_2653,0,/mnt/nw/home/m.yu/repos/foundry/datasets/toxinpred3/train_neg.csv
train_neg_2654,0,/mnt/nw/home/m.yu/repos/foundry/datasets/toxinpred3/train_neg.csv
train_neg_2655,0,/mnt/nw/home/m.yu/repos/foundry/datasets/toxinpred3/train_neg.csv
train_neg_2656,0,/mnt/nw/home/m.yu/repos/foundry/datasets/toxinpred3/train_neg.csv
train_neg_2657,0,/mnt/nw/home/m.yu/repos/foundry/datasets/toxinpred3/train_neg.csv
train_neg_2658,0,/mnt/nw/home/m.yu/repos/foundry/datasets/toxinpred3/train_neg.csv
train_neg_2659,0,/mnt/nw/home/m.yu/repos/foundry/datasets/toxinpred3/train_neg.csv
train_neg_2660,0,/mnt/nw/home/m.yu/repos/foundry/datasets/toxinpred3/train_neg.csv
train_neg_2661,0,/mnt/nw/home/m.yu/repos/foundry/datasets/toxinpred3/train_neg.csv
train_neg_2662,0,/mnt/nw/home/m.yu/repos/foundry/datasets/toxinpred3/train_neg.csv
train_neg_2663,0,/mnt/nw/home/m.yu/repos/foundry/datasets/toxinpred3/train_neg.csv
train_neg_2664,0,/mnt/nw/home/m.yu/repos/foundry/datasets/toxinpred3/train_neg.csv
train_neg_2665,0,/mnt/nw/home/m.yu/repos/foundry/datasets/toxinpred3/train_neg.csv
train_neg_2666,0,/mnt/nw/home/m.yu/repos/foundry/datasets/toxinpred3/train_neg.csv
train_neg_2667,0,/mnt/nw/home/m.yu/repos/foundry/datasets/toxinpred3/train_neg.csv
train_neg_2668,0,/mnt/nw/home/m.yu/repos/foundry/datasets/toxinpred3/train_neg.csv
train_neg_2669,0,/mnt/nw/home/m.yu/repos/foundry/datasets/toxinpred3/train_neg.csv
train_neg_2670,0,/mnt/nw/home/m.yu/repos/foundry/datasets/toxinpred3/train_neg.csv
train_neg_2671,0,/mnt/nw/home/m.yu/repos/foundry/datasets/toxinpred3/train_neg.csv
train_neg_2672,0,/mnt/nw/home/m.yu/repos/foundry/datasets/toxinpred3/train_neg.csv
train_neg_2673,0,/mnt/nw/home/m.yu/repos/foundry/datasets/toxinpred3/train_neg.csv
train_neg_2674,0,/mnt/nw/home/m.yu/repos/foundry/datasets/toxinpred3/train_neg.csv
train_neg_2675,0,/mnt/nw/home/m.yu/repos/foundry/datasets/toxinpred3/train_neg.csv
train_neg_2676,0,/mnt/nw/home/m.yu/repos/foundry/datasets/toxinpred3/train_neg.csv
train_neg_2677,0,/mnt/nw/home/m.yu/repos/foundry/datasets/toxinpred3/train_neg.csv
train_neg_2678,0,/mnt/nw/home/m.yu/repos/foundry/datasets/toxinpred3/train_neg.csv
train_neg_2679,0,/mnt/nw/home/m.yu/repos/foundry/datasets/toxinpred3/train_neg.csv
train_neg_2680,0,/mnt/nw/home/m.yu/repos/foundry/datasets/toxinpred3/train_neg.csv
train_neg_2681,0,/mnt/nw/home/m.yu/repos/foundry/datasets/toxinpred3/train_neg.csv
train_neg_2682,0,/mnt/nw/home/m.yu/repos/foundry/datasets/toxinpred3/train_neg.csv
train_neg_2683,0,/mnt/nw/home/m.yu/repos/foundry/datasets/toxinpred3/train_neg.csv
train_neg_2684,0,/mnt/nw/home/m.yu/repos/foundry/datasets/toxinpred3/train_neg.csv
train_neg_2685,0,/mnt/nw/home/m.yu/repos/foundry/datasets/toxinpred3/train_neg.csv
train_neg_2686,0,/mnt/nw/home/m.yu/repos/foundry/datasets/toxinpred3/train_neg.csv
train_neg_2687,0,/mnt/nw/home/m.yu/repos/foundry/datasets/toxinpred3/train_neg.csv
train_neg_2688,0,/mnt/nw/home/m.yu/repos/foundry/datasets/toxinpred3/train_neg.csv
train_neg_2689,0,/mnt/nw/home/m.yu/repos/foundry/datasets/toxinpred3/train_neg.csv
train_neg_2690,0,/mnt/nw/home/m.yu/repos/foundry/datasets/toxinpred3/train_neg.csv
train_neg_2691,0,/mnt/nw/home/m.yu/repos/foundry/datasets/toxinpred3/train_neg.csv
train_neg_2692,0,/mnt/nw/home/m.yu/repos/foundry/datasets/toxinpred3/train_neg.csv
train_neg_2693,0,/mnt/nw/home/m.yu/repos/foundry/datasets/toxinpred3/train_neg.csv
train_neg_2694,0,/mnt/nw/home/m.yu/repos/foundry/datasets/toxinpred3/train_neg.csv
train_neg_2695,0,/mnt/nw/home/m.yu/repos/foundry/datasets/toxinpred3/train_neg.csv
train_neg_2696,0,/mnt/nw/home/m.yu/repos/foundry/datasets/toxinpred3/train_neg.csv
train_neg_2697,0,/mnt/nw/home/m.yu/repos/foundry/datasets/toxinpred3/train_neg.csv
train_neg_2698,0,/mnt/nw/home/m.yu/repos/foundry/datasets/toxinpred3/train_neg.csv
train_neg_2699,0,/mnt/nw/home/m.yu/repos/foundry/datasets/toxinpred3/train_neg.csv
train_neg_2700,0,/mnt/nw/home/m.yu/repos/foundry/datasets/toxinpred3/train_neg.csv
train_neg_2701,0,/mnt/nw/home/m.yu/repos/foundry/datasets/toxinpred3/train_neg.csv
train_neg_2702,0,/mnt/nw/home/m.yu/repos/foundry/datasets/toxinpred3/train_neg.csv
train_neg_2703,0,/mnt/nw/home/m.yu/repos/foundry/datasets/toxinpred3/train_neg.csv
train_neg_2704,0,/mnt/nw/home/m.yu/repos/foundry/datasets/toxinpred3/train_neg.csv
train_neg_2705,0,/mnt/nw/home/m.yu/repos/foundry/datasets/toxinpred3/train_neg.csv
train_neg_2706,0,/mnt/nw/home/m.yu/repos/foundry/datasets/toxinpred3/train_neg.csv
train_neg_2707,0,/mnt/nw/home/m.yu/repos/foundry/datasets/toxinpred3/train_neg.csv
train_neg_2708,0,/mnt/nw/home/m.yu/repos/foundry/datasets/toxinpred3/train_neg.csv
train_neg_2709,0,/mnt/nw/home/m.yu/repos/foundry/datasets/toxinpred3/train_neg.csv
train_neg_2710,0,/mnt/nw/home/m.yu/repos/foundry/datasets/toxinpred3/train_neg.csv
train_neg_2711,0,/mnt/nw/home/m.yu/repos/foundry/datasets/toxinpred3/train_neg.csv
train_neg_2712,0,/mnt/nw/home/m.yu/repos/foundry/datasets/toxinpred3/train_neg.csv
train_neg_2713,0,/mnt/nw/home/m.yu/repos/foundry/datasets/toxinpred3/train_neg.csv
train_neg_2714,0,/mnt/nw/home/m.yu/repos/foundry/datasets/toxinpred3/train_neg.csv
train_neg_2715,0,/mnt/nw/home/m.yu/repos/foundry/datasets/toxinpred3/train_neg.csv
train_neg_2716,0,/mnt/nw/home/m.yu/repos/foundry/datasets/toxinpred3/train_neg.csv
train_neg_2717,0,/mnt/nw/home/m.yu/repos/foundry/datasets/toxinpred3/train_neg.csv
train_neg_2718,0,/mnt/nw/home/m.yu/repos/foundry/datasets/toxinpred3/train_neg.csv
train_neg_2719,0,/mnt/nw/home/m.yu/repos/foundry/datasets/toxinpred3/train_neg.csv
train_neg_2720,0,/mnt/nw/home/m.yu/repos/foundry/datasets/toxinpred3/train_neg.csv
train_neg_2721,0,/mnt/nw/home/m.yu/repos/foundry/datasets/toxinpred3/train_neg.csv
train_neg_2722,0,/mnt/nw/home/m.yu/repos/foundry/datasets/toxinpred3/train_neg.csv
train_neg_2723,0,/mnt/nw/home/m.yu/repos/foundry/datasets/toxinpred3/train_neg.csv
train_neg_2724,0,/mnt/nw/home/m.yu/repos/foundry/datasets/toxinpred3/train_neg.csv
train_neg_2725,0,/mnt/nw/home/m.yu/repos/foundry/datasets/toxinpred3/train_neg.csv
train_neg_2726,0,/mnt/nw/home/m.yu/repos/foundry/datasets/toxinpred3/train_neg.csv
train_neg_2727,0,/mnt/nw/home/m.yu/repos/foundry/datasets/toxinpred3/train_neg.csv
train_neg_2728,0,/mnt/nw/home/m.yu/repos/foundry/datasets/toxinpred3/train_neg.csv
train_neg_2729,0,/mnt/nw/home/m.yu/repos/foundry/datasets/toxinpred3/train_neg.csv
train_neg_2730,0,/mnt/nw/home/m.yu/repos/foundry/datasets/toxinpred3/train_neg.csv
train_neg_2731,0,/mnt/nw/home/m.yu/repos/foundry/datasets/toxinpred3/train_neg.csv
train_neg_2732,0,/mnt/nw/home/m.yu/repos/foundry/datasets/toxinpred3/train_neg.csv
train_neg_2733,0,/mnt/nw/home/m.yu/repos/foundry/datasets/toxinpred3/train_neg.csv
train_neg_2734,0,/mnt/nw/home/m.yu/repos/foundry/datasets/toxinpred3/train_neg.csv
train_neg_2735,0,/mnt/nw/home/m.yu/repos/foundry/datasets/toxinpred3/train_neg.csv
train_neg_2736,0,/mnt/nw/home/m.yu/repos/foundry/datasets/toxinpred3/train_neg.csv
train_neg_2737,0,/mnt/nw/home/m.yu/repos/foundry/datasets/toxinpred3/train_neg.csv
train_neg_2738,0,/mnt/nw/home/m.yu/repos/foundry/datasets/toxinpred3/train_neg.csv
train_neg_2739,0,/mnt/nw/home/m.yu/repos/foundry/datasets/toxinpred3/train_neg.csv
train_neg_2740,0,/mnt/nw/home/m.yu/repos/foundry/datasets/toxinpred3/train_neg.csv
train_neg_2741,0,/mnt/nw/home/m.yu/repos/foundry/datasets/toxinpred3/train_neg.csv
train_neg_2742,0,/mnt/nw/home/m.yu/repos/foundry/datasets/toxinpred3/train_neg.csv
train_neg_2743,0,/mnt/nw/home/m.yu/repos/foundry/datasets/toxinpred3/train_neg.csv
train_neg_2744,0,/mnt/nw/home/m.yu/repos/foundry/datasets/toxinpred3/train_neg.csv
train_neg_2745,0,/mnt/nw/home/m.yu/repos/foundry/datasets/toxinpred3/train_neg.csv
train_neg_2746,0,/mnt/nw/home/m.yu/repos/foundry/datasets/toxinpred3/train_neg.csv
train_neg_2747,0,/mnt/nw/home/m.yu/repos/foundry/datasets/toxinpred3/train_neg.csv
train_neg_2748,0,/mnt/nw/home/m.yu/repos/foundry/datasets/toxinpred3/train_neg.csv
train_neg_2749,0,/mnt/nw/home/m.yu/repos/foundry/datasets/toxinpred3/train_neg.csv
train_neg_2750,0,/mnt/nw/home/m.yu/repos/foundry/datasets/toxinpred3/train_neg.csv
train_neg_2751,0,/mnt/nw/home/m.yu/repos/foundry/datasets/toxinpred3/train_neg.csv
train_neg_2752,0,/mnt/nw/home/m.yu/repos/foundry/datasets/toxinpred3/train_neg.csv
train_neg_2753,0,/mnt/nw/home/m.yu/repos/foundry/datasets/toxinpred3/train_neg.csv
train_neg_2754,0,/mnt/nw/home/m.yu/repos/foundry/datasets/toxinpred3/train_neg.csv
train_neg_2755,0,/mnt/nw/home/m.yu/repos/foundry/datasets/toxinpred3/train_neg.csv
train_neg_2756,0,/mnt/nw/home/m.yu/repos/foundry/datasets/toxinpred3/train_neg.csv
train_neg_2757,0,/mnt/nw/home/m.yu/repos/foundry/datasets/toxinpred3/train_neg.csv
train_neg_2758,0,/mnt/nw/home/m.yu/repos/foundry/datasets/toxinpred3/train_neg.csv
train_neg_2759,0,/mnt/nw/home/m.yu/repos/foundry/datasets/toxinpred3/train_neg.csv
train_neg_2760,0,/mnt/nw/home/m.yu/repos/foundry/datasets/toxinpred3/train_neg.csv
train_neg_2761,0,/mnt/nw/home/m.yu/repos/foundry/datasets/toxinpred3/train_neg.csv
train_neg_2762,0,/mnt/nw/home/m.yu/repos/foundry/datasets/toxinpred3/train_neg.csv
train_neg_2763,0,/mnt/nw/home/m.yu/repos/foundry/datasets/toxinpred3/train_neg.csv
train_neg_2764,0,/mnt/nw/home/m.yu/repos/foundry/datasets/toxinpred3/train_neg.csv
train_neg_2765,0,/mnt/nw/home/m.yu/repos/foundry/datasets/toxinpred3/train_neg.csv
train_neg_2766,0,/mnt/nw/home/m.yu/repos/foundry/datasets/toxinpred3/train_neg.csv
train_neg_2767,0,/mnt/nw/home/m.yu/repos/foundry/datasets/toxinpred3/train_neg.csv
train_neg_2768,0,/mnt/nw/home/m.yu/repos/foundry/datasets/toxinpred3/train_neg.csv
train_neg_2769,0,/mnt/nw/home/m.yu/repos/foundry/datasets/toxinpred3/train_neg.csv
train_neg_2770,0,/mnt/nw/home/m.yu/repos/foundry/datasets/toxinpred3/train_neg.csv
train_neg_2771,0,/mnt/nw/home/m.yu/repos/foundry/datasets/toxinpred3/train_neg.csv
train_neg_2772,0,/mnt/nw/home/m.yu/repos/foundry/datasets/toxinpred3/train_neg.csv
train_neg_2773,0,/mnt/nw/home/m.yu/repos/foundry/datasets/toxinpred3/train_neg.csv
train_neg_2774,0,/mnt/nw/home/m.yu/repos/foundry/datasets/toxinpred3/train_neg.csv
train_neg_2775,0,/mnt/nw/home/m.yu/repos/foundry/datasets/toxinpred3/train_neg.csv
train_neg_2776,0,/mnt/nw/home/m.yu/repos/foundry/datasets/toxinpred3/train_neg.csv
train_neg_2777,0,/mnt/nw/home/m.yu/repos/foundry/datasets/toxinpred3/train_neg.csv
train_neg_2778,0,/mnt/nw/home/m.yu/repos/foundry/datasets/toxinpred3/train_neg.csv
train_neg_2779,0,/mnt/nw/home/m.yu/repos/foundry/datasets/toxinpred3/train_neg.csv
train_neg_2780,0,/mnt/nw/home/m.yu/repos/foundry/datasets/toxinpred3/train_neg.csv
train_neg_2781,0,/mnt/nw/home/m.yu/repos/foundry/datasets/toxinpred3/train_neg.csv
train_neg_2782,0,/mnt/nw/home/m.yu/repos/foundry/datasets/toxinpred3/train_neg.csv
train_neg_2783,0,/mnt/nw/home/m.yu/repos/foundry/datasets/toxinpred3/train_neg.csv
train_neg_2784,0,/mnt/nw/home/m.yu/repos/foundry/datasets/toxinpred3/train_neg.csv
train_neg_2785,0,/mnt/nw/home/m.yu/repos/foundry/datasets/toxinpred3/train_neg.csv
train_neg_2786,0,/mnt/nw/home/m.yu/repos/foundry/datasets/toxinpred3/train_neg.csv
train_neg_2787,0,/mnt/nw/home/m.yu/repos/foundry/datasets/toxinpred3/train_neg.csv
train_neg_2788,0,/mnt/nw/home/m.yu/repos/foundry/datasets/toxinpred3/train_neg.csv
train_neg_2789,0,/mnt/nw/home/m.yu/repos/foundry/datasets/toxinpred3/train_neg.csv
train_neg_2790,0,/mnt/nw/home/m.yu/repos/foundry/datasets/toxinpred3/train_neg.csv
train_neg_2791,0,/mnt/nw/home/m.yu/repos/foundry/datasets/toxinpred3/train_neg.csv
train_neg_2792,0,/mnt/nw/home/m.yu/repos/foundry/datasets/toxinpred3/train_neg.csv
train_neg_2793,0,/mnt/nw/home/m.yu/repos/foundry/datasets/toxinpred3/train_neg.csv
train_neg_2794,0,/mnt/nw/home/m.yu/repos/foundry/datasets/toxinpred3/train_neg.csv
train_neg_2795,0,/mnt/nw/home/m.yu/repos/foundry/datasets/toxinpred3/train_neg.csv
train_neg_2796,0,/mnt/nw/home/m.yu/repos/foundry/datasets/toxinpred3/train_neg.csv
train_neg_2797,0,/mnt/nw/home/m.yu/repos/foundry/datasets/toxinpred3/train_neg.csv
train_neg_2798,0,/mnt/nw/home/m.yu/repos/foundry/datasets/toxinpred3/train_neg.csv
train_neg_2799,0,/mnt/nw/home/m.yu/repos/foundry/datasets/toxinpred3/train_neg.csv
train_neg_2800,0,/mnt/nw/home/m.yu/repos/foundry/datasets/toxinpred3/train_neg.csv
train_neg_2801,0,/mnt/nw/home/m.yu/repos/foundry/datasets/toxinpred3/train_neg.csv
train_neg_2802,0,/mnt/nw/home/m.yu/repos/foundry/datasets/toxinpred3/train_neg.csv
train_neg_2803,0,/mnt/nw/home/m.yu/repos/foundry/datasets/toxinpred3/train_neg.csv
train_neg_2804,0,/mnt/nw/home/m.yu/repos/foundry/datasets/toxinpred3/train_neg.csv
train_neg_2805,0,/mnt/nw/home/m.yu/repos/foundry/datasets/toxinpred3/train_neg.csv
train_neg_2806,0,/mnt/nw/home/m.yu/repos/foundry/datasets/toxinpred3/train_neg.csv
train_neg_2807,0,/mnt/nw/home/m.yu/repos/foundry/datasets/toxinpred3/train_neg.csv
train_neg_2808,0,/mnt/nw/home/m.yu/repos/foundry/datasets/toxinpred3/train_neg.csv
train_neg_2809,0,/mnt/nw/home/m.yu/repos/foundry/datasets/toxinpred3/train_neg.csv
train_neg_2810,0,/mnt/nw/home/m.yu/repos/foundry/datasets/toxinpred3/train_neg.csv
train_neg_2811,0,/mnt/nw/home/m.yu/repos/foundry/datasets/toxinpred3/train_neg.csv
train_neg_2812,0,/mnt/nw/home/m.yu/repos/foundry/datasets/toxinpred3/train_neg.csv
train_neg_2813,0,/mnt/nw/home/m.yu/repos/foundry/datasets/toxinpred3/train_neg.csv
train_neg_2814,0,/mnt/nw/home/m.yu/repos/foundry/datasets/toxinpred3/train_neg.csv
train_neg_2815,0,/mnt/nw/home/m.yu/repos/foundry/datasets/toxinpred3/train_neg.csv
train_neg_2816,0,/mnt/nw/home/m.yu/repos/foundry/datasets/toxinpred3/train_neg.csv
train_neg_2817,0,/mnt/nw/home/m.yu/repos/foundry/datasets/toxinpred3/train_neg.csv
train_neg_2818,0,/mnt/nw/home/m.yu/repos/foundry/datasets/toxinpred3/train_neg.csv
train_neg_2819,0,/mnt/nw/home/m.yu/repos/foundry/datasets/toxinpred3/train_neg.csv
train_neg_2820,0,/mnt/nw/home/m.yu/repos/foundry/datasets/toxinpred3/train_neg.csv
train_neg_2821,0,/mnt/nw/home/m.yu/repos/foundry/datasets/toxinpred3/train_neg.csv
train_neg_2822,0,/mnt/nw/home/m.yu/repos/foundry/datasets/toxinpred3/train_neg.csv
train_neg_2823,0,/mnt/nw/home/m.yu/repos/foundry/datasets/toxinpred3/train_neg.csv
train_neg_2824,0,/mnt/nw/home/m.yu/repos/foundry/datasets/toxinpred3/train_neg.csv
train_neg_2825,0,/mnt/nw/home/m.yu/repos/foundry/datasets/toxinpred3/train_neg.csv
train_neg_2826,0,/mnt/nw/home/m.yu/repos/foundry/datasets/toxinpred3/train_neg.csv
train_neg_2827,0,/mnt/nw/home/m.yu/repos/foundry/datasets/toxinpred3/train_neg.csv
train_neg_2828,0,/mnt/nw/home/m.yu/repos/foundry/datasets/toxinpred3/train_neg.csv
train_neg_2829,0,/mnt/nw/home/m.yu/repos/foundry/datasets/toxinpred3/train_neg.csv
train_neg_2830,0,/mnt/nw/home/m.yu/repos/foundry/datasets/toxinpred3/train_neg.csv
train_neg_2831,0,/mnt/nw/home/m.yu/repos/foundry/datasets/toxinpred3/train_neg.csv
train_neg_2832,0,/mnt/nw/home/m.yu/repos/foundry/datasets/toxinpred3/train_neg.csv
train_neg_2833,0,/mnt/nw/home/m.yu/repos/foundry/datasets/toxinpred3/train_neg.csv
train_neg_2834,0,/mnt/nw/home/m.yu/repos/foundry/datasets/toxinpred3/train_neg.csv
train_neg_2835,0,/mnt/nw/home/m.yu/repos/foundry/datasets/toxinpred3/train_neg.csv
train_neg_2836,0,/mnt/nw/home/m.yu/repos/foundry/datasets/toxinpred3/train_neg.csv
train_neg_2837,0,/mnt/nw/home/m.yu/repos/foundry/datasets/toxinpred3/train_neg.csv
train_neg_2838,0,/mnt/nw/home/m.yu/repos/foundry/datasets/toxinpred3/train_neg.csv
train_neg_2839,0,/mnt/nw/home/m.yu/repos/foundry/datasets/toxinpred3/train_neg.csv
train_neg_2840,0,/mnt/nw/home/m.yu/repos/foundry/datasets/toxinpred3/train_neg.csv
train_neg_2841,0,/mnt/nw/home/m.yu/repos/foundry/datasets/toxinpred3/train_neg.csv
train_neg_2842,0,/mnt/nw/home/m.yu/repos/foundry/datasets/toxinpred3/train_neg.csv
train_neg_2843,0,/mnt/nw/home/m.yu/repos/foundry/datasets/toxinpred3/train_neg.csv
train_neg_2844,0,/mnt/nw/home/m.yu/repos/foundry/datasets/toxinpred3/train_neg.csv
train_neg_2845,0,/mnt/nw/home/m.yu/repos/foundry/datasets/toxinpred3/train_neg.csv
train_neg_2846,0,/mnt/nw/home/m.yu/repos/foundry/datasets/toxinpred3/train_neg.csv
train_neg_2847,0,/mnt/nw/home/m.yu/repos/foundry/datasets/toxinpred3/train_neg.csv
train_neg_2848,0,/mnt/nw/home/m.yu/repos/foundry/datasets/toxinpred3/train_neg.csv
train_neg_2849,0,/mnt/nw/home/m.yu/repos/foundry/datasets/toxinpred3/train_neg.csv
train_neg_2850,0,/mnt/nw/home/m.yu/repos/foundry/datasets/toxinpred3/train_neg.csv
train_neg_2851,0,/mnt/nw/home/m.yu/repos/foundry/datasets/toxinpred3/train_neg.csv
train_neg_2852,0,/mnt/nw/home/m.yu/repos/foundry/datasets/toxinpred3/train_neg.csv
train_neg_2853,0,/mnt/nw/home/m.yu/repos/foundry/datasets/toxinpred3/train_neg.csv
train_neg_2854,0,/mnt/nw/home/m.yu/repos/foundry/datasets/toxinpred3/train_neg.csv
train_neg_2855,0,/mnt/nw/home/m.yu/repos/foundry/datasets/toxinpred3/train_neg.csv
train_neg_2856,0,/mnt/nw/home/m.yu/repos/foundry/datasets/toxinpred3/train_neg.csv
train_neg_2857,0,/mnt/nw/home/m.yu/repos/foundry/datasets/toxinpred3/train_neg.csv
train_neg_2858,0,/mnt/nw/home/m.yu/repos/foundry/datasets/toxinpred3/train_neg.csv
train_neg_2859,0,/mnt/nw/home/m.yu/repos/foundry/datasets/toxinpred3/train_neg.csv
train_neg_2860,0,/mnt/nw/home/m.yu/repos/foundry/datasets/toxinpred3/train_neg.csv
train_neg_2861,0,/mnt/nw/home/m.yu/repos/foundry/datasets/toxinpred3/train_neg.csv
train_neg_2862,0,/mnt/nw/home/m.yu/repos/foundry/datasets/toxinpred3/train_neg.csv
train_neg_2863,0,/mnt/nw/home/m.yu/repos/foundry/datasets/toxinpred3/train_neg.csv
train_neg_2864,0,/mnt/nw/home/m.yu/repos/foundry/datasets/toxinpred3/train_neg.csv
train_neg_2865,0,/mnt/nw/home/m.yu/repos/foundry/datasets/toxinpred3/train_neg.csv
train_neg_2866,0,/mnt/nw/home/m.yu/repos/foundry/datasets/toxinpred3/train_neg.csv
train_neg_2867,0,/mnt/nw/home/m.yu/repos/foundry/datasets/toxinpred3/train_neg.csv
train_neg_2868,0,/mnt/nw/home/m.yu/repos/foundry/datasets/toxinpred3/train_neg.csv
train_neg_2869,0,/mnt/nw/home/m.yu/repos/foundry/datasets/toxinpred3/train_neg.csv
train_neg_2870,0,/mnt/nw/home/m.yu/repos/foundry/datasets/toxinpred3/train_neg.csv
train_neg_2871,0,/mnt/nw/home/m.yu/repos/foundry/datasets/toxinpred3/train_neg.csv
train_neg_2872,0,/mnt/nw/home/m.yu/repos/foundry/datasets/toxinpred3/train_neg.csv
train_neg_2873,0,/mnt/nw/home/m.yu/repos/foundry/datasets/toxinpred3/train_neg.csv
train_neg_2874,0,/mnt/nw/home/m.yu/repos/foundry/datasets/toxinpred3/train_neg.csv
train_neg_2875,0,/mnt/nw/home/m.yu/repos/foundry/datasets/toxinpred3/train_neg.csv
train_neg_2876,0,/mnt/nw/home/m.yu/repos/foundry/datasets/toxinpred3/train_neg.csv
train_neg_2877,0,/mnt/nw/home/m.yu/repos/foundry/datasets/toxinpred3/train_neg.csv
train_neg_2878,0,/mnt/nw/home/m.yu/repos/foundry/datasets/toxinpred3/train_neg.csv
train_neg_2879,0,/mnt/nw/home/m.yu/repos/foundry/datasets/toxinpred3/train_neg.csv
train_neg_2880,0,/mnt/nw/home/m.yu/repos/foundry/datasets/toxinpred3/train_neg.csv
train_neg_2881,0,/mnt/nw/home/m.yu/repos/foundry/datasets/toxinpred3/train_neg.csv
train_neg_2882,0,/mnt/nw/home/m.yu/repos/foundry/datasets/toxinpred3/train_neg.csv
train_neg_2883,0,/mnt/nw/home/m.yu/repos/foundry/datasets/toxinpred3/train_neg.csv
train_neg_2884,0,/mnt/nw/home/m.yu/repos/foundry/datasets/toxinpred3/train_neg.csv
train_neg_2885,0,/mnt/nw/home/m.yu/repos/foundry/datasets/toxinpred3/train_neg.csv
train_neg_2886,0,/mnt/nw/home/m.yu/repos/foundry/datasets/toxinpred3/train_neg.csv
train_neg_2887,0,/mnt/nw/home/m.yu/repos/foundry/datasets/toxinpred3/train_neg.csv
train_neg_2888,0,/mnt/nw/home/m.yu/repos/foundry/datasets/toxinpred3/train_neg.csv
train_neg_2889,0,/mnt/nw/home/m.yu/repos/foundry/datasets/toxinpred3/train_neg.csv
train_neg_2890,0,/mnt/nw/home/m.yu/repos/foundry/datasets/toxinpred3/train_neg.csv
train_neg_2891,0,/mnt/nw/home/m.yu/repos/foundry/datasets/toxinpred3/train_neg.csv
train_neg_2892,0,/mnt/nw/home/m.yu/repos/foundry/datasets/toxinpred3/train_neg.csv
train_neg_2893,0,/mnt/nw/home/m.yu/repos/foundry/datasets/toxinpred3/train_neg.csv
train_neg_2894,0,/mnt/nw/home/m.yu/repos/foundry/datasets/toxinpred3/train_neg.csv
train_neg_2895,0,/mnt/nw/home/m.yu/repos/foundry/datasets/toxinpred3/train_neg.csv
train_neg_2896,0,/mnt/nw/home/m.yu/repos/foundry/datasets/toxinpred3/train_neg.csv
train_neg_2897,0,/mnt/nw/home/m.yu/repos/foundry/datasets/toxinpred3/train_neg.csv
train_neg_2898,0,/mnt/nw/home/m.yu/repos/foundry/datasets/toxinpred3/train_neg.csv
train_neg_2899,0,/mnt/nw/home/m.yu/repos/foundry/datasets/toxinpred3/train_neg.csv
train_neg_2900,0,/mnt/nw/home/m.yu/repos/foundry/datasets/toxinpred3/train_neg.csv
train_neg_2901,0,/mnt/nw/home/m.yu/repos/foundry/datasets/toxinpred3/train_neg.csv
train_neg_2902,0,/mnt/nw/home/m.yu/repos/foundry/datasets/toxinpred3/train_neg.csv
train_neg_2903,0,/mnt/nw/home/m.yu/repos/foundry/datasets/toxinpred3/train_neg.csv
train_neg_2904,0,/mnt/nw/home/m.yu/repos/foundry/datasets/toxinpred3/train_neg.csv
train_neg_2905,0,/mnt/nw/home/m.yu/repos/foundry/datasets/toxinpred3/train_neg.csv
train_neg_2906,0,/mnt/nw/home/m.yu/repos/foundry/datasets/toxinpred3/train_neg.csv
train_neg_2907,0,/mnt/nw/home/m.yu/repos/foundry/datasets/toxinpred3/train_neg.csv
train_neg_2908,0,/mnt/nw/home/m.yu/repos/foundry/datasets/toxinpred3/train_neg.csv
train_neg_2909,0,/mnt/nw/home/m.yu/repos/foundry/datasets/toxinpred3/train_neg.csv
train_neg_2910,0,/mnt/nw/home/m.yu/repos/foundry/datasets/toxinpred3/train_neg.csv
train_neg_2911,0,/mnt/nw/home/m.yu/repos/foundry/datasets/toxinpred3/train_neg.csv
train_neg_2912,0,/mnt/nw/home/m.yu/repos/foundry/datasets/toxinpred3/train_neg.csv
train_neg_2913,0,/mnt/nw/home/m.yu/repos/foundry/datasets/toxinpred3/train_neg.csv
train_neg_2914,0,/mnt/nw/home/m.yu/repos/foundry/datasets/toxinpred3/train_neg.csv
train_neg_2915,0,/mnt/nw/home/m.yu/repos/foundry/datasets/toxinpred3/train_neg.csv
train_neg_2916,0,/mnt/nw/home/m.yu/repos/foundry/datasets/toxinpred3/train_neg.csv
train_neg_2917,0,/mnt/nw/home/m.yu/repos/foundry/datasets/toxinpred3/train_neg.csv
train_neg_2918,0,/mnt/nw/home/m.yu/repos/foundry/datasets/toxinpred3/train_neg.csv
train_neg_2919,0,/mnt/nw/home/m.yu/repos/foundry/datasets/toxinpred3/train_neg.csv
train_neg_2920,0,/mnt/nw/home/m.yu/repos/foundry/datasets/toxinpred3/train_neg.csv
train_neg_2921,0,/mnt/nw/home/m.yu/repos/foundry/datasets/toxinpred3/train_neg.csv
train_neg_2922,0,/mnt/nw/home/m.yu/repos/foundry/datasets/toxinpred3/train_neg.csv
train_neg_2923,0,/mnt/nw/home/m.yu/repos/foundry/datasets/toxinpred3/train_neg.csv
train_neg_2924,0,/mnt/nw/home/m.yu/repos/foundry/datasets/toxinpred3/train_neg.csv
train_neg_2925,0,/mnt/nw/home/m.yu/repos/foundry/datasets/toxinpred3/train_neg.csv
train_neg_2926,0,/mnt/nw/home/m.yu/repos/foundry/datasets/toxinpred3/train_neg.csv
train_neg_2927,0,/mnt/nw/home/m.yu/repos/foundry/datasets/toxinpred3/train_neg.csv
train_neg_2928,0,/mnt/nw/home/m.yu/repos/foundry/datasets/toxinpred3/train_neg.csv
train_neg_2929,0,/mnt/nw/home/m.yu/repos/foundry/datasets/toxinpred3/train_neg.csv
train_neg_2930,0,/mnt/nw/home/m.yu/repos/foundry/datasets/toxinpred3/train_neg.csv
train_neg_2931,0,/mnt/nw/home/m.yu/repos/foundry/datasets/toxinpred3/train_neg.csv
train_neg_2932,0,/mnt/nw/home/m.yu/repos/foundry/datasets/toxinpred3/train_neg.csv
train_neg_2933,0,/mnt/nw/home/m.yu/repos/foundry/datasets/toxinpred3/train_neg.csv
train_neg_2934,0,/mnt/nw/home/m.yu/repos/foundry/datasets/toxinpred3/train_neg.csv
train_neg_2935,0,/mnt/nw/home/m.yu/repos/foundry/datasets/toxinpred3/train_neg.csv
train_neg_2936,0,/mnt/nw/home/m.yu/repos/foundry/datasets/toxinpred3/train_neg.csv
train_neg_2937,0,/mnt/nw/home/m.yu/repos/foundry/datasets/toxinpred3/train_neg.csv
train_neg_2938,0,/mnt/nw/home/m.yu/repos/foundry/datasets/toxinpred3/train_neg.csv
train_neg_2939,0,/mnt/nw/home/m.yu/repos/foundry/datasets/toxinpred3/train_neg.csv
train_neg_2940,0,/mnt/nw/home/m.yu/repos/foundry/datasets/toxinpred3/train_neg.csv
train_neg_2941,0,/mnt/nw/home/m.yu/repos/foundry/datasets/toxinpred3/train_neg.csv
train_neg_2942,0,/mnt/nw/home/m.yu/repos/foundry/datasets/toxinpred3/train_neg.csv
train_neg_2943,0,/mnt/nw/home/m.yu/repos/foundry/datasets/toxinpred3/train_neg.csv
train_neg_2944,0,/mnt/nw/home/m.yu/repos/foundry/datasets/toxinpred3/train_neg.csv
train_neg_2945,0,/mnt/nw/home/m.yu/repos/foundry/datasets/toxinpred3/train_neg.csv
train_neg_2946,0,/mnt/nw/home/m.yu/repos/foundry/datasets/toxinpred3/train_neg.csv
train_neg_2947,0,/mnt/nw/home/m.yu/repos/foundry/datasets/toxinpred3/train_neg.csv
train_neg_2948,0,/mnt/nw/home/m.yu/repos/foundry/datasets/toxinpred3/train_neg.csv
train_neg_2949,0,/mnt/nw/home/m.yu/repos/foundry/datasets/toxinpred3/train_neg.csv
train_neg_2950,0,/mnt/nw/home/m.yu/repos/foundry/datasets/toxinpred3/train_neg.csv
train_neg_2951,0,/mnt/nw/home/m.yu/repos/foundry/datasets/toxinpred3/train_neg.csv
train_neg_2952,0,/mnt/nw/home/m.yu/repos/foundry/datasets/toxinpred3/train_neg.csv
train_neg_2953,0,/mnt/nw/home/m.yu/repos/foundry/datasets/toxinpred3/train_neg.csv
train_neg_2954,0,/mnt/nw/home/m.yu/repos/foundry/datasets/toxinpred3/train_neg.csv
train_neg_2955,0,/mnt/nw/home/m.yu/repos/foundry/datasets/toxinpred3/train_neg.csv
train_neg_2956,0,/mnt/nw/home/m.yu/repos/foundry/datasets/toxinpred3/train_neg.csv
train_neg_2957,0,/mnt/nw/home/m.yu/repos/foundry/datasets/toxinpred3/train_neg.csv
train_neg_2958,0,/mnt/nw/home/m.yu/repos/foundry/datasets/toxinpred3/train_neg.csv
train_neg_2959,0,/mnt/nw/home/m.yu/repos/foundry/datasets/toxinpred3/train_neg.csv
train_neg_2960,0,/mnt/nw/home/m.yu/repos/foundry/datasets/toxinpred3/train_neg.csv
train_neg_2961,0,/mnt/nw/home/m.yu/repos/foundry/datasets/toxinpred3/train_neg.csv
train_neg_2962,0,/mnt/nw/home/m.yu/repos/foundry/datasets/toxinpred3/train_neg.csv
train_neg_2963,0,/mnt/nw/home/m.yu/repos/foundry/datasets/toxinpred3/train_neg.csv
train_neg_2964,0,/mnt/nw/home/m.yu/repos/foundry/datasets/toxinpred3/train_neg.csv
train_neg_2965,0,/mnt/nw/home/m.yu/repos/foundry/datasets/toxinpred3/train_neg.csv
train_neg_2966,0,/mnt/nw/home/m.yu/repos/foundry/datasets/toxinpred3/train_neg.csv
train_neg_2967,0,/mnt/nw/home/m.yu/repos/foundry/datasets/toxinpred3/train_neg.csv
train_neg_2968,0,/mnt/nw/home/m.yu/repos/foundry/datasets/toxinpred3/train_neg.csv
train_neg_2969,0,/mnt/nw/home/m.yu/repos/foundry/datasets/toxinpred3/train_neg.csv
train_neg_2970,0,/mnt/nw/home/m.yu/repos/foundry/datasets/toxinpred3/train_neg.csv
train_neg_2971,0,/mnt/nw/home/m.yu/repos/foundry/datasets/toxinpred3/train_neg.csv
train_neg_2972,0,/mnt/nw/home/m.yu/repos/foundry/datasets/toxinpred3/train_neg.csv
train_neg_2973,0,/mnt/nw/home/m.yu/repos/foundry/datasets/toxinpred3/train_neg.csv
train_neg_2974,0,/mnt/nw/home/m.yu/repos/foundry/datasets/toxinpred3/train_neg.csv
train_neg_2975,0,/mnt/nw/home/m.yu/repos/foundry/datasets/toxinpred3/train_neg.csv
train_neg_2976,0,/mnt/nw/home/m.yu/repos/foundry/datasets/toxinpred3/train_neg.csv
train_neg_2977,0,/mnt/nw/home/m.yu/repos/foundry/datasets/toxinpred3/train_neg.csv
train_neg_2978,0,/mnt/nw/home/m.yu/repos/foundry/datasets/toxinpred3/train_neg.csv
train_neg_2979,0,/mnt/nw/home/m.yu/repos/foundry/datasets/toxinpred3/train_neg.csv
train_neg_2980,0,/mnt/nw/home/m.yu/repos/foundry/datasets/toxinpred3/train_neg.csv
train_neg_2981,0,/mnt/nw/home/m.yu/repos/foundry/datasets/toxinpred3/train_neg.csv
train_neg_2982,0,/mnt/nw/home/m.yu/repos/foundry/datasets/toxinpred3/train_neg.csv
train_neg_2983,0,/mnt/nw/home/m.yu/repos/foundry/datasets/toxinpred3/train_neg.csv
train_neg_2984,0,/mnt/nw/home/m.yu/repos/foundry/datasets/toxinpred3/train_neg.csv
train_neg_2985,0,/mnt/nw/home/m.yu/repos/foundry/datasets/toxinpred3/train_neg.csv
train_neg_2986,0,/mnt/nw/home/m.yu/repos/foundry/datasets/toxinpred3/train_neg.csv
train_neg_2987,0,/mnt/nw/home/m.yu/repos/foundry/datasets/toxinpred3/train_neg.csv
train_neg_2988,0,/mnt/nw/home/m.yu/repos/foundry/datasets/toxinpred3/train_neg.csv
train_neg_2989,0,/mnt/nw/home/m.yu/repos/foundry/datasets/toxinpred3/train_neg.csv
train_neg_2990,0,/mnt/nw/home/m.yu/repos/foundry/datasets/toxinpred3/train_neg.csv
train_neg_2991,0,/mnt/nw/home/m.yu/repos/foundry/datasets/toxinpred3/train_neg.csv
train_neg_2992,0,/mnt/nw/home/m.yu/repos/foundry/datasets/toxinpred3/train_neg.csv
train_neg_2993,0,/mnt/nw/home/m.yu/repos/foundry/datasets/toxinpred3/train_neg.csv
train_neg_2994,0,/mnt/nw/home/m.yu/repos/foundry/datasets/toxinpred3/train_neg.csv
train_neg_2995,0,/mnt/nw/home/m.yu/repos/foundry/datasets/toxinpred3/train_neg.csv
train_neg_2996,0,/mnt/nw/home/m.yu/repos/foundry/datasets/toxinpred3/train_neg.csv
train_neg_2997,0,/mnt/nw/home/m.yu/repos/foundry/datasets/toxinpred3/train_neg.csv
train_neg_2998,0,/mnt/nw/home/m.yu/repos/foundry/datasets/toxinpred3/train_neg.csv
train_neg_2999,0,/mnt/nw/home/m.yu/repos/foundry/datasets/toxinpred3/train_neg.csv
train_neg_3000,0,/mnt/nw/home/m.yu/repos/foundry/datasets/toxinpred3/train_neg.csv
train_neg_3001,0,/mnt/nw/home/m.yu/repos/foundry/datasets/toxinpred3/train_neg.csv
train_neg_3002,0,/mnt/nw/home/m.yu/repos/foundry/datasets/toxinpred3/train_neg.csv
train_neg_3003,0,/mnt/nw/home/m.yu/repos/foundry/datasets/toxinpred3/train_neg.csv
train_neg_3004,0,/mnt/nw/home/m.yu/repos/foundry/datasets/toxinpred3/train_neg.csv
train_neg_3005,0,/mnt/nw/home/m.yu/repos/foundry/datasets/toxinpred3/train_neg.csv
train_neg_3006,0,/mnt/nw/home/m.yu/repos/foundry/datasets/toxinpred3/train_neg.csv
train_neg_3007,0,/mnt/nw/home/m.yu/repos/foundry/datasets/toxinpred3/train_neg.csv
train_neg_3008,0,/mnt/nw/home/m.yu/repos/foundry/datasets/toxinpred3/train_neg.csv
train_neg_3009,0,/mnt/nw/home/m.yu/repos/foundry/datasets/toxinpred3/train_neg.csv
train_neg_3010,0,/mnt/nw/home/m.yu/repos/foundry/datasets/toxinpred3/train_neg.csv
train_neg_3011,0,/mnt/nw/home/m.yu/repos/foundry/datasets/toxinpred3/train_neg.csv
train_neg_3012,0,/mnt/nw/home/m.yu/repos/foundry/datasets/toxinpred3/train_neg.csv
train_neg_3013,0,/mnt/nw/home/m.yu/repos/foundry/datasets/toxinpred3/train_neg.csv
train_neg_3014,0,/mnt/nw/home/m.yu/repos/foundry/datasets/toxinpred3/train_neg.csv
train_neg_3015,0,/mnt/nw/home/m.yu/repos/foundry/datasets/toxinpred3/train_neg.csv
train_neg_3016,0,/mnt/nw/home/m.yu/repos/foundry/datasets/toxinpred3/train_neg.csv
train_neg_3017,0,/mnt/nw/home/m.yu/repos/foundry/datasets/toxinpred3/train_neg.csv
train_neg_3018,0,/mnt/nw/home/m.yu/repos/foundry/datasets/toxinpred3/train_neg.csv
train_neg_3019,0,/mnt/nw/home/m.yu/repos/foundry/datasets/toxinpred3/train_neg.csv
train_neg_3020,0,/mnt/nw/home/m.yu/repos/foundry/datasets/toxinpred3/train_neg.csv
train_neg_3021,0,/mnt/nw/home/m.yu/repos/foundry/datasets/toxinpred3/train_neg.csv
train_neg_3022,0,/mnt/nw/home/m.yu/repos/foundry/datasets/toxinpred3/train_neg.csv
train_neg_3023,0,/mnt/nw/home/m.yu/repos/foundry/datasets/toxinpred3/train_neg.csv
train_neg_3024,0,/mnt/nw/home/m.yu/repos/foundry/datasets/toxinpred3/train_neg.csv
train_neg_3025,0,/mnt/nw/home/m.yu/repos/foundry/datasets/toxinpred3/train_neg.csv
train_neg_3026,0,/mnt/nw/home/m.yu/repos/foundry/datasets/toxinpred3/train_neg.csv
train_neg_3027,0,/mnt/nw/home/m.yu/repos/foundry/datasets/toxinpred3/train_neg.csv
train_neg_3028,0,/mnt/nw/home/m.yu/repos/foundry/datasets/toxinpred3/train_neg.csv
train_neg_3029,0,/mnt/nw/home/m.yu/repos/foundry/datasets/toxinpred3/train_neg.csv
train_neg_3030,0,/mnt/nw/home/m.yu/repos/foundry/datasets/toxinpred3/train_neg.csv
train_neg_3031,0,/mnt/nw/home/m.yu/repos/foundry/datasets/toxinpred3/train_neg.csv
train_neg_3032,0,/mnt/nw/home/m.yu/repos/foundry/datasets/toxinpred3/train_neg.csv
train_neg_3033,0,/mnt/nw/home/m.yu/repos/foundry/datasets/toxinpred3/train_neg.csv
train_neg_3034,0,/mnt/nw/home/m.yu/repos/foundry/datasets/toxinpred3/train_neg.csv
train_neg_3035,0,/mnt/nw/home/m.yu/repos/foundry/datasets/toxinpred3/train_neg.csv
train_neg_3036,0,/mnt/nw/home/m.yu/repos/foundry/datasets/toxinpred3/train_neg.csv
train_neg_3037,0,/mnt/nw/home/m.yu/repos/foundry/datasets/toxinpred3/train_neg.csv
train_neg_3038,0,/mnt/nw/home/m.yu/repos/foundry/datasets/toxinpred3/train_neg.csv
train_neg_3039,0,/mnt/nw/home/m.yu/repos/foundry/datasets/toxinpred3/train_neg.csv
train_neg_3040,0,/mnt/nw/home/m.yu/repos/foundry/datasets/toxinpred3/train_neg.csv
train_neg_3041,0,/mnt/nw/home/m.yu/repos/foundry/datasets/toxinpred3/train_neg.csv
train_neg_3042,0,/mnt/nw/home/m.yu/repos/foundry/datasets/toxinpred3/train_neg.csv
train_neg_3043,0,/mnt/nw/home/m.yu/repos/foundry/datasets/toxinpred3/train_neg.csv
train_neg_3044,0,/mnt/nw/home/m.yu/repos/foundry/datasets/toxinpred3/train_neg.csv
train_neg_3045,0,/mnt/nw/home/m.yu/repos/foundry/datasets/toxinpred3/train_neg.csv
train_neg_3046,0,/mnt/nw/home/m.yu/repos/foundry/datasets/toxinpred3/train_neg.csv
train_neg_3047,0,/mnt/nw/home/m.yu/repos/foundry/datasets/toxinpred3/train_neg.csv
train_neg_3048,0,/mnt/nw/home/m.yu/repos/foundry/datasets/toxinpred3/train_neg.csv
train_neg_3049,0,/mnt/nw/home/m.yu/repos/foundry/datasets/toxinpred3/train_neg.csv
train_neg_3050,0,/mnt/nw/home/m.yu/repos/foundry/datasets/toxinpred3/train_neg.csv
train_neg_3051,0,/mnt/nw/home/m.yu/repos/foundry/datasets/toxinpred3/train_neg.csv
train_neg_3052,0,/mnt/nw/home/m.yu/repos/foundry/datasets/toxinpred3/train_neg.csv
train_neg_3053,0,/mnt/nw/home/m.yu/repos/foundry/datasets/toxinpred3/train_neg.csv
train_neg_3054,0,/mnt/nw/home/m.yu/repos/foundry/datasets/toxinpred3/train_neg.csv
train_neg_3055,0,/mnt/nw/home/m.yu/repos/foundry/datasets/toxinpred3/train_neg.csv
train_neg_3056,0,/mnt/nw/home/m.yu/repos/foundry/datasets/toxinpred3/train_neg.csv
train_neg_3057,0,/mnt/nw/home/m.yu/repos/foundry/datasets/toxinpred3/train_neg.csv
train_neg_3058,0,/mnt/nw/home/m.yu/repos/foundry/datasets/toxinpred3/train_neg.csv
train_neg_3059,0,/mnt/nw/home/m.yu/repos/foundry/datasets/toxinpred3/train_neg.csv
train_neg_3060,0,/mnt/nw/home/m.yu/repos/foundry/datasets/toxinpred3/train_neg.csv
train_neg_3061,0,/mnt/nw/home/m.yu/repos/foundry/datasets/toxinpred3/train_neg.csv
train_neg_3062,0,/mnt/nw/home/m.yu/repos/foundry/datasets/toxinpred3/train_neg.csv
train_neg_3063,0,/mnt/nw/home/m.yu/repos/foundry/datasets/toxinpred3/train_neg.csv
train_neg_3064,0,/mnt/nw/home/m.yu/repos/foundry/datasets/toxinpred3/train_neg.csv
train_neg_3065,0,/mnt/nw/home/m.yu/repos/foundry/datasets/toxinpred3/train_neg.csv
train_neg_3066,0,/mnt/nw/home/m.yu/repos/foundry/datasets/toxinpred3/train_neg.csv
train_neg_3067,0,/mnt/nw/home/m.yu/repos/foundry/datasets/toxinpred3/train_neg.csv
train_neg_3068,0,/mnt/nw/home/m.yu/repos/foundry/datasets/toxinpred3/train_neg.csv
train_neg_3069,0,/mnt/nw/home/m.yu/repos/foundry/datasets/toxinpred3/train_neg.csv
train_neg_3070,0,/mnt/nw/home/m.yu/repos/foundry/datasets/toxinpred3/train_neg.csv
train_neg_3071,0,/mnt/nw/home/m.yu/repos/foundry/datasets/toxinpred3/train_neg.csv
train_neg_3072,0,/mnt/nw/home/m.yu/repos/foundry/datasets/toxinpred3/train_neg.csv
train_neg_3073,0,/mnt/nw/home/m.yu/repos/foundry/datasets/toxinpred3/train_neg.csv
train_neg_3074,0,/mnt/nw/home/m.yu/repos/foundry/datasets/toxinpred3/train_neg.csv
train_neg_3075,0,/mnt/nw/home/m.yu/repos/foundry/datasets/toxinpred3/train_neg.csv
train_neg_3076,0,/mnt/nw/home/m.yu/repos/foundry/datasets/toxinpred3/train_neg.csv
train_neg_3077,0,/mnt/nw/home/m.yu/repos/foundry/datasets/toxinpred3/train_neg.csv
train_neg_3078,0,/mnt/nw/home/m.yu/repos/foundry/datasets/toxinpred3/train_neg.csv
train_neg_3079,0,/mnt/nw/home/m.yu/repos/foundry/datasets/toxinpred3/train_neg.csv
train_neg_3080,0,/mnt/nw/home/m.yu/repos/foundry/datasets/toxinpred3/train_neg.csv
train_neg_3081,0,/mnt/nw/home/m.yu/repos/foundry/datasets/toxinpred3/train_neg.csv
train_neg_3082,0,/mnt/nw/home/m.yu/repos/foundry/datasets/toxinpred3/train_neg.csv
train_neg_3083,0,/mnt/nw/home/m.yu/repos/foundry/datasets/toxinpred3/train_neg.csv
train_neg_3084,0,/mnt/nw/home/m.yu/repos/foundry/datasets/toxinpred3/train_neg.csv
train_neg_3085,0,/mnt/nw/home/m.yu/repos/foundry/datasets/toxinpred3/train_neg.csv
train_neg_3086,0,/mnt/nw/home/m.yu/repos/foundry/datasets/toxinpred3/train_neg.csv
train_neg_3087,0,/mnt/nw/home/m.yu/repos/foundry/datasets/toxinpred3/train_neg.csv
train_neg_3088,0,/mnt/nw/home/m.yu/repos/foundry/datasets/toxinpred3/train_neg.csv
train_neg_3089,0,/mnt/nw/home/m.yu/repos/foundry/datasets/toxinpred3/train_neg.csv
train_neg_3090,0,/mnt/nw/home/m.yu/repos/foundry/datasets/toxinpred3/train_neg.csv
train_neg_3091,0,/mnt/nw/home/m.yu/repos/foundry/datasets/toxinpred3/train_neg.csv
train_neg_3092,0,/mnt/nw/home/m.yu/repos/foundry/datasets/toxinpred3/train_neg.csv
train_neg_3093,0,/mnt/nw/home/m.yu/repos/foundry/datasets/toxinpred3/train_neg.csv
train_neg_3094,0,/mnt/nw/home/m.yu/repos/foundry/datasets/toxinpred3/train_neg.csv
train_neg_3095,0,/mnt/nw/home/m.yu/repos/foundry/datasets/toxinpred3/train_neg.csv
train_neg_3096,0,/mnt/nw/home/m.yu/repos/foundry/datasets/toxinpred3/train_neg.csv
train_neg_3097,0,/mnt/nw/home/m.yu/repos/foundry/datasets/toxinpred3/train_neg.csv
train_neg_3098,0,/mnt/nw/home/m.yu/repos/foundry/datasets/toxinpred3/train_neg.csv
train_neg_3099,0,/mnt/nw/home/m.yu/repos/foundry/datasets/toxinpred3/train_neg.csv
train_neg_3100,0,/mnt/nw/home/m.yu/repos/foundry/datasets/toxinpred3/train_neg.csv
train_neg_3101,0,/mnt/nw/home/m.yu/repos/foundry/datasets/toxinpred3/train_neg.csv
train_neg_3102,0,/mnt/nw/home/m.yu/repos/foundry/datasets/toxinpred3/train_neg.csv
train_neg_3103,0,/mnt/nw/home/m.yu/repos/foundry/datasets/toxinpred3/train_neg.csv
train_neg_3104,0,/mnt/nw/home/m.yu/repos/foundry/datasets/toxinpred3/train_neg.csv
train_neg_3105,0,/mnt/nw/home/m.yu/repos/foundry/datasets/toxinpred3/train_neg.csv
train_neg_3106,0,/mnt/nw/home/m.yu/repos/foundry/datasets/toxinpred3/train_neg.csv
train_neg_3107,0,/mnt/nw/home/m.yu/repos/foundry/datasets/toxinpred3/train_neg.csv
train_neg_3108,0,/mnt/nw/home/m.yu/repos/foundry/datasets/toxinpred3/train_neg.csv
train_neg_3109,0,/mnt/nw/home/m.yu/repos/foundry/datasets/toxinpred3/train_neg.csv
train_neg_3110,0,/mnt/nw/home/m.yu/repos/foundry/datasets/toxinpred3/train_neg.csv
train_neg_3111,0,/mnt/nw/home/m.yu/repos/foundry/datasets/toxinpred3/train_neg.csv
train_neg_3112,0,/mnt/nw/home/m.yu/repos/foundry/datasets/toxinpred3/train_neg.csv
train_neg_3113,0,/mnt/nw/home/m.yu/repos/foundry/datasets/toxinpred3/train_neg.csv
train_neg_3114,0,/mnt/nw/home/m.yu/repos/foundry/datasets/toxinpred3/train_neg.csv
train_neg_3115,0,/mnt/nw/home/m.yu/repos/foundry/datasets/toxinpred3/train_neg.csv
train_neg_3116,0,/mnt/nw/home/m.yu/repos/foundry/datasets/toxinpred3/train_neg.csv
train_neg_3117,0,/mnt/nw/home/m.yu/repos/foundry/datasets/toxinpred3/train_neg.csv
train_neg_3118,0,/mnt/nw/home/m.yu/repos/foundry/datasets/toxinpred3/train_neg.csv
train_neg_3119,0,/mnt/nw/home/m.yu/repos/foundry/datasets/toxinpred3/train_neg.csv
train_neg_3120,0,/mnt/nw/home/m.yu/repos/foundry/datasets/toxinpred3/train_neg.csv
train_neg_3121,0,/mnt/nw/home/m.yu/repos/foundry/datasets/toxinpred3/train_neg.csv
train_neg_3122,0,/mnt/nw/home/m.yu/repos/foundry/datasets/toxinpred3/train_neg.csv
train_neg_3123,0,/mnt/nw/home/m.yu/repos/foundry/datasets/toxinpred3/train_neg.csv
train_neg_3124,0,/mnt/nw/home/m.yu/repos/foundry/datasets/toxinpred3/train_neg.csv
train_neg_3125,0,/mnt/nw/home/m.yu/repos/foundry/datasets/toxinpred3/train_neg.csv
train_neg_3126,0,/mnt/nw/home/m.yu/repos/foundry/datasets/toxinpred3/train_neg.csv
train_neg_3127,0,/mnt/nw/home/m.yu/repos/foundry/datasets/toxinpred3/train_neg.csv
train_neg_3128,0,/mnt/nw/home/m.yu/repos/foundry/datasets/toxinpred3/train_neg.csv
train_neg_3129,0,/mnt/nw/home/m.yu/repos/foundry/datasets/toxinpred3/train_neg.csv
train_neg_3130,0,/mnt/nw/home/m.yu/repos/foundry/datasets/toxinpred3/train_neg.csv
train_neg_3131,0,/mnt/nw/home/m.yu/repos/foundry/datasets/toxinpred3/train_neg.csv
train_neg_3132,0,/mnt/nw/home/m.yu/repos/foundry/datasets/toxinpred3/train_neg.csv
train_neg_3133,0,/mnt/nw/home/m.yu/repos/foundry/datasets/toxinpred3/train_neg.csv
train_neg_3134,0,/mnt/nw/home/m.yu/repos/foundry/datasets/toxinpred3/train_neg.csv
train_neg_3135,0,/mnt/nw/home/m.yu/repos/foundry/datasets/toxinpred3/train_neg.csv
train_neg_3136,0,/mnt/nw/home/m.yu/repos/foundry/datasets/toxinpred3/train_neg.csv
train_neg_3137,0,/mnt/nw/home/m.yu/repos/foundry/datasets/toxinpred3/train_neg.csv
train_neg_3138,0,/mnt/nw/home/m.yu/repos/foundry/datasets/toxinpred3/train_neg.csv
train_neg_3139,0,/mnt/nw/home/m.yu/repos/foundry/datasets/toxinpred3/train_neg.csv
train_neg_3140,0,/mnt/nw/home/m.yu/repos/foundry/datasets/toxinpred3/train_neg.csv
train_neg_3141,0,/mnt/nw/home/m.yu/repos/foundry/datasets/toxinpred3/train_neg.csv
train_neg_3142,0,/mnt/nw/home/m.yu/repos/foundry/datasets/toxinpred3/train_neg.csv
train_neg_3143,0,/mnt/nw/home/m.yu/repos/foundry/datasets/toxinpred3/train_neg.csv
train_neg_3144,0,/mnt/nw/home/m.yu/repos/foundry/datasets/toxinpred3/train_neg.csv
train_neg_3145,0,/mnt/nw/home/m.yu/repos/foundry/datasets/toxinpred3/train_neg.csv
train_neg_3146,0,/mnt/nw/home/m.yu/repos/foundry/datasets/toxinpred3/train_neg.csv
train_neg_3147,0,/mnt/nw/home/m.yu/repos/foundry/datasets/toxinpred3/train_neg.csv
train_neg_3148,0,/mnt/nw/home/m.yu/repos/foundry/datasets/toxinpred3/train_neg.csv
train_neg_3149,0,/mnt/nw/home/m.yu/repos/foundry/datasets/toxinpred3/train_neg.csv
train_neg_3150,0,/mnt/nw/home/m.yu/repos/foundry/datasets/toxinpred3/train_neg.csv
train_neg_3151,0,/mnt/nw/home/m.yu/repos/foundry/datasets/toxinpred3/train_neg.csv
train_neg_3152,0,/mnt/nw/home/m.yu/repos/foundry/datasets/toxinpred3/train_neg.csv
train_neg_3153,0,/mnt/nw/home/m.yu/repos/foundry/datasets/toxinpred3/train_neg.csv
train_neg_3154,0,/mnt/nw/home/m.yu/repos/foundry/datasets/toxinpred3/train_neg.csv
train_neg_3155,0,/mnt/nw/home/m.yu/repos/foundry/datasets/toxinpred3/train_neg.csv
train_neg_3156,0,/mnt/nw/home/m.yu/repos/foundry/datasets/toxinpred3/train_neg.csv
train_neg_3157,0,/mnt/nw/home/m.yu/repos/foundry/datasets/toxinpred3/train_neg.csv
train_neg_3158,0,/mnt/nw/home/m.yu/repos/foundry/datasets/toxinpred3/train_neg.csv
train_neg_3159,0,/mnt/nw/home/m.yu/repos/foundry/datasets/toxinpred3/train_neg.csv
train_neg_3160,0,/mnt/nw/home/m.yu/repos/foundry/datasets/toxinpred3/train_neg.csv
train_neg_3161,0,/mnt/nw/home/m.yu/repos/foundry/datasets/toxinpred3/train_neg.csv
train_neg_3162,0,/mnt/nw/home/m.yu/repos/foundry/datasets/toxinpred3/train_neg.csv
train_neg_3163,0,/mnt/nw/home/m.yu/repos/foundry/datasets/toxinpred3/train_neg.csv
train_neg_3164,0,/mnt/nw/home/m.yu/repos/foundry/datasets/toxinpred3/train_neg.csv
train_neg_3165,0,/mnt/nw/home/m.yu/repos/foundry/datasets/toxinpred3/train_neg.csv
train_neg_3166,0,/mnt/nw/home/m.yu/repos/foundry/datasets/toxinpred3/train_neg.csv
train_neg_3167,0,/mnt/nw/home/m.yu/repos/foundry/datasets/toxinpred3/train_neg.csv
train_neg_3168,0,/mnt/nw/home/m.yu/repos/foundry/datasets/toxinpred3/train_neg.csv
train_neg_3169,0,/mnt/nw/home/m.yu/repos/foundry/datasets/toxinpred3/train_neg.csv
train_neg_3170,0,/mnt/nw/home/m.yu/repos/foundry/datasets/toxinpred3/train_neg.csv
train_neg_3171,0,/mnt/nw/home/m.yu/repos/foundry/datasets/toxinpred3/train_neg.csv
train_neg_3172,0,/mnt/nw/home/m.yu/repos/foundry/datasets/toxinpred3/train_neg.csv
train_neg_3173,0,/mnt/nw/home/m.yu/repos/foundry/datasets/toxinpred3/train_neg.csv
train_neg_3174,0,/mnt/nw/home/m.yu/repos/foundry/datasets/toxinpred3/train_neg.csv
train_neg_3175,0,/mnt/nw/home/m.yu/repos/foundry/datasets/toxinpred3/train_neg.csv
train_neg_3176,0,/mnt/nw/home/m.yu/repos/foundry/datasets/toxinpred3/train_neg.csv
train_neg_3177,0,/mnt/nw/home/m.yu/repos/foundry/datasets/toxinpred3/train_neg.csv
train_neg_3178,0,/mnt/nw/home/m.yu/repos/foundry/datasets/toxinpred3/train_neg.csv
train_neg_3179,0,/mnt/nw/home/m.yu/repos/foundry/datasets/toxinpred3/train_neg.csv
train_neg_3180,0,/mnt/nw/home/m.yu/repos/foundry/datasets/toxinpred3/train_neg.csv
train_neg_3181,0,/mnt/nw/home/m.yu/repos/foundry/datasets/toxinpred3/train_neg.csv
train_neg_3182,0,/mnt/nw/home/m.yu/repos/foundry/datasets/toxinpred3/train_neg.csv
train_neg_3183,0,/mnt/nw/home/m.yu/repos/foundry/datasets/toxinpred3/train_neg.csv
train_neg_3184,0,/mnt/nw/home/m.yu/repos/foundry/datasets/toxinpred3/train_neg.csv
train_neg_3185,0,/mnt/nw/home/m.yu/repos/foundry/datasets/toxinpred3/train_neg.csv
train_neg_3186,0,/mnt/nw/home/m.yu/repos/foundry/datasets/toxinpred3/train_neg.csv
train_neg_3187,0,/mnt/nw/home/m.yu/repos/foundry/datasets/toxinpred3/train_neg.csv
train_neg_3188,0,/mnt/nw/home/m.yu/repos/foundry/datasets/toxinpred3/train_neg.csv
train_neg_3189,0,/mnt/nw/home/m.yu/repos/foundry/datasets/toxinpred3/train_neg.csv
train_neg_3190,0,/mnt/nw/home/m.yu/repos/foundry/datasets/toxinpred3/train_neg.csv
train_neg_3191,0,/mnt/nw/home/m.yu/repos/foundry/datasets/toxinpred3/train_neg.csv
train_neg_3192,0,/mnt/nw/home/m.yu/repos/foundry/datasets/toxinpred3/train_neg.csv
train_neg_3193,0,/mnt/nw/home/m.yu/repos/foundry/datasets/toxinpred3/train_neg.csv
train_neg_3194,0,/mnt/nw/home/m.yu/repos/foundry/datasets/toxinpred3/train_neg.csv
train_neg_3195,0,/mnt/nw/home/m.yu/repos/foundry/datasets/toxinpred3/train_neg.csv
train_neg_3196,0,/mnt/nw/home/m.yu/repos/foundry/datasets/toxinpred3/train_neg.csv
train_neg_3197,0,/mnt/nw/home/m.yu/repos/foundry/datasets/toxinpred3/train_neg.csv
train_neg_3198,0,/mnt/nw/home/m.yu/repos/foundry/datasets/toxinpred3/train_neg.csv
train_neg_3199,0,/mnt/nw/home/m.yu/repos/foundry/datasets/toxinpred3/train_neg.csv
train_neg_3200,0,/mnt/nw/home/m.yu/repos/foundry/datasets/toxinpred3/train_neg.csv
train_neg_3201,0,/mnt/nw/home/m.yu/repos/foundry/datasets/toxinpred3/train_neg.csv
train_neg_3202,0,/mnt/nw/home/m.yu/repos/foundry/datasets/toxinpred3/train_neg.csv
train_neg_3203,0,/mnt/nw/home/m.yu/repos/foundry/datasets/toxinpred3/train_neg.csv
train_neg_3204,0,/mnt/nw/home/m.yu/repos/foundry/datasets/toxinpred3/train_neg.csv
train_neg_3205,0,/mnt/nw/home/m.yu/repos/foundry/datasets/toxinpred3/train_neg.csv
train_neg_3206,0,/mnt/nw/home/m.yu/repos/foundry/datasets/toxinpred3/train_neg.csv
train_neg_3207,0,/mnt/nw/home/m.yu/repos/foundry/datasets/toxinpred3/train_neg.csv
train_neg_3208,0,/mnt/nw/home/m.yu/repos/foundry/datasets/toxinpred3/train_neg.csv
train_neg_3209,0,/mnt/nw/home/m.yu/repos/foundry/datasets/toxinpred3/train_neg.csv
train_neg_3210,0,/mnt/nw/home/m.yu/repos/foundry/datasets/toxinpred3/train_neg.csv
train_neg_3211,0,/mnt/nw/home/m.yu/repos/foundry/datasets/toxinpred3/train_neg.csv
train_neg_3212,0,/mnt/nw/home/m.yu/repos/foundry/datasets/toxinpred3/train_neg.csv
train_neg_3213,0,/mnt/nw/home/m.yu/repos/foundry/datasets/toxinpred3/train_neg.csv
train_neg_3214,0,/mnt/nw/home/m.yu/repos/foundry/datasets/toxinpred3/train_neg.csv
train_neg_3215,0,/mnt/nw/home/m.yu/repos/foundry/datasets/toxinpred3/train_neg.csv
train_neg_3216,0,/mnt/nw/home/m.yu/repos/foundry/datasets/toxinpred3/train_neg.csv
train_neg_3217,0,/mnt/nw/home/m.yu/repos/foundry/datasets/toxinpred3/train_neg.csv
train_neg_3218,0,/mnt/nw/home/m.yu/repos/foundry/datasets/toxinpred3/train_neg.csv
train_neg_3219,0,/mnt/nw/home/m.yu/repos/foundry/datasets/toxinpred3/train_neg.csv
train_neg_3220,0,/mnt/nw/home/m.yu/repos/foundry/datasets/toxinpred3/train_neg.csv
train_neg_3221,0,/mnt/nw/home/m.yu/repos/foundry/datasets/toxinpred3/train_neg.csv
train_neg_3222,0,/mnt/nw/home/m.yu/repos/foundry/datasets/toxinpred3/train_neg.csv
train_neg_3223,0,/mnt/nw/home/m.yu/repos/foundry/datasets/toxinpred3/train_neg.csv
train_neg_3224,0,/mnt/nw/home/m.yu/repos/foundry/datasets/toxinpred3/train_neg.csv
train_neg_3225,0,/mnt/nw/home/m.yu/repos/foundry/datasets/toxinpred3/train_neg.csv
train_neg_3226,0,/mnt/nw/home/m.yu/repos/foundry/datasets/toxinpred3/train_neg.csv
train_neg_3227,0,/mnt/nw/home/m.yu/repos/foundry/datasets/toxinpred3/train_neg.csv
train_neg_3228,0,/mnt/nw/home/m.yu/repos/foundry/datasets/toxinpred3/train_neg.csv
train_neg_3229,0,/mnt/nw/home/m.yu/repos/foundry/datasets/toxinpred3/train_neg.csv
train_neg_3230,0,/mnt/nw/home/m.yu/repos/foundry/datasets/toxinpred3/train_neg.csv
train_neg_3231,0,/mnt/nw/home/m.yu/repos/foundry/datasets/toxinpred3/train_neg.csv
train_neg_3232,0,/mnt/nw/home/m.yu/repos/foundry/datasets/toxinpred3/train_neg.csv
train_neg_3233,0,/mnt/nw/home/m.yu/repos/foundry/datasets/toxinpred3/train_neg.csv
train_neg_3234,0,/mnt/nw/home/m.yu/repos/foundry/datasets/toxinpred3/train_neg.csv
train_neg_3235,0,/mnt/nw/home/m.yu/repos/foundry/datasets/toxinpred3/train_neg.csv
train_neg_3236,0,/mnt/nw/home/m.yu/repos/foundry/datasets/toxinpred3/train_neg.csv
train_neg_3237,0,/mnt/nw/home/m.yu/repos/foundry/datasets/toxinpred3/train_neg.csv
train_neg_3238,0,/mnt/nw/home/m.yu/repos/foundry/datasets/toxinpred3/train_neg.csv
train_neg_3239,0,/mnt/nw/home/m.yu/repos/foundry/datasets/toxinpred3/train_neg.csv
train_neg_3240,0,/mnt/nw/home/m.yu/repos/foundry/datasets/toxinpred3/train_neg.csv
train_neg_3241,0,/mnt/nw/home/m.yu/repos/foundry/datasets/toxinpred3/train_neg.csv
train_neg_3242,0,/mnt/nw/home/m.yu/repos/foundry/datasets/toxinpred3/train_neg.csv
train_neg_3243,0,/mnt/nw/home/m.yu/repos/foundry/datasets/toxinpred3/train_neg.csv
train_neg_3244,0,/mnt/nw/home/m.yu/repos/foundry/datasets/toxinpred3/train_neg.csv
train_neg_3245,0,/mnt/nw/home/m.yu/repos/foundry/datasets/toxinpred3/train_neg.csv
train_neg_3246,0,/mnt/nw/home/m.yu/repos/foundry/datasets/toxinpred3/train_neg.csv
train_neg_3247,0,/mnt/nw/home/m.yu/repos/foundry/datasets/toxinpred3/train_neg.csv
train_neg_3248,0,/mnt/nw/home/m.yu/repos/foundry/datasets/toxinpred3/train_neg.csv
train_neg_3249,0,/mnt/nw/home/m.yu/repos/foundry/datasets/toxinpred3/train_neg.csv
train_neg_3250,0,/mnt/nw/home/m.yu/repos/foundry/datasets/toxinpred3/train_neg.csv
train_neg_3251,0,/mnt/nw/home/m.yu/repos/foundry/datasets/toxinpred3/train_neg.csv
train_neg_3252,0,/mnt/nw/home/m.yu/repos/foundry/datasets/toxinpred3/train_neg.csv
train_neg_3253,0,/mnt/nw/home/m.yu/repos/foundry/datasets/toxinpred3/train_neg.csv
train_neg_3254,0,/mnt/nw/home/m.yu/repos/foundry/datasets/toxinpred3/train_neg.csv
train_neg_3255,0,/mnt/nw/home/m.yu/repos/foundry/datasets/toxinpred3/train_neg.csv
train_neg_3256,0,/mnt/nw/home/m.yu/repos/foundry/datasets/toxinpred3/train_neg.csv
train_neg_3257,0,/mnt/nw/home/m.yu/repos/foundry/datasets/toxinpred3/train_neg.csv
train_neg_3258,0,/mnt/nw/home/m.yu/repos/foundry/datasets/toxinpred3/train_neg.csv
train_neg_3259,0,/mnt/nw/home/m.yu/repos/foundry/datasets/toxinpred3/train_neg.csv
train_neg_3260,0,/mnt/nw/home/m.yu/repos/foundry/datasets/toxinpred3/train_neg.csv
train_neg_3261,0,/mnt/nw/home/m.yu/repos/foundry/datasets/toxinpred3/train_neg.csv
train_neg_3262,0,/mnt/nw/home/m.yu/repos/foundry/datasets/toxinpred3/train_neg.csv
train_neg_3263,0,/mnt/nw/home/m.yu/repos/foundry/datasets/toxinpred3/train_neg.csv
train_neg_3264,0,/mnt/nw/home/m.yu/repos/foundry/datasets/toxinpred3/train_neg.csv
train_neg_3265,0,/mnt/nw/home/m.yu/repos/foundry/datasets/toxinpred3/train_neg.csv
train_neg_3266,0,/mnt/nw/home/m.yu/repos/foundry/datasets/toxinpred3/train_neg.csv
train_neg_3267,0,/mnt/nw/home/m.yu/repos/foundry/datasets/toxinpred3/train_neg.csv
train_neg_3268,0,/mnt/nw/home/m.yu/repos/foundry/datasets/toxinpred3/train_neg.csv
train_neg_3269,0,/mnt/nw/home/m.yu/repos/foundry/datasets/toxinpred3/train_neg.csv
train_neg_3270,0,/mnt/nw/home/m.yu/repos/foundry/datasets/toxinpred3/train_neg.csv
train_neg_3271,0,/mnt/nw/home/m.yu/repos/foundry/datasets/toxinpred3/train_neg.csv
train_neg_3272,0,/mnt/nw/home/m.yu/repos/foundry/datasets/toxinpred3/train_neg.csv
train_neg_3273,0,/mnt/nw/home/m.yu/repos/foundry/datasets/toxinpred3/train_neg.csv
train_neg_3274,0,/mnt/nw/home/m.yu/repos/foundry/datasets/toxinpred3/train_neg.csv
train_neg_3275,0,/mnt/nw/home/m.yu/repos/foundry/datasets/toxinpred3/train_neg.csv
train_neg_3276,0,/mnt/nw/home/m.yu/repos/foundry/datasets/toxinpred3/train_neg.csv
train_neg_3277,0,/mnt/nw/home/m.yu/repos/foundry/datasets/toxinpred3/train_neg.csv
train_neg_3278,0,/mnt/nw/home/m.yu/repos/foundry/datasets/toxinpred3/train_neg.csv
train_neg_3279,0,/mnt/nw/home/m.yu/repos/foundry/datasets/toxinpred3/train_neg.csv
train_neg_3280,0,/mnt/nw/home/m.yu/repos/foundry/datasets/toxinpred3/train_neg.csv
train_neg_3281,0,/mnt/nw/home/m.yu/repos/foundry/datasets/toxinpred3/train_neg.csv
train_neg_3282,0,/mnt/nw/home/m.yu/repos/foundry/datasets/toxinpred3/train_neg.csv
train_neg_3283,0,/mnt/nw/home/m.yu/repos/foundry/datasets/toxinpred3/train_neg.csv
train_neg_3284,0,/mnt/nw/home/m.yu/repos/foundry/datasets/toxinpred3/train_neg.csv
train_neg_3285,0,/mnt/nw/home/m.yu/repos/foundry/datasets/toxinpred3/train_neg.csv
train_neg_3286,0,/mnt/nw/home/m.yu/repos/foundry/datasets/toxinpred3/train_neg.csv
train_neg_3287,0,/mnt/nw/home/m.yu/repos/foundry/datasets/toxinpred3/train_neg.csv
train_neg_3288,0,/mnt/nw/home/m.yu/repos/foundry/datasets/toxinpred3/train_neg.csv
train_neg_3289,0,/mnt/nw/home/m.yu/repos/foundry/datasets/toxinpred3/train_neg.csv
train_neg_3290,0,/mnt/nw/home/m.yu/repos/foundry/datasets/toxinpred3/train_neg.csv
train_neg_3291,0,/mnt/nw/home/m.yu/repos/foundry/datasets/toxinpred3/train_neg.csv
train_neg_3292,0,/mnt/nw/home/m.yu/repos/foundry/datasets/toxinpred3/train_neg.csv
train_neg_3293,0,/mnt/nw/home/m.yu/repos/foundry/datasets/toxinpred3/train_neg.csv
train_neg_3294,0,/mnt/nw/home/m.yu/repos/foundry/datasets/toxinpred3/train_neg.csv
train_neg_3295,0,/mnt/nw/home/m.yu/repos/foundry/datasets/toxinpred3/train_neg.csv
train_neg_3296,0,/mnt/nw/home/m.yu/repos/foundry/datasets/toxinpred3/train_neg.csv
train_neg_3297,0,/mnt/nw/home/m.yu/repos/foundry/datasets/toxinpred3/train_neg.csv
train_neg_3298,0,/mnt/nw/home/m.yu/repos/foundry/datasets/toxinpred3/train_neg.csv
train_neg_3299,0,/mnt/nw/home/m.yu/repos/foundry/datasets/toxinpred3/train_neg.csv
train_neg_3300,0,/mnt/nw/home/m.yu/repos/foundry/datasets/toxinpred3/train_neg.csv
train_neg_3301,0,/mnt/nw/home/m.yu/repos/foundry/datasets/toxinpred3/train_neg.csv
train_neg_3302,0,/mnt/nw/home/m.yu/repos/foundry/datasets/toxinpred3/train_neg.csv
train_neg_3303,0,/mnt/nw/home/m.yu/repos/foundry/datasets/toxinpred3/train_neg.csv
train_neg_3304,0,/mnt/nw/home/m.yu/repos/foundry/datasets/toxinpred3/train_neg.csv
train_neg_3305,0,/mnt/nw/home/m.yu/repos/foundry/datasets/toxinpred3/train_neg.csv
train_neg_3306,0,/mnt/nw/home/m.yu/repos/foundry/datasets/toxinpred3/train_neg.csv
train_neg_3307,0,/mnt/nw/home/m.yu/repos/foundry/datasets/toxinpred3/train_neg.csv
train_neg_3308,0,/mnt/nw/home/m.yu/repos/foundry/datasets/toxinpred3/train_neg.csv
train_neg_3309,0,/mnt/nw/home/m.yu/repos/foundry/datasets/toxinpred3/train_neg.csv
train_neg_3310,0,/mnt/nw/home/m.yu/repos/foundry/datasets/toxinpred3/train_neg.csv
train_neg_3311,0,/mnt/nw/home/m.yu/repos/foundry/datasets/toxinpred3/train_neg.csv
train_neg_3312,0,/mnt/nw/home/m.yu/repos/foundry/datasets/toxinpred3/train_neg.csv
train_neg_3313,0,/mnt/nw/home/m.yu/repos/foundry/datasets/toxinpred3/train_neg.csv
train_neg_3314,0,/mnt/nw/home/m.yu/repos/foundry/datasets/toxinpred3/train_neg.csv
train_neg_3315,0,/mnt/nw/home/m.yu/repos/foundry/datasets/toxinpred3/train_neg.csv
train_neg_3316,0,/mnt/nw/home/m.yu/repos/foundry/datasets/toxinpred3/train_neg.csv
train_neg_3317,0,/mnt/nw/home/m.yu/repos/foundry/datasets/toxinpred3/train_neg.csv
train_neg_3318,0,/mnt/nw/home/m.yu/repos/foundry/datasets/toxinpred3/train_neg.csv
train_neg_3319,0,/mnt/nw/home/m.yu/repos/foundry/datasets/toxinpred3/train_neg.csv
train_neg_3320,0,/mnt/nw/home/m.yu/repos/foundry/datasets/toxinpred3/train_neg.csv
train_neg_3321,0,/mnt/nw/home/m.yu/repos/foundry/datasets/toxinpred3/train_neg.csv
train_neg_3322,0,/mnt/nw/home/m.yu/repos/foundry/datasets/toxinpred3/train_neg.csv
train_neg_3323,0,/mnt/nw/home/m.yu/repos/foundry/datasets/toxinpred3/train_neg.csv
train_neg_3324,0,/mnt/nw/home/m.yu/repos/foundry/datasets/toxinpred3/train_neg.csv
train_neg_3325,0,/mnt/nw/home/m.yu/repos/foundry/datasets/toxinpred3/train_neg.csv
train_neg_3326,0,/mnt/nw/home/m.yu/repos/foundry/datasets/toxinpred3/train_neg.csv
train_neg_3327,0,/mnt/nw/home/m.yu/repos/foundry/datasets/toxinpred3/train_neg.csv
train_neg_3328,0,/mnt/nw/home/m.yu/repos/foundry/datasets/toxinpred3/train_neg.csv
train_neg_3329,0,/mnt/nw/home/m.yu/repos/foundry/datasets/toxinpred3/train_neg.csv
train_neg_3330,0,/mnt/nw/home/m.yu/repos/foundry/datasets/toxinpred3/train_neg.csv
train_neg_3331,0,/mnt/nw/home/m.yu/repos/foundry/datasets/toxinpred3/train_neg.csv
train_neg_3332,0,/mnt/nw/home/m.yu/repos/foundry/datasets/toxinpred3/train_neg.csv
train_neg_3333,0,/mnt/nw/home/m.yu/repos/foundry/datasets/toxinpred3/train_neg.csv
train_neg_3334,0,/mnt/nw/home/m.yu/repos/foundry/datasets/toxinpred3/train_neg.csv
train_neg_3335,0,/mnt/nw/home/m.yu/repos/foundry/datasets/toxinpred3/train_neg.csv
train_neg_3336,0,/mnt/nw/home/m.yu/repos/foundry/datasets/toxinpred3/train_neg.csv
train_neg_3337,0,/mnt/nw/home/m.yu/repos/foundry/datasets/toxinpred3/train_neg.csv
train_neg_3338,0,/mnt/nw/home/m.yu/repos/foundry/datasets/toxinpred3/train_neg.csv
train_neg_3339,0,/mnt/nw/home/m.yu/repos/foundry/datasets/toxinpred3/train_neg.csv
train_neg_3340,0,/mnt/nw/home/m.yu/repos/foundry/datasets/toxinpred3/train_neg.csv
train_neg_3341,0,/mnt/nw/home/m.yu/repos/foundry/datasets/toxinpred3/train_neg.csv
train_neg_3342,0,/mnt/nw/home/m.yu/repos/foundry/datasets/toxinpred3/train_neg.csv
train_neg_3343,0,/mnt/nw/home/m.yu/repos/foundry/datasets/toxinpred3/train_neg.csv
train_neg_3344,0,/mnt/nw/home/m.yu/repos/foundry/datasets/toxinpred3/train_neg.csv
train_neg_3345,0,/mnt/nw/home/m.yu/repos/foundry/datasets/toxinpred3/train_neg.csv
train_neg_3346,0,/mnt/nw/home/m.yu/repos/foundry/datasets/toxinpred3/train_neg.csv
train_neg_3347,0,/mnt/nw/home/m.yu/repos/foundry/datasets/toxinpred3/train_neg.csv
train_neg_3348,0,/mnt/nw/home/m.yu/repos/foundry/datasets/toxinpred3/train_neg.csv
train_neg_3349,0,/mnt/nw/home/m.yu/repos/foundry/datasets/toxinpred3/train_neg.csv
train_neg_3350,0,/mnt/nw/home/m.yu/repos/foundry/datasets/toxinpred3/train_neg.csv
train_neg_3351,0,/mnt/nw/home/m.yu/repos/foundry/datasets/toxinpred3/train_neg.csv
train_neg_3352,0,/mnt/nw/home/m.yu/repos/foundry/datasets/toxinpred3/train_neg.csv
train_neg_3353,0,/mnt/nw/home/m.yu/repos/foundry/datasets/toxinpred3/train_neg.csv
train_neg_3354,0,/mnt/nw/home/m.yu/repos/foundry/datasets/toxinpred3/train_neg.csv
train_neg_3355,0,/mnt/nw/home/m.yu/repos/foundry/datasets/toxinpred3/train_neg.csv
train_neg_3356,0,/mnt/nw/home/m.yu/repos/foundry/datasets/toxinpred3/train_neg.csv
train_neg_3357,0,/mnt/nw/home/m.yu/repos/foundry/datasets/toxinpred3/train_neg.csv
train_neg_3358,0,/mnt/nw/home/m.yu/repos/foundry/datasets/toxinpred3/train_neg.csv
train_neg_3359,0,/mnt/nw/home/m.yu/repos/foundry/datasets/toxinpred3/train_neg.csv
train_neg_3360,0,/mnt/nw/home/m.yu/repos/foundry/datasets/toxinpred3/train_neg.csv
train_neg_3361,0,/mnt/nw/home/m.yu/repos/foundry/datasets/toxinpred3/train_neg.csv
train_neg_3362,0,/mnt/nw/home/m.yu/repos/foundry/datasets/toxinpred3/train_neg.csv
train_neg_3363,0,/mnt/nw/home/m.yu/repos/foundry/datasets/toxinpred3/train_neg.csv
train_neg_3364,0,/mnt/nw/home/m.yu/repos/foundry/datasets/toxinpred3/train_neg.csv
train_neg_3365,0,/mnt/nw/home/m.yu/repos/foundry/datasets/toxinpred3/train_neg.csv
train_neg_3366,0,/mnt/nw/home/m.yu/repos/foundry/datasets/toxinpred3/train_neg.csv
train_neg_3367,0,/mnt/nw/home/m.yu/repos/foundry/datasets/toxinpred3/train_neg.csv
train_neg_3368,0,/mnt/nw/home/m.yu/repos/foundry/datasets/toxinpred3/train_neg.csv
train_neg_3369,0,/mnt/nw/home/m.yu/repos/foundry/datasets/toxinpred3/train_neg.csv
train_neg_3370,0,/mnt/nw/home/m.yu/repos/foundry/datasets/toxinpred3/train_neg.csv
train_neg_3371,0,/mnt/nw/home/m.yu/repos/foundry/datasets/toxinpred3/train_neg.csv
train_neg_3372,0,/mnt/nw/home/m.yu/repos/foundry/datasets/toxinpred3/train_neg.csv
train_neg_3373,0,/mnt/nw/home/m.yu/repos/foundry/datasets/toxinpred3/train_neg.csv
train_neg_3374,0,/mnt/nw/home/m.yu/repos/foundry/datasets/toxinpred3/train_neg.csv
train_neg_3375,0,/mnt/nw/home/m.yu/repos/foundry/datasets/toxinpred3/train_neg.csv
train_neg_3376,0,/mnt/nw/home/m.yu/repos/foundry/datasets/toxinpred3/train_neg.csv
train_neg_3377,0,/mnt/nw/home/m.yu/repos/foundry/datasets/toxinpred3/train_neg.csv
train_neg_3378,0,/mnt/nw/home/m.yu/repos/foundry/datasets/toxinpred3/train_neg.csv
train_neg_3379,0,/mnt/nw/home/m.yu/repos/foundry/datasets/toxinpred3/train_neg.csv
train_neg_3380,0,/mnt/nw/home/m.yu/repos/foundry/datasets/toxinpred3/train_neg.csv
train_neg_3381,0,/mnt/nw/home/m.yu/repos/foundry/datasets/toxinpred3/train_neg.csv
train_neg_3382,0,/mnt/nw/home/m.yu/repos/foundry/datasets/toxinpred3/train_neg.csv
train_neg_3383,0,/mnt/nw/home/m.yu/repos/foundry/datasets/toxinpred3/train_neg.csv
train_neg_3384,0,/mnt/nw/home/m.yu/repos/foundry/datasets/toxinpred3/train_neg.csv
train_neg_3385,0,/mnt/nw/home/m.yu/repos/foundry/datasets/toxinpred3/train_neg.csv
train_neg_3386,0,/mnt/nw/home/m.yu/repos/foundry/datasets/toxinpred3/train_neg.csv
train_neg_3387,0,/mnt/nw/home/m.yu/repos/foundry/datasets/toxinpred3/train_neg.csv
train_neg_3388,0,/mnt/nw/home/m.yu/repos/foundry/datasets/toxinpred3/train_neg.csv
train_neg_3389,0,/mnt/nw/home/m.yu/repos/foundry/datasets/toxinpred3/train_neg.csv
train_neg_3390,0,/mnt/nw/home/m.yu/repos/foundry/datasets/toxinpred3/train_neg.csv
train_neg_3391,0,/mnt/nw/home/m.yu/repos/foundry/datasets/toxinpred3/train_neg.csv
train_neg_3392,0,/mnt/nw/home/m.yu/repos/foundry/datasets/toxinpred3/train_neg.csv
train_neg_3393,0,/mnt/nw/home/m.yu/repos/foundry/datasets/toxinpred3/train_neg.csv
train_neg_3394,0,/mnt/nw/home/m.yu/repos/foundry/datasets/toxinpred3/train_neg.csv
train_neg_3395,0,/mnt/nw/home/m.yu/repos/foundry/datasets/toxinpred3/train_neg.csv
train_neg_3396,0,/mnt/nw/home/m.yu/repos/foundry/datasets/toxinpred3/train_neg.csv
train_neg_3397,0,/mnt/nw/home/m.yu/repos/foundry/datasets/toxinpred3/train_neg.csv
train_neg_3398,0,/mnt/nw/home/m.yu/repos/foundry/datasets/toxinpred3/train_neg.csv
train_neg_3399,0,/mnt/nw/home/m.yu/repos/foundry/datasets/toxinpred3/train_neg.csv
train_neg_3400,0,/mnt/nw/home/m.yu/repos/foundry/datasets/toxinpred3/train_neg.csv
train_neg_3401,0,/mnt/nw/home/m.yu/repos/foundry/datasets/toxinpred3/train_neg.csv
train_neg_3402,0,/mnt/nw/home/m.yu/repos/foundry/datasets/toxinpred3/train_neg.csv
train_neg_3403,0,/mnt/nw/home/m.yu/repos/foundry/datasets/toxinpred3/train_neg.csv
train_neg_3404,0,/mnt/nw/home/m.yu/repos/foundry/datasets/toxinpred3/train_neg.csv
train_neg_3405,0,/mnt/nw/home/m.yu/repos/foundry/datasets/toxinpred3/train_neg.csv
train_neg_3406,0,/mnt/nw/home/m.yu/repos/foundry/datasets/toxinpred3/train_neg.csv
train_neg_3407,0,/mnt/nw/home/m.yu/repos/foundry/datasets/toxinpred3/train_neg.csv
train_neg_3408,0,/mnt/nw/home/m.yu/repos/foundry/datasets/toxinpred3/train_neg.csv
train_neg_3409,0,/mnt/nw/home/m.yu/repos/foundry/datasets/toxinpred3/train_neg.csv
train_neg_3410,0,/mnt/nw/home/m.yu/repos/foundry/datasets/toxinpred3/train_neg.csv
train_neg_3411,0,/mnt/nw/home/m.yu/repos/foundry/datasets/toxinpred3/train_neg.csv
train_neg_3412,0,/mnt/nw/home/m.yu/repos/foundry/datasets/toxinpred3/train_neg.csv
train_neg_3413,0,/mnt/nw/home/m.yu/repos/foundry/datasets/toxinpred3/train_neg.csv
train_neg_3414,0,/mnt/nw/home/m.yu/repos/foundry/datasets/toxinpred3/train_neg.csv
train_neg_3415,0,/mnt/nw/home/m.yu/repos/foundry/datasets/toxinpred3/train_neg.csv
train_neg_3416,0,/mnt/nw/home/m.yu/repos/foundry/datasets/toxinpred3/train_neg.csv
train_neg_3417,0,/mnt/nw/home/m.yu/repos/foundry/datasets/toxinpred3/train_neg.csv
train_neg_3418,0,/mnt/nw/home/m.yu/repos/foundry/datasets/toxinpred3/train_neg.csv
train_neg_3419,0,/mnt/nw/home/m.yu/repos/foundry/datasets/toxinpred3/train_neg.csv
train_neg_3420,0,/mnt/nw/home/m.yu/repos/foundry/datasets/toxinpred3/train_neg.csv
train_neg_3421,0,/mnt/nw/home/m.yu/repos/foundry/datasets/toxinpred3/train_neg.csv
train_neg_3422,0,/mnt/nw/home/m.yu/repos/foundry/datasets/toxinpred3/train_neg.csv
train_neg_3423,0,/mnt/nw/home/m.yu/repos/foundry/datasets/toxinpred3/train_neg.csv
train_neg_3424,0,/mnt/nw/home/m.yu/repos/foundry/datasets/toxinpred3/train_neg.csv
train_neg_3425,0,/mnt/nw/home/m.yu/repos/foundry/datasets/toxinpred3/train_neg.csv
train_neg_3426,0,/mnt/nw/home/m.yu/repos/foundry/datasets/toxinpred3/train_neg.csv
train_neg_3427,0,/mnt/nw/home/m.yu/repos/foundry/datasets/toxinpred3/train_neg.csv
train_neg_3428,0,/mnt/nw/home/m.yu/repos/foundry/datasets/toxinpred3/train_neg.csv
train_neg_3429,0,/mnt/nw/home/m.yu/repos/foundry/datasets/toxinpred3/train_neg.csv
train_neg_3430,0,/mnt/nw/home/m.yu/repos/foundry/datasets/toxinpred3/train_neg.csv
train_neg_3431,0,/mnt/nw/home/m.yu/repos/foundry/datasets/toxinpred3/train_neg.csv
train_neg_3432,0,/mnt/nw/home/m.yu/repos/foundry/datasets/toxinpred3/train_neg.csv
train_neg_3433,0,/mnt/nw/home/m.yu/repos/foundry/datasets/toxinpred3/train_neg.csv
train_neg_3434,0,/mnt/nw/home/m.yu/repos/foundry/datasets/toxinpred3/train_neg.csv
train_neg_3435,0,/mnt/nw/home/m.yu/repos/foundry/datasets/toxinpred3/train_neg.csv
train_neg_3436,0,/mnt/nw/home/m.yu/repos/foundry/datasets/toxinpred3/train_neg.csv
train_neg_3437,0,/mnt/nw/home/m.yu/repos/foundry/datasets/toxinpred3/train_neg.csv
train_neg_3438,0,/mnt/nw/home/m.yu/repos/foundry/datasets/toxinpred3/train_neg.csv
train_neg_3439,0,/mnt/nw/home/m.yu/repos/foundry/datasets/toxinpred3/train_neg.csv
train_neg_3440,0,/mnt/nw/home/m.yu/repos/foundry/datasets/toxinpred3/train_neg.csv
train_neg_3441,0,/mnt/nw/home/m.yu/repos/foundry/datasets/toxinpred3/train_neg.csv
train_neg_3442,0,/mnt/nw/home/m.yu/repos/foundry/datasets/toxinpred3/train_neg.csv
train_neg_3443,0,/mnt/nw/home/m.yu/repos/foundry/datasets/toxinpred3/train_neg.csv
train_neg_3444,0,/mnt/nw/home/m.yu/repos/foundry/datasets/toxinpred3/train_neg.csv
train_neg_3445,0,/mnt/nw/home/m.yu/repos/foundry/datasets/toxinpred3/train_neg.csv
train_neg_3446,0,/mnt/nw/home/m.yu/repos/foundry/datasets/toxinpred3/train_neg.csv
train_neg_3447,0,/mnt/nw/home/m.yu/repos/foundry/datasets/toxinpred3/train_neg.csv
train_neg_3448,0,/mnt/nw/home/m.yu/repos/foundry/datasets/toxinpred3/train_neg.csv
train_neg_3449,0,/mnt/nw/home/m.yu/repos/foundry/datasets/toxinpred3/train_neg.csv
train_neg_3450,0,/mnt/nw/home/m.yu/repos/foundry/datasets/toxinpred3/train_neg.csv
train_neg_3451,0,/mnt/nw/home/m.yu/repos/foundry/datasets/toxinpred3/train_neg.csv
train_neg_3452,0,/mnt/nw/home/m.yu/repos/foundry/datasets/toxinpred3/train_neg.csv
train_neg_3453,0,/mnt/nw/home/m.yu/repos/foundry/datasets/toxinpred3/train_neg.csv
train_neg_3454,0,/mnt/nw/home/m.yu/repos/foundry/datasets/toxinpred3/train_neg.csv
train_neg_3455,0,/mnt/nw/home/m.yu/repos/foundry/datasets/toxinpred3/train_neg.csv
train_neg_3456,0,/mnt/nw/home/m.yu/repos/foundry/datasets/toxinpred3/train_neg.csv
train_neg_3457,0,/mnt/nw/home/m.yu/repos/foundry/datasets/toxinpred3/train_neg.csv
train_neg_3458,0,/mnt/nw/home/m.yu/repos/foundry/datasets/toxinpred3/train_neg.csv
train_neg_3459,0,/mnt/nw/home/m.yu/repos/foundry/datasets/toxinpred3/train_neg.csv
train_neg_3460,0,/mnt/nw/home/m.yu/repos/foundry/datasets/toxinpred3/train_neg.csv
train_neg_3461,0,/mnt/nw/home/m.yu/repos/foundry/datasets/toxinpred3/train_neg.csv
train_neg_3462,0,/mnt/nw/home/m.yu/repos/foundry/datasets/toxinpred3/train_neg.csv
train_neg_3463,0,/mnt/nw/home/m.yu/repos/foundry/datasets/toxinpred3/train_neg.csv
train_neg_3464,0,/mnt/nw/home/m.yu/repos/foundry/datasets/toxinpred3/train_neg.csv
train_neg_3465,0,/mnt/nw/home/m.yu/repos/foundry/datasets/toxinpred3/train_neg.csv
train_neg_3466,0,/mnt/nw/home/m.yu/repos/foundry/datasets/toxinpred3/train_neg.csv
train_neg_3467,0,/mnt/nw/home/m.yu/repos/foundry/datasets/toxinpred3/train_neg.csv
train_neg_3468,0,/mnt/nw/home/m.yu/repos/foundry/datasets/toxinpred3/train_neg.csv
train_neg_3469,0,/mnt/nw/home/m.yu/repos/foundry/datasets/toxinpred3/train_neg.csv
train_neg_3470,0,/mnt/nw/home/m.yu/repos/foundry/datasets/toxinpred3/train_neg.csv
train_neg_3471,0,/mnt/nw/home/m.yu/repos/foundry/datasets/toxinpred3/train_neg.csv
train_neg_3472,0,/mnt/nw/home/m.yu/repos/foundry/datasets/toxinpred3/train_neg.csv
train_neg_3473,0,/mnt/nw/home/m.yu/repos/foundry/datasets/toxinpred3/train_neg.csv
train_neg_3474,0,/mnt/nw/home/m.yu/repos/foundry/datasets/toxinpred3/train_neg.csv
train_neg_3475,0,/mnt/nw/home/m.yu/repos/foundry/datasets/toxinpred3/train_neg.csv
train_neg_3476,0,/mnt/nw/home/m.yu/repos/foundry/datasets/toxinpred3/train_neg.csv
train_neg_3477,0,/mnt/nw/home/m.yu/repos/foundry/datasets/toxinpred3/train_neg.csv
train_neg_3478,0,/mnt/nw/home/m.yu/repos/foundry/datasets/toxinpred3/train_neg.csv
train_neg_3479,0,/mnt/nw/home/m.yu/repos/foundry/datasets/toxinpred3/train_neg.csv
train_neg_3480,0,/mnt/nw/home/m.yu/repos/foundry/datasets/toxinpred3/train_neg.csv
train_neg_3481,0,/mnt/nw/home/m.yu/repos/foundry/datasets/toxinpred3/train_neg.csv
train_neg_3482,0,/mnt/nw/home/m.yu/repos/foundry/datasets/toxinpred3/train_neg.csv
train_neg_3483,0,/mnt/nw/home/m.yu/repos/foundry/datasets/toxinpred3/train_neg.csv
train_neg_3484,0,/mnt/nw/home/m.yu/repos/foundry/datasets/toxinpred3/train_neg.csv
train_neg_3485,0,/mnt/nw/home/m.yu/repos/foundry/datasets/toxinpred3/train_neg.csv
train_neg_3486,0,/mnt/nw/home/m.yu/repos/foundry/datasets/toxinpred3/train_neg.csv
train_neg_3487,0,/mnt/nw/home/m.yu/repos/foundry/datasets/toxinpred3/train_neg.csv
train_neg_3488,0,/mnt/nw/home/m.yu/repos/foundry/datasets/toxinpred3/train_neg.csv
train_neg_3489,0,/mnt/nw/home/m.yu/repos/foundry/datasets/toxinpred3/train_neg.csv
train_neg_3490,0,/mnt/nw/home/m.yu/repos/foundry/datasets/toxinpred3/train_neg.csv
train_neg_3491,0,/mnt/nw/home/m.yu/repos/foundry/datasets/toxinpred3/train_neg.csv
train_neg_3492,0,/mnt/nw/home/m.yu/repos/foundry/datasets/toxinpred3/train_neg.csv
train_neg_3493,0,/mnt/nw/home/m.yu/repos/foundry/datasets/toxinpred3/train_neg.csv
train_neg_3494,0,/mnt/nw/home/m.yu/repos/foundry/datasets/toxinpred3/train_neg.csv
train_neg_3495,0,/mnt/nw/home/m.yu/repos/foundry/datasets/toxinpred3/train_neg.csv
train_neg_3496,0,/mnt/nw/home/m.yu/repos/foundry/datasets/toxinpred3/train_neg.csv
train_neg_3497,0,/mnt/nw/home/m.yu/repos/foundry/datasets/toxinpred3/train_neg.csv
train_neg_3498,0,/mnt/nw/home/m.yu/repos/foundry/datasets/toxinpred3/train_neg.csv
train_neg_3499,0,/mnt/nw/home/m.yu/repos/foundry/datasets/toxinpred3/train_neg.csv
train_neg_3500,0,/mnt/nw/home/m.yu/repos/foundry/datasets/toxinpred3/train_neg.csv
train_neg_3501,0,/mnt/nw/home/m.yu/repos/foundry/datasets/toxinpred3/train_neg.csv
train_neg_3502,0,/mnt/nw/home/m.yu/repos/foundry/datasets/toxinpred3/train_neg.csv
train_neg_3503,0,/mnt/nw/home/m.yu/repos/foundry/datasets/toxinpred3/train_neg.csv
train_neg_3504,0,/mnt/nw/home/m.yu/repos/foundry/datasets/toxinpred3/train_neg.csv
train_neg_3505,0,/mnt/nw/home/m.yu/repos/foundry/datasets/toxinpred3/train_neg.csv
train_neg_3506,0,/mnt/nw/home/m.yu/repos/foundry/datasets/toxinpred3/train_neg.csv
train_neg_3507,0,/mnt/nw/home/m.yu/repos/foundry/datasets/toxinpred3/train_neg.csv
train_neg_3508,0,/mnt/nw/home/m.yu/repos/foundry/datasets/toxinpred3/train_neg.csv
train_neg_3509,0,/mnt/nw/home/m.yu/repos/foundry/datasets/toxinpred3/train_neg.csv
train_neg_3510,0,/mnt/nw/home/m.yu/repos/foundry/datasets/toxinpred3/train_neg.csv
train_neg_3511,0,/mnt/nw/home/m.yu/repos/foundry/datasets/toxinpred3/train_neg.csv
train_neg_3512,0,/mnt/nw/home/m.yu/repos/foundry/datasets/toxinpred3/train_neg.csv
train_neg_3513,0,/mnt/nw/home/m.yu/repos/foundry/datasets/toxinpred3/train_neg.csv
train_neg_3514,0,/mnt/nw/home/m.yu/repos/foundry/datasets/toxinpred3/train_neg.csv
train_neg_3515,0,/mnt/nw/home/m.yu/repos/foundry/datasets/toxinpred3/train_neg.csv
train_neg_3516,0,/mnt/nw/home/m.yu/repos/foundry/datasets/toxinpred3/train_neg.csv
train_neg_3517,0,/mnt/nw/home/m.yu/repos/foundry/datasets/toxinpred3/train_neg.csv
train_neg_3518,0,/mnt/nw/home/m.yu/repos/foundry/datasets/toxinpred3/train_neg.csv
train_neg_3519,0,/mnt/nw/home/m.yu/repos/foundry/datasets/toxinpred3/train_neg.csv
train_neg_3520,0,/mnt/nw/home/m.yu/repos/foundry/datasets/toxinpred3/train_neg.csv
train_neg_3521,0,/mnt/nw/home/m.yu/repos/foundry/datasets/toxinpred3/train_neg.csv
train_neg_3522,0,/mnt/nw/home/m.yu/repos/foundry/datasets/toxinpred3/train_neg.csv
train_neg_3523,0,/mnt/nw/home/m.yu/repos/foundry/datasets/toxinpred3/train_neg.csv
train_neg_3524,0,/mnt/nw/home/m.yu/repos/foundry/datasets/toxinpred3/train_neg.csv
train_neg_3525,0,/mnt/nw/home/m.yu/repos/foundry/datasets/toxinpred3/train_neg.csv
train_neg_3526,0,/mnt/nw/home/m.yu/repos/foundry/datasets/toxinpred3/train_neg.csv
train_neg_3527,0,/mnt/nw/home/m.yu/repos/foundry/datasets/toxinpred3/train_neg.csv
train_neg_3528,0,/mnt/nw/home/m.yu/repos/foundry/datasets/toxinpred3/train_neg.csv
train_neg_3529,0,/mnt/nw/home/m.yu/repos/foundry/datasets/toxinpred3/train_neg.csv
train_neg_3530,0,/mnt/nw/home/m.yu/repos/foundry/datasets/toxinpred3/train_neg.csv
train_neg_3531,0,/mnt/nw/home/m.yu/repos/foundry/datasets/toxinpred3/train_neg.csv
train_neg_3532,0,/mnt/nw/home/m.yu/repos/foundry/datasets/toxinpred3/train_neg.csv
train_neg_3533,0,/mnt/nw/home/m.yu/repos/foundry/datasets/toxinpred3/train_neg.csv
train_neg_3534,0,/mnt/nw/home/m.yu/repos/foundry/datasets/toxinpred3/train_neg.csv
train_neg_3535,0,/mnt/nw/home/m.yu/repos/foundry/datasets/toxinpred3/train_neg.csv
train_neg_3536,0,/mnt/nw/home/m.yu/repos/foundry/datasets/toxinpred3/train_neg.csv
train_neg_3537,0,/mnt/nw/home/m.yu/repos/foundry/datasets/toxinpred3/train_neg.csv
train_neg_3538,0,/mnt/nw/home/m.yu/repos/foundry/datasets/toxinpred3/train_neg.csv
train_neg_3539,0,/mnt/nw/home/m.yu/repos/foundry/datasets/toxinpred3/train_neg.csv
train_neg_3540,0,/mnt/nw/home/m.yu/repos/foundry/datasets/toxinpred3/train_neg.csv
train_neg_3541,0,/mnt/nw/home/m.yu/repos/foundry/datasets/toxinpred3/train_neg.csv
train_neg_3542,0,/mnt/nw/home/m.yu/repos/foundry/datasets/toxinpred3/train_neg.csv
train_neg_3543,0,/mnt/nw/home/m.yu/repos/foundry/datasets/toxinpred3/train_neg.csv
train_neg_3544,0,/mnt/nw/home/m.yu/repos/foundry/datasets/toxinpred3/train_neg.csv
train_neg_3545,0,/mnt/nw/home/m.yu/repos/foundry/datasets/toxinpred3/train_neg.csv
train_neg_3546,0,/mnt/nw/home/m.yu/repos/foundry/datasets/toxinpred3/train_neg.csv
train_neg_3547,0,/mnt/nw/home/m.yu/repos/foundry/datasets/toxinpred3/train_neg.csv
train_neg_3548,0,/mnt/nw/home/m.yu/repos/foundry/datasets/toxinpred3/train_neg.csv
train_neg_3549,0,/mnt/nw/home/m.yu/repos/foundry/datasets/toxinpred3/train_neg.csv
train_neg_3550,0,/mnt/nw/home/m.yu/repos/foundry/datasets/toxinpred3/train_neg.csv
train_neg_3551,0,/mnt/nw/home/m.yu/repos/foundry/datasets/toxinpred3/train_neg.csv
train_neg_3552,0,/mnt/nw/home/m.yu/repos/foundry/datasets/toxinpred3/train_neg.csv
train_neg_3553,0,/mnt/nw/home/m.yu/repos/foundry/datasets/toxinpred3/train_neg.csv
train_neg_3554,0,/mnt/nw/home/m.yu/repos/foundry/datasets/toxinpred3/train_neg.csv
train_neg_3555,0,/mnt/nw/home/m.yu/repos/foundry/datasets/toxinpred3/train_neg.csv
train_neg_3556,0,/mnt/nw/home/m.yu/repos/foundry/datasets/toxinpred3/train_neg.csv
train_neg_3557,0,/mnt/nw/home/m.yu/repos/foundry/datasets/toxinpred3/train_neg.csv
train_neg_3558,0,/mnt/nw/home/m.yu/repos/foundry/datasets/toxinpred3/train_neg.csv
train_neg_3559,0,/mnt/nw/home/m.yu/repos/foundry/datasets/toxinpred3/train_neg.csv
train_neg_3560,0,/mnt/nw/home/m.yu/repos/foundry/datasets/toxinpred3/train_neg.csv
train_neg_3561,0,/mnt/nw/home/m.yu/repos/foundry/datasets/toxinpred3/train_neg.csv
train_neg_3562,0,/mnt/nw/home/m.yu/repos/foundry/datasets/toxinpred3/train_neg.csv
train_neg_3563,0,/mnt/nw/home/m.yu/repos/foundry/datasets/toxinpred3/train_neg.csv
train_neg_3564,0,/mnt/nw/home/m.yu/repos/foundry/datasets/toxinpred3/train_neg.csv
train_neg_3565,0,/mnt/nw/home/m.yu/repos/foundry/datasets/toxinpred3/train_neg.csv
train_neg_3566,0,/mnt/nw/home/m.yu/repos/foundry/datasets/toxinpred3/train_neg.csv
train_neg_3567,0,/mnt/nw/home/m.yu/repos/foundry/datasets/toxinpred3/train_neg.csv
train_neg_3568,0,/mnt/nw/home/m.yu/repos/foundry/datasets/toxinpred3/train_neg.csv
train_neg_3569,0,/mnt/nw/home/m.yu/repos/foundry/datasets/toxinpred3/train_neg.csv
train_neg_3570,0,/mnt/nw/home/m.yu/repos/foundry/datasets/toxinpred3/train_neg.csv
train_neg_3571,0,/mnt/nw/home/m.yu/repos/foundry/datasets/toxinpred3/train_neg.csv
train_neg_3572,0,/mnt/nw/home/m.yu/repos/foundry/datasets/toxinpred3/train_neg.csv
train_neg_3573,0,/mnt/nw/home/m.yu/repos/foundry/datasets/toxinpred3/train_neg.csv
train_neg_3574,0,/mnt/nw/home/m.yu/repos/foundry/datasets/toxinpred3/train_neg.csv
train_neg_3575,0,/mnt/nw/home/m.yu/repos/foundry/datasets/toxinpred3/train_neg.csv
train_neg_3576,0,/mnt/nw/home/m.yu/repos/foundry/datasets/toxinpred3/train_neg.csv
train_neg_3577,0,/mnt/nw/home/m.yu/repos/foundry/datasets/toxinpred3/train_neg.csv
train_neg_3578,0,/mnt/nw/home/m.yu/repos/foundry/datasets/toxinpred3/train_neg.csv
train_neg_3579,0,/mnt/nw/home/m.yu/repos/foundry/datasets/toxinpred3/train_neg.csv
train_neg_3580,0,/mnt/nw/home/m.yu/repos/foundry/datasets/toxinpred3/train_neg.csv
train_neg_3581,0,/mnt/nw/home/m.yu/repos/foundry/datasets/toxinpred3/train_neg.csv
train_neg_3582,0,/mnt/nw/home/m.yu/repos/foundry/datasets/toxinpred3/train_neg.csv
train_neg_3583,0,/mnt/nw/home/m.yu/repos/foundry/datasets/toxinpred3/train_neg.csv
train_neg_3584,0,/mnt/nw/home/m.yu/repos/foundry/datasets/toxinpred3/train_neg.csv
train_neg_3585,0,/mnt/nw/home/m.yu/repos/foundry/datasets/toxinpred3/train_neg.csv
train_neg_3586,0,/mnt/nw/home/m.yu/repos/foundry/datasets/toxinpred3/train_neg.csv
train_neg_3587,0,/mnt/nw/home/m.yu/repos/foundry/datasets/toxinpred3/train_neg.csv
train_neg_3588,0,/mnt/nw/home/m.yu/repos/foundry/datasets/toxinpred3/train_neg.csv
train_neg_3589,0,/mnt/nw/home/m.yu/repos/foundry/datasets/toxinpred3/train_neg.csv
train_neg_3590,0,/mnt/nw/home/m.yu/repos/foundry/datasets/toxinpred3/train_neg.csv
train_neg_3591,0,/mnt/nw/home/m.yu/repos/foundry/datasets/toxinpred3/train_neg.csv
train_neg_3592,0,/mnt/nw/home/m.yu/repos/foundry/datasets/toxinpred3/train_neg.csv
train_neg_3593,0,/mnt/nw/home/m.yu/repos/foundry/datasets/toxinpred3/train_neg.csv
train_neg_3594,0,/mnt/nw/home/m.yu/repos/foundry/datasets/toxinpred3/train_neg.csv
train_neg_3595,0,/mnt/nw/home/m.yu/repos/foundry/datasets/toxinpred3/train_neg.csv
train_neg_3596,0,/mnt/nw/home/m.yu/repos/foundry/datasets/toxinpred3/train_neg.csv
train_neg_3597,0,/mnt/nw/home/m.yu/repos/foundry/datasets/toxinpred3/train_neg.csv
train_neg_3598,0,/mnt/nw/home/m.yu/repos/foundry/datasets/toxinpred3/train_neg.csv
train_neg_3599,0,/mnt/nw/home/m.yu/repos/foundry/datasets/toxinpred3/train_neg.csv
train_neg_3600,0,/mnt/nw/home/m.yu/repos/foundry/datasets/toxinpred3/train_neg.csv
train_neg_3601,0,/mnt/nw/home/m.yu/repos/foundry/datasets/toxinpred3/train_neg.csv
train_neg_3602,0,/mnt/nw/home/m.yu/repos/foundry/datasets/toxinpred3/train_neg.csv
train_neg_3603,0,/mnt/nw/home/m.yu/repos/foundry/datasets/toxinpred3/train_neg.csv
train_neg_3604,0,/mnt/nw/home/m.yu/repos/foundry/datasets/toxinpred3/train_neg.csv
train_neg_3605,0,/mnt/nw/home/m.yu/repos/foundry/datasets/toxinpred3/train_neg.csv
train_neg_3606,0,/mnt/nw/home/m.yu/repos/foundry/datasets/toxinpred3/train_neg.csv
train_neg_3607,0,/mnt/nw/home/m.yu/repos/foundry/datasets/toxinpred3/train_neg.csv
train_neg_3608,0,/mnt/nw/home/m.yu/repos/foundry/datasets/toxinpred3/train_neg.csv
train_neg_3609,0,/mnt/nw/home/m.yu/repos/foundry/datasets/toxinpred3/train_neg.csv
train_neg_3610,0,/mnt/nw/home/m.yu/repos/foundry/datasets/toxinpred3/train_neg.csv
train_neg_3611,0,/mnt/nw/home/m.yu/repos/foundry/datasets/toxinpred3/train_neg.csv
train_neg_3612,0,/mnt/nw/home/m.yu/repos/foundry/datasets/toxinpred3/train_neg.csv
train_neg_3613,0,/mnt/nw/home/m.yu/repos/foundry/datasets/toxinpred3/train_neg.csv
train_neg_3614,0,/mnt/nw/home/m.yu/repos/foundry/datasets/toxinpred3/train_neg.csv
train_neg_3615,0,/mnt/nw/home/m.yu/repos/foundry/datasets/toxinpred3/train_neg.csv
train_neg_3616,0,/mnt/nw/home/m.yu/repos/foundry/datasets/toxinpred3/train_neg.csv
train_neg_3617,0,/mnt/nw/home/m.yu/repos/foundry/datasets/toxinpred3/train_neg.csv
train_neg_3618,0,/mnt/nw/home/m.yu/repos/foundry/datasets/toxinpred3/train_neg.csv
train_neg_3619,0,/mnt/nw/home/m.yu/repos/foundry/datasets/toxinpred3/train_neg.csv
train_neg_3620,0,/mnt/nw/home/m.yu/repos/foundry/datasets/toxinpred3/train_neg.csv
train_neg_3621,0,/mnt/nw/home/m.yu/repos/foundry/datasets/toxinpred3/train_neg.csv
train_neg_3622,0,/mnt/nw/home/m.yu/repos/foundry/datasets/toxinpred3/train_neg.csv
train_neg_3623,0,/mnt/nw/home/m.yu/repos/foundry/datasets/toxinpred3/train_neg.csv
train_neg_3624,0,/mnt/nw/home/m.yu/repos/foundry/datasets/toxinpred3/train_neg.csv
train_neg_3625,0,/mnt/nw/home/m.yu/repos/foundry/datasets/toxinpred3/train_neg.csv
train_neg_3626,0,/mnt/nw/home/m.yu/repos/foundry/datasets/toxinpred3/train_neg.csv
train_neg_3627,0,/mnt/nw/home/m.yu/repos/foundry/datasets/toxinpred3/train_neg.csv
train_neg_3628,0,/mnt/nw/home/m.yu/repos/foundry/datasets/toxinpred3/train_neg.csv
train_neg_3629,0,/mnt/nw/home/m.yu/repos/foundry/datasets/toxinpred3/train_neg.csv
train_neg_3630,0,/mnt/nw/home/m.yu/repos/foundry/datasets/toxinpred3/train_neg.csv
train_neg_3631,0,/mnt/nw/home/m.yu/repos/foundry/datasets/toxinpred3/train_neg.csv
train_neg_3632,0,/mnt/nw/home/m.yu/repos/foundry/datasets/toxinpred3/train_neg.csv
train_neg_3633,0,/mnt/nw/home/m.yu/repos/foundry/datasets/toxinpred3/train_neg.csv
train_neg_3634,0,/mnt/nw/home/m.yu/repos/foundry/datasets/toxinpred3/train_neg.csv
train_neg_3635,0,/mnt/nw/home/m.yu/repos/foundry/datasets/toxinpred3/train_neg.csv
train_neg_3636,0,/mnt/nw/home/m.yu/repos/foundry/datasets/toxinpred3/train_neg.csv
train_neg_3637,0,/mnt/nw/home/m.yu/repos/foundry/datasets/toxinpred3/train_neg.csv
train_neg_3638,0,/mnt/nw/home/m.yu/repos/foundry/datasets/toxinpred3/train_neg.csv
train_neg_3639,0,/mnt/nw/home/m.yu/repos/foundry/datasets/toxinpred3/train_neg.csv
train_neg_3640,0,/mnt/nw/home/m.yu/repos/foundry/datasets/toxinpred3/train_neg.csv
train_neg_3641,0,/mnt/nw/home/m.yu/repos/foundry/datasets/toxinpred3/train_neg.csv
train_neg_3642,0,/mnt/nw/home/m.yu/repos/foundry/datasets/toxinpred3/train_neg.csv
train_neg_3643,0,/mnt/nw/home/m.yu/repos/foundry/datasets/toxinpred3/train_neg.csv
train_neg_3644,0,/mnt/nw/home/m.yu/repos/foundry/datasets/toxinpred3/train_neg.csv
train_neg_3645,0,/mnt/nw/home/m.yu/repos/foundry/datasets/toxinpred3/train_neg.csv
train_neg_3646,0,/mnt/nw/home/m.yu/repos/foundry/datasets/toxinpred3/train_neg.csv
train_neg_3647,0,/mnt/nw/home/m.yu/repos/foundry/datasets/toxinpred3/train_neg.csv
train_neg_3648,0,/mnt/nw/home/m.yu/repos/foundry/datasets/toxinpred3/train_neg.csv
train_neg_3649,0,/mnt/nw/home/m.yu/repos/foundry/datasets/toxinpred3/train_neg.csv
train_neg_3650,0,/mnt/nw/home/m.yu/repos/foundry/datasets/toxinpred3/train_neg.csv
train_neg_3651,0,/mnt/nw/home/m.yu/repos/foundry/datasets/toxinpred3/train_neg.csv
train_neg_3652,0,/mnt/nw/home/m.yu/repos/foundry/datasets/toxinpred3/train_neg.csv
train_neg_3653,0,/mnt/nw/home/m.yu/repos/foundry/datasets/toxinpred3/train_neg.csv
train_neg_3654,0,/mnt/nw/home/m.yu/repos/foundry/datasets/toxinpred3/train_neg.csv
train_neg_3655,0,/mnt/nw/home/m.yu/repos/foundry/datasets/toxinpred3/train_neg.csv
train_neg_3656,0,/mnt/nw/home/m.yu/repos/foundry/datasets/toxinpred3/train_neg.csv
train_neg_3657,0,/mnt/nw/home/m.yu/repos/foundry/datasets/toxinpred3/train_neg.csv
train_neg_3658,0,/mnt/nw/home/m.yu/repos/foundry/datasets/toxinpred3/train_neg.csv
train_neg_3659,0,/mnt/nw/home/m.yu/repos/foundry/datasets/toxinpred3/train_neg.csv
train_neg_3660,0,/mnt/nw/home/m.yu/repos/foundry/datasets/toxinpred3/train_neg.csv
train_neg_3661,0,/mnt/nw/home/m.yu/repos/foundry/datasets/toxinpred3/train_neg.csv
train_neg_3662,0,/mnt/nw/home/m.yu/repos/foundry/datasets/toxinpred3/train_neg.csv
train_neg_3663,0,/mnt/nw/home/m.yu/repos/foundry/datasets/toxinpred3/train_neg.csv
train_neg_3664,0,/mnt/nw/home/m.yu/repos/foundry/datasets/toxinpred3/train_neg.csv
train_neg_3665,0,/mnt/nw/home/m.yu/repos/foundry/datasets/toxinpred3/train_neg.csv
train_neg_3666,0,/mnt/nw/home/m.yu/repos/foundry/datasets/toxinpred3/train_neg.csv
train_neg_3667,0,/mnt/nw/home/m.yu/repos/foundry/datasets/toxinpred3/train_neg.csv
train_neg_3668,0,/mnt/nw/home/m.yu/repos/foundry/datasets/toxinpred3/train_neg.csv
train_neg_3669,0,/mnt/nw/home/m.yu/repos/foundry/datasets/toxinpred3/train_neg.csv
train_neg_3670,0,/mnt/nw/home/m.yu/repos/foundry/datasets/toxinpred3/train_neg.csv
train_neg_3671,0,/mnt/nw/home/m.yu/repos/foundry/datasets/toxinpred3/train_neg.csv
train_neg_3672,0,/mnt/nw/home/m.yu/repos/foundry/datasets/toxinpred3/train_neg.csv
train_neg_3673,0,/mnt/nw/home/m.yu/repos/foundry/datasets/toxinpred3/train_neg.csv
train_neg_3674,0,/mnt/nw/home/m.yu/repos/foundry/datasets/toxinpred3/train_neg.csv
train_neg_3675,0,/mnt/nw/home/m.yu/repos/foundry/datasets/toxinpred3/train_neg.csv
train_neg_3676,0,/mnt/nw/home/m.yu/repos/foundry/datasets/toxinpred3/train_neg.csv
train_neg_3677,0,/mnt/nw/home/m.yu/repos/foundry/datasets/toxinpred3/train_neg.csv
train_neg_3678,0,/mnt/nw/home/m.yu/repos/foundry/datasets/toxinpred3/train_neg.csv
train_neg_3679,0,/mnt/nw/home/m.yu/repos/foundry/datasets/toxinpred3/train_neg.csv
train_neg_3680,0,/mnt/nw/home/m.yu/repos/foundry/datasets/toxinpred3/train_neg.csv
train_neg_3681,0,/mnt/nw/home/m.yu/repos/foundry/datasets/toxinpred3/train_neg.csv
train_neg_3682,0,/mnt/nw/home/m.yu/repos/foundry/datasets/toxinpred3/train_neg.csv
train_neg_3683,0,/mnt/nw/home/m.yu/repos/foundry/datasets/toxinpred3/train_neg.csv
train_neg_3684,0,/mnt/nw/home/m.yu/repos/foundry/datasets/toxinpred3/train_neg.csv
train_neg_3685,0,/mnt/nw/home/m.yu/repos/foundry/datasets/toxinpred3/train_neg.csv
train_neg_3686,0,/mnt/nw/home/m.yu/repos/foundry/datasets/toxinpred3/train_neg.csv
train_neg_3687,0,/mnt/nw/home/m.yu/repos/foundry/datasets/toxinpred3/train_neg.csv
train_neg_3688,0,/mnt/nw/home/m.yu/repos/foundry/datasets/toxinpred3/train_neg.csv
train_neg_3689,0,/mnt/nw/home/m.yu/repos/foundry/datasets/toxinpred3/train_neg.csv
train_neg_3690,0,/mnt/nw/home/m.yu/repos/foundry/datasets/toxinpred3/train_neg.csv
train_neg_3691,0,/mnt/nw/home/m.yu/repos/foundry/datasets/toxinpred3/train_neg.csv
train_neg_3692,0,/mnt/nw/home/m.yu/repos/foundry/datasets/toxinpred3/train_neg.csv
train_neg_3693,0,/mnt/nw/home/m.yu/repos/foundry/datasets/toxinpred3/train_neg.csv
train_neg_3694,0,/mnt/nw/home/m.yu/repos/foundry/datasets/toxinpred3/train_neg.csv
train_neg_3695,0,/mnt/nw/home/m.yu/repos/foundry/datasets/toxinpred3/train_neg.csv
train_neg_3696,0,/mnt/nw/home/m.yu/repos/foundry/datasets/toxinpred3/train_neg.csv
train_neg_3697,0,/mnt/nw/home/m.yu/repos/foundry/datasets/toxinpred3/train_neg.csv
train_neg_3698,0,/mnt/nw/home/m.yu/repos/foundry/datasets/toxinpred3/train_neg.csv
train_neg_3699,0,/mnt/nw/home/m.yu/repos/foundry/datasets/toxinpred3/train_neg.csv
train_neg_3700,0,/mnt/nw/home/m.yu/repos/foundry/datasets/toxinpred3/train_neg.csv
train_neg_3701,0,/mnt/nw/home/m.yu/repos/foundry/datasets/toxinpred3/train_neg.csv
train_neg_3702,0,/mnt/nw/home/m.yu/repos/foundry/datasets/toxinpred3/train_neg.csv
train_neg_3703,0,/mnt/nw/home/m.yu/repos/foundry/datasets/toxinpred3/train_neg.csv
train_neg_3704,0,/mnt/nw/home/m.yu/repos/foundry/datasets/toxinpred3/train_neg.csv
train_neg_3705,0,/mnt/nw/home/m.yu/repos/foundry/datasets/toxinpred3/train_neg.csv
train_neg_3706,0,/mnt/nw/home/m.yu/repos/foundry/datasets/toxinpred3/train_neg.csv
train_neg_3707,0,/mnt/nw/home/m.yu/repos/foundry/datasets/toxinpred3/train_neg.csv
train_neg_3708,0,/mnt/nw/home/m.yu/repos/foundry/datasets/toxinpred3/train_neg.csv
train_neg_3709,0,/mnt/nw/home/m.yu/repos/foundry/datasets/toxinpred3/train_neg.csv
train_neg_3710,0,/mnt/nw/home/m.yu/repos/foundry/datasets/toxinpred3/train_neg.csv
train_neg_3711,0,/mnt/nw/home/m.yu/repos/foundry/datasets/toxinpred3/train_neg.csv
train_neg_3712,0,/mnt/nw/home/m.yu/repos/foundry/datasets/toxinpred3/train_neg.csv
train_neg_3713,0,/mnt/nw/home/m.yu/repos/foundry/datasets/toxinpred3/train_neg.csv
train_neg_3714,0,/mnt/nw/home/m.yu/repos/foundry/datasets/toxinpred3/train_neg.csv
train_neg_3715,0,/mnt/nw/home/m.yu/repos/foundry/datasets/toxinpred3/train_neg.csv
train_neg_3716,0,/mnt/nw/home/m.yu/repos/foundry/datasets/toxinpred3/train_neg.csv
train_neg_3717,0,/mnt/nw/home/m.yu/repos/foundry/datasets/toxinpred3/train_neg.csv
train_neg_3718,0,/mnt/nw/home/m.yu/repos/foundry/datasets/toxinpred3/train_neg.csv
train_neg_3719,0,/mnt/nw/home/m.yu/repos/foundry/datasets/toxinpred3/train_neg.csv
train_neg_3720,0,/mnt/nw/home/m.yu/repos/foundry/datasets/toxinpred3/train_neg.csv
train_neg_3721,0,/mnt/nw/home/m.yu/repos/foundry/datasets/toxinpred3/train_neg.csv
train_neg_3722,0,/mnt/nw/home/m.yu/repos/foundry/datasets/toxinpred3/train_neg.csv
train_neg_3723,0,/mnt/nw/home/m.yu/repos/foundry/datasets/toxinpred3/train_neg.csv
train_neg_3724,0,/mnt/nw/home/m.yu/repos/foundry/datasets/toxinpred3/train_neg.csv
train_neg_3725,0,/mnt/nw/home/m.yu/repos/foundry/datasets/toxinpred3/train_neg.csv
train_neg_3726,0,/mnt/nw/home/m.yu/repos/foundry/datasets/toxinpred3/train_neg.csv
train_neg_3727,0,/mnt/nw/home/m.yu/repos/foundry/datasets/toxinpred3/train_neg.csv
train_neg_3728,0,/mnt/nw/home/m.yu/repos/foundry/datasets/toxinpred3/train_neg.csv
train_neg_3729,0,/mnt/nw/home/m.yu/repos/foundry/datasets/toxinpred3/train_neg.csv
train_neg_3730,0,/mnt/nw/home/m.yu/repos/foundry/datasets/toxinpred3/train_neg.csv
train_neg_3731,0,/mnt/nw/home/m.yu/repos/foundry/datasets/toxinpred3/train_neg.csv
train_neg_3732,0,/mnt/nw/home/m.yu/repos/foundry/datasets/toxinpred3/train_neg.csv
train_neg_3733,0,/mnt/nw/home/m.yu/repos/foundry/datasets/toxinpred3/train_neg.csv
train_neg_3734,0,/mnt/nw/home/m.yu/repos/foundry/datasets/toxinpred3/train_neg.csv
train_neg_3735,0,/mnt/nw/home/m.yu/repos/foundry/datasets/toxinpred3/train_neg.csv
train_neg_3736,0,/mnt/nw/home/m.yu/repos/foundry/datasets/toxinpred3/train_neg.csv
train_neg_3737,0,/mnt/nw/home/m.yu/repos/foundry/datasets/toxinpred3/train_neg.csv
train_neg_3738,0,/mnt/nw/home/m.yu/repos/foundry/datasets/toxinpred3/train_neg.csv
train_neg_3739,0,/mnt/nw/home/m.yu/repos/foundry/datasets/toxinpred3/train_neg.csv
train_neg_3740,0,/mnt/nw/home/m.yu/repos/foundry/datasets/toxinpred3/train_neg.csv
train_neg_3741,0,/mnt/nw/home/m.yu/repos/foundry/datasets/toxinpred3/train_neg.csv
train_neg_3742,0,/mnt/nw/home/m.yu/repos/foundry/datasets/toxinpred3/train_neg.csv
train_neg_3743,0,/mnt/nw/home/m.yu/repos/foundry/datasets/toxinpred3/train_neg.csv
train_neg_3744,0,/mnt/nw/home/m.yu/repos/foundry/datasets/toxinpred3/train_neg.csv
train_neg_3745,0,/mnt/nw/home/m.yu/repos/foundry/datasets/toxinpred3/train_neg.csv
train_neg_3746,0,/mnt/nw/home/m.yu/repos/foundry/datasets/toxinpred3/train_neg.csv
train_neg_3747,0,/mnt/nw/home/m.yu/repos/foundry/datasets/toxinpred3/train_neg.csv
train_neg_3748,0,/mnt/nw/home/m.yu/repos/foundry/datasets/toxinpred3/train_neg.csv
train_neg_3749,0,/mnt/nw/home/m.yu/repos/foundry/datasets/toxinpred3/train_neg.csv
train_neg_3750,0,/mnt/nw/home/m.yu/repos/foundry/datasets/toxinpred3/train_neg.csv
train_neg_3751,0,/mnt/nw/home/m.yu/repos/foundry/datasets/toxinpred3/train_neg.csv
train_neg_3752,0,/mnt/nw/home/m.yu/repos/foundry/datasets/toxinpred3/train_neg.csv
train_neg_3753,0,/mnt/nw/home/m.yu/repos/foundry/datasets/toxinpred3/train_neg.csv
train_neg_3754,0,/mnt/nw/home/m.yu/repos/foundry/datasets/toxinpred3/train_neg.csv
train_neg_3755,0,/mnt/nw/home/m.yu/repos/foundry/datasets/toxinpred3/train_neg.csv
train_neg_3756,0,/mnt/nw/home/m.yu/repos/foundry/datasets/toxinpred3/train_neg.csv
train_neg_3757,0,/mnt/nw/home/m.yu/repos/foundry/datasets/toxinpred3/train_neg.csv
train_neg_3758,0,/mnt/nw/home/m.yu/repos/foundry/datasets/toxinpred3/train_neg.csv
train_neg_3759,0,/mnt/nw/home/m.yu/repos/foundry/datasets/toxinpred3/train_neg.csv
train_neg_3760,0,/mnt/nw/home/m.yu/repos/foundry/datasets/toxinpred3/train_neg.csv
train_neg_3761,0,/mnt/nw/home/m.yu/repos/foundry/datasets/toxinpred3/train_neg.csv
train_neg_3762,0,/mnt/nw/home/m.yu/repos/foundry/datasets/toxinpred3/train_neg.csv
train_neg_3763,0,/mnt/nw/home/m.yu/repos/foundry/datasets/toxinpred3/train_neg.csv
train_neg_3764,0,/mnt/nw/home/m.yu/repos/foundry/datasets/toxinpred3/train_neg.csv
train_neg_3765,0,/mnt/nw/home/m.yu/repos/foundry/datasets/toxinpred3/train_neg.csv
train_neg_3766,0,/mnt/nw/home/m.yu/repos/foundry/datasets/toxinpred3/train_neg.csv
train_neg_3767,0,/mnt/nw/home/m.yu/repos/foundry/datasets/toxinpred3/train_neg.csv
train_neg_3768,0,/mnt/nw/home/m.yu/repos/foundry/datasets/toxinpred3/train_neg.csv
train_neg_3769,0,/mnt/nw/home/m.yu/repos/foundry/datasets/toxinpred3/train_neg.csv
train_neg_3770,0,/mnt/nw/home/m.yu/repos/foundry/datasets/toxinpred3/train_neg.csv
train_neg_3771,0,/mnt/nw/home/m.yu/repos/foundry/datasets/toxinpred3/train_neg.csv
train_neg_3772,0,/mnt/nw/home/m.yu/repos/foundry/datasets/toxinpred3/train_neg.csv
train_neg_3773,0,/mnt/nw/home/m.yu/repos/foundry/datasets/toxinpred3/train_neg.csv
train_neg_3774,0,/mnt/nw/home/m.yu/repos/foundry/datasets/toxinpred3/train_neg.csv
train_neg_3775,0,/mnt/nw/home/m.yu/repos/foundry/datasets/toxinpred3/train_neg.csv
train_neg_3776,0,/mnt/nw/home/m.yu/repos/foundry/datasets/toxinpred3/train_neg.csv
train_neg_3777,0,/mnt/nw/home/m.yu/repos/foundry/datasets/toxinpred3/train_neg.csv
train_neg_3778,0,/mnt/nw/home/m.yu/repos/foundry/datasets/toxinpred3/train_neg.csv
train_neg_3779,0,/mnt/nw/home/m.yu/repos/foundry/datasets/toxinpred3/train_neg.csv
train_neg_3780,0,/mnt/nw/home/m.yu/repos/foundry/datasets/toxinpred3/train_neg.csv
train_neg_3781,0,/mnt/nw/home/m.yu/repos/foundry/datasets/toxinpred3/train_neg.csv
train_neg_3782,0,/mnt/nw/home/m.yu/repos/foundry/datasets/toxinpred3/train_neg.csv
train_neg_3783,0,/mnt/nw/home/m.yu/repos/foundry/datasets/toxinpred3/train_neg.csv
train_neg_3784,0,/mnt/nw/home/m.yu/repos/foundry/datasets/toxinpred3/train_neg.csv
train_neg_3785,0,/mnt/nw/home/m.yu/repos/foundry/datasets/toxinpred3/train_neg.csv
train_neg_3786,0,/mnt/nw/home/m.yu/repos/foundry/datasets/toxinpred3/train_neg.csv
train_neg_3787,0,/mnt/nw/home/m.yu/repos/foundry/datasets/toxinpred3/train_neg.csv
train_neg_3788,0,/mnt/nw/home/m.yu/repos/foundry/datasets/toxinpred3/train_neg.csv
train_neg_3789,0,/mnt/nw/home/m.yu/repos/foundry/datasets/toxinpred3/train_neg.csv
train_neg_3790,0,/mnt/nw/home/m.yu/repos/foundry/datasets/toxinpred3/train_neg.csv
train_neg_3791,0,/mnt/nw/home/m.yu/repos/foundry/datasets/toxinpred3/train_neg.csv
train_neg_3792,0,/mnt/nw/home/m.yu/repos/foundry/datasets/toxinpred3/train_neg.csv
train_neg_3793,0,/mnt/nw/home/m.yu/repos/foundry/datasets/toxinpred3/train_neg.csv
train_neg_3794,0,/mnt/nw/home/m.yu/repos/foundry/datasets/toxinpred3/train_neg.csv
train_neg_3795,0,/mnt/nw/home/m.yu/repos/foundry/datasets/toxinpred3/train_neg.csv
train_neg_3796,0,/mnt/nw/home/m.yu/repos/foundry/datasets/toxinpred3/train_neg.csv
train_neg_3797,0,/mnt/nw/home/m.yu/repos/foundry/datasets/toxinpred3/train_neg.csv
train_neg_3798,0,/mnt/nw/home/m.yu/repos/foundry/datasets/toxinpred3/train_neg.csv
train_neg_3799,0,/mnt/nw/home/m.yu/repos/foundry/datasets/toxinpred3/train_neg.csv
train_neg_3800,0,/mnt/nw/home/m.yu/repos/foundry/datasets/toxinpred3/train_neg.csv
train_neg_3801,0,/mnt/nw/home/m.yu/repos/foundry/datasets/toxinpred3/train_neg.csv
train_neg_3802,0,/mnt/nw/home/m.yu/repos/foundry/datasets/toxinpred3/train_neg.csv
train_neg_3803,0,/mnt/nw/home/m.yu/repos/foundry/datasets/toxinpred3/train_neg.csv
train_neg_3804,0,/mnt/nw/home/m.yu/repos/foundry/datasets/toxinpred3/train_neg.csv
train_neg_3805,0,/mnt/nw/home/m.yu/repos/foundry/datasets/toxinpred3/train_neg.csv
train_neg_3806,0,/mnt/nw/home/m.yu/repos/foundry/datasets/toxinpred3/train_neg.csv
train_neg_3807,0,/mnt/nw/home/m.yu/repos/foundry/datasets/toxinpred3/train_neg.csv
train_neg_3808,0,/mnt/nw/home/m.yu/repos/foundry/datasets/toxinpred3/train_neg.csv
train_neg_3809,0,/mnt/nw/home/m.yu/repos/foundry/datasets/toxinpred3/train_neg.csv
train_neg_3810,0,/mnt/nw/home/m.yu/repos/foundry/datasets/toxinpred3/train_neg.csv
train_neg_3811,0,/mnt/nw/home/m.yu/repos/foundry/datasets/toxinpred3/train_neg.csv
train_neg_3812,0,/mnt/nw/home/m.yu/repos/foundry/datasets/toxinpred3/train_neg.csv
train_neg_3813,0,/mnt/nw/home/m.yu/repos/foundry/datasets/toxinpred3/train_neg.csv
train_neg_3814,0,/mnt/nw/home/m.yu/repos/foundry/datasets/toxinpred3/train_neg.csv
train_neg_3815,0,/mnt/nw/home/m.yu/repos/foundry/datasets/toxinpred3/train_neg.csv
train_neg_3816,0,/mnt/nw/home/m.yu/repos/foundry/datasets/toxinpred3/train_neg.csv
train_neg_3817,0,/mnt/nw/home/m.yu/repos/foundry/datasets/toxinpred3/train_neg.csv
train_neg_3818,0,/mnt/nw/home/m.yu/repos/foundry/datasets/toxinpred3/train_neg.csv
train_neg_3819,0,/mnt/nw/home/m.yu/repos/foundry/datasets/toxinpred3/train_neg.csv
train_neg_3820,0,/mnt/nw/home/m.yu/repos/foundry/datasets/toxinpred3/train_neg.csv
train_neg_3821,0,/mnt/nw/home/m.yu/repos/foundry/datasets/toxinpred3/train_neg.csv
train_neg_3822,0,/mnt/nw/home/m.yu/repos/foundry/datasets/toxinpred3/train_neg.csv
train_neg_3823,0,/mnt/nw/home/m.yu/repos/foundry/datasets/toxinpred3/train_neg.csv
train_neg_3824,0,/mnt/nw/home/m.yu/repos/foundry/datasets/toxinpred3/train_neg.csv
train_neg_3825,0,/mnt/nw/home/m.yu/repos/foundry/datasets/toxinpred3/train_neg.csv
train_neg_3826,0,/mnt/nw/home/m.yu/repos/foundry/datasets/toxinpred3/train_neg.csv
train_neg_3827,0,/mnt/nw/home/m.yu/repos/foundry/datasets/toxinpred3/train_neg.csv
train_neg_3828,0,/mnt/nw/home/m.yu/repos/foundry/datasets/toxinpred3/train_neg.csv
train_neg_3829,0,/mnt/nw/home/m.yu/repos/foundry/datasets/toxinpred3/train_neg.csv
train_neg_3830,0,/mnt/nw/home/m.yu/repos/foundry/datasets/toxinpred3/train_neg.csv
train_neg_3831,0,/mnt/nw/home/m.yu/repos/foundry/datasets/toxinpred3/train_neg.csv
train_neg_3832,0,/mnt/nw/home/m.yu/repos/foundry/datasets/toxinpred3/train_neg.csv
train_neg_3833,0,/mnt/nw/home/m.yu/repos/foundry/datasets/toxinpred3/train_neg.csv
train_neg_3834,0,/mnt/nw/home/m.yu/repos/foundry/datasets/toxinpred3/train_neg.csv
train_neg_3835,0,/mnt/nw/home/m.yu/repos/foundry/datasets/toxinpred3/train_neg.csv
train_neg_3836,0,/mnt/nw/home/m.yu/repos/foundry/datasets/toxinpred3/train_neg.csv
train_neg_3837,0,/mnt/nw/home/m.yu/repos/foundry/datasets/toxinpred3/train_neg.csv
train_neg_3838,0,/mnt/nw/home/m.yu/repos/foundry/datasets/toxinpred3/train_neg.csv
train_neg_3839,0,/mnt/nw/home/m.yu/repos/foundry/datasets/toxinpred3/train_neg.csv
train_neg_3840,0,/mnt/nw/home/m.yu/repos/foundry/datasets/toxinpred3/train_neg.csv
train_neg_3841,0,/mnt/nw/home/m.yu/repos/foundry/datasets/toxinpred3/train_neg.csv
train_neg_3842,0,/mnt/nw/home/m.yu/repos/foundry/datasets/toxinpred3/train_neg.csv
train_neg_3843,0,/mnt/nw/home/m.yu/repos/foundry/datasets/toxinpred3/train_neg.csv
train_neg_3844,0,/mnt/nw/home/m.yu/repos/foundry/datasets/toxinpred3/train_neg.csv
train_neg_3845,0,/mnt/nw/home/m.yu/repos/foundry/datasets/toxinpred3/train_neg.csv
train_neg_3846,0,/mnt/nw/home/m.yu/repos/foundry/datasets/toxinpred3/train_neg.csv
train_neg_3847,0,/mnt/nw/home/m.yu/repos/foundry/datasets/toxinpred3/train_neg.csv
train_neg_3848,0,/mnt/nw/home/m.yu/repos/foundry/datasets/toxinpred3/train_neg.csv
train_neg_3849,0,/mnt/nw/home/m.yu/repos/foundry/datasets/toxinpred3/train_neg.csv
train_neg_3850,0,/mnt/nw/home/m.yu/repos/foundry/datasets/toxinpred3/train_neg.csv
train_neg_3851,0,/mnt/nw/home/m.yu/repos/foundry/datasets/toxinpred3/train_neg.csv
train_neg_3852,0,/mnt/nw/home/m.yu/repos/foundry/datasets/toxinpred3/train_neg.csv
train_neg_3853,0,/mnt/nw/home/m.yu/repos/foundry/datasets/toxinpred3/train_neg.csv
train_neg_3854,0,/mnt/nw/home/m.yu/repos/foundry/datasets/toxinpred3/train_neg.csv
train_neg_3855,0,/mnt/nw/home/m.yu/repos/foundry/datasets/toxinpred3/train_neg.csv
train_neg_3856,0,/mnt/nw/home/m.yu/repos/foundry/datasets/toxinpred3/train_neg.csv
train_neg_3857,0,/mnt/nw/home/m.yu/repos/foundry/datasets/toxinpred3/train_neg.csv
train_neg_3858,0,/mnt/nw/home/m.yu/repos/foundry/datasets/toxinpred3/train_neg.csv
train_neg_3859,0,/mnt/nw/home/m.yu/repos/foundry/datasets/toxinpred3/train_neg.csv
train_neg_3860,0,/mnt/nw/home/m.yu/repos/foundry/datasets/toxinpred3/train_neg.csv
train_neg_3861,0,/mnt/nw/home/m.yu/repos/foundry/datasets/toxinpred3/train_neg.csv
train_neg_3862,0,/mnt/nw/home/m.yu/repos/foundry/datasets/toxinpred3/train_neg.csv
train_neg_3863,0,/mnt/nw/home/m.yu/repos/foundry/datasets/toxinpred3/train_neg.csv
train_neg_3864,0,/mnt/nw/home/m.yu/repos/foundry/datasets/toxinpred3/train_neg.csv
train_neg_3865,0,/mnt/nw/home/m.yu/repos/foundry/datasets/toxinpred3/train_neg.csv
train_neg_3866,0,/mnt/nw/home/m.yu/repos/foundry/datasets/toxinpred3/train_neg.csv
train_neg_3867,0,/mnt/nw/home/m.yu/repos/foundry/datasets/toxinpred3/train_neg.csv
train_neg_3868,0,/mnt/nw/home/m.yu/repos/foundry/datasets/toxinpred3/train_neg.csv
train_neg_3869,0,/mnt/nw/home/m.yu/repos/foundry/datasets/toxinpred3/train_neg.csv
train_neg_3870,0,/mnt/nw/home/m.yu/repos/foundry/datasets/toxinpred3/train_neg.csv
train_neg_3871,0,/mnt/nw/home/m.yu/repos/foundry/datasets/toxinpred3/train_neg.csv
train_neg_3872,0,/mnt/nw/home/m.yu/repos/foundry/datasets/toxinpred3/train_neg.csv
train_neg_3873,0,/mnt/nw/home/m.yu/repos/foundry/datasets/toxinpred3/train_neg.csv
train_neg_3874,0,/mnt/nw/home/m.yu/repos/foundry/datasets/toxinpred3/train_neg.csv
train_neg_3875,0,/mnt/nw/home/m.yu/repos/foundry/datasets/toxinpred3/train_neg.csv
train_neg_3876,0,/mnt/nw/home/m.yu/repos/foundry/datasets/toxinpred3/train_neg.csv
train_neg_3877,0,/mnt/nw/home/m.yu/repos/foundry/datasets/toxinpred3/train_neg.csv
train_neg_3878,0,/mnt/nw/home/m.yu/repos/foundry/datasets/toxinpred3/train_neg.csv
train_neg_3879,0,/mnt/nw/home/m.yu/repos/foundry/datasets/toxinpred3/train_neg.csv
train_neg_3880,0,/mnt/nw/home/m.yu/repos/foundry/datasets/toxinpred3/train_neg.csv
train_neg_3881,0,/mnt/nw/home/m.yu/repos/foundry/datasets/toxinpred3/train_neg.csv
train_neg_3882,0,/mnt/nw/home/m.yu/repos/foundry/datasets/toxinpred3/train_neg.csv
train_neg_3883,0,/mnt/nw/home/m.yu/repos/foundry/datasets/toxinpred3/train_neg.csv
train_neg_3884,0,/mnt/nw/home/m.yu/repos/foundry/datasets/toxinpred3/train_neg.csv
train_neg_3885,0,/mnt/nw/home/m.yu/repos/foundry/datasets/toxinpred3/train_neg.csv
train_neg_3886,0,/mnt/nw/home/m.yu/repos/foundry/datasets/toxinpred3/train_neg.csv
train_neg_3887,0,/mnt/nw/home/m.yu/repos/foundry/datasets/toxinpred3/train_neg.csv
train_neg_3888,0,/mnt/nw/home/m.yu/repos/foundry/datasets/toxinpred3/train_neg.csv
train_neg_3889,0,/mnt/nw/home/m.yu/repos/foundry/datasets/toxinpred3/train_neg.csv
train_neg_3890,0,/mnt/nw/home/m.yu/repos/foundry/datasets/toxinpred3/train_neg.csv
train_neg_3891,0,/mnt/nw/home/m.yu/repos/foundry/datasets/toxinpred3/train_neg.csv
train_neg_3892,0,/mnt/nw/home/m.yu/repos/foundry/datasets/toxinpred3/train_neg.csv
train_neg_3893,0,/mnt/nw/home/m.yu/repos/foundry/datasets/toxinpred3/train_neg.csv
train_neg_3894,0,/mnt/nw/home/m.yu/repos/foundry/datasets/toxinpred3/train_neg.csv
train_neg_3895,0,/mnt/nw/home/m.yu/repos/foundry/datasets/toxinpred3/train_neg.csv
train_neg_3896,0,/mnt/nw/home/m.yu/repos/foundry/datasets/toxinpred3/train_neg.csv
train_neg_3897,0,/mnt/nw/home/m.yu/repos/foundry/datasets/toxinpred3/train_neg.csv
train_neg_3898,0,/mnt/nw/home/m.yu/repos/foundry/datasets/toxinpred3/train_neg.csv
train_neg_3899,0,/mnt/nw/home/m.yu/repos/foundry/datasets/toxinpred3/train_neg.csv
train_neg_3900,0,/mnt/nw/home/m.yu/repos/foundry/datasets/toxinpred3/train_neg.csv
train_neg_3901,0,/mnt/nw/home/m.yu/repos/foundry/datasets/toxinpred3/train_neg.csv
train_neg_3902,0,/mnt/nw/home/m.yu/repos/foundry/datasets/toxinpred3/train_neg.csv
train_neg_3903,0,/mnt/nw/home/m.yu/repos/foundry/datasets/toxinpred3/train_neg.csv
train_neg_3904,0,/mnt/nw/home/m.yu/repos/foundry/datasets/toxinpred3/train_neg.csv
train_neg_3905,0,/mnt/nw/home/m.yu/repos/foundry/datasets/toxinpred3/train_neg.csv
train_neg_3906,0,/mnt/nw/home/m.yu/repos/foundry/datasets/toxinpred3/train_neg.csv
train_neg_3907,0,/mnt/nw/home/m.yu/repos/foundry/datasets/toxinpred3/train_neg.csv
train_neg_3908,0,/mnt/nw/home/m.yu/repos/foundry/datasets/toxinpred3/train_neg.csv
train_neg_3909,0,/mnt/nw/home/m.yu/repos/foundry/datasets/toxinpred3/train_neg.csv
train_neg_3910,0,/mnt/nw/home/m.yu/repos/foundry/datasets/toxinpred3/train_neg.csv
train_neg_3911,0,/mnt/nw/home/m.yu/repos/foundry/datasets/toxinpred3/train_neg.csv
train_neg_3912,0,/mnt/nw/home/m.yu/repos/foundry/datasets/toxinpred3/train_neg.csv
train_neg_3913,0,/mnt/nw/home/m.yu/repos/foundry/datasets/toxinpred3/train_neg.csv
train_neg_3914,0,/mnt/nw/home/m.yu/repos/foundry/datasets/toxinpred3/train_neg.csv
train_neg_3915,0,/mnt/nw/home/m.yu/repos/foundry/datasets/toxinpred3/train_neg.csv
train_neg_3916,0,/mnt/nw/home/m.yu/repos/foundry/datasets/toxinpred3/train_neg.csv
train_neg_3917,0,/mnt/nw/home/m.yu/repos/foundry/datasets/toxinpred3/train_neg.csv
train_neg_3918,0,/mnt/nw/home/m.yu/repos/foundry/datasets/toxinpred3/train_neg.csv
train_neg_3919,0,/mnt/nw/home/m.yu/repos/foundry/datasets/toxinpred3/train_neg.csv
train_neg_3920,0,/mnt/nw/home/m.yu/repos/foundry/datasets/toxinpred3/train_neg.csv
train_neg_3921,0,/mnt/nw/home/m.yu/repos/foundry/datasets/toxinpred3/train_neg.csv
train_neg_3922,0,/mnt/nw/home/m.yu/repos/foundry/datasets/toxinpred3/train_neg.csv
train_neg_3923,0,/mnt/nw/home/m.yu/repos/foundry/datasets/toxinpred3/train_neg.csv
train_neg_3924,0,/mnt/nw/home/m.yu/repos/foundry/datasets/toxinpred3/train_neg.csv
train_neg_3925,0,/mnt/nw/home/m.yu/repos/foundry/datasets/toxinpred3/train_neg.csv
train_neg_3926,0,/mnt/nw/home/m.yu/repos/foundry/datasets/toxinpred3/train_neg.csv
train_neg_3927,0,/mnt/nw/home/m.yu/repos/foundry/datasets/toxinpred3/train_neg.csv
train_neg_3928,0,/mnt/nw/home/m.yu/repos/foundry/datasets/toxinpred3/train_neg.csv
train_neg_3929,0,/mnt/nw/home/m.yu/repos/foundry/datasets/toxinpred3/train_neg.csv
train_neg_3930,0,/mnt/nw/home/m.yu/repos/foundry/datasets/toxinpred3/train_neg.csv
train_neg_3931,0,/mnt/nw/home/m.yu/repos/foundry/datasets/toxinpred3/train_neg.csv
train_neg_3932,0,/mnt/nw/home/m.yu/repos/foundry/datasets/toxinpred3/train_neg.csv
train_neg_3933,0,/mnt/nw/home/m.yu/repos/foundry/datasets/toxinpred3/train_neg.csv
train_neg_3934,0,/mnt/nw/home/m.yu/repos/foundry/datasets/toxinpred3/train_neg.csv
train_neg_3935,0,/mnt/nw/home/m.yu/repos/foundry/datasets/toxinpred3/train_neg.csv
train_neg_3936,0,/mnt/nw/home/m.yu/repos/foundry/datasets/toxinpred3/train_neg.csv
train_neg_3937,0,/mnt/nw/home/m.yu/repos/foundry/datasets/toxinpred3/train_neg.csv
train_neg_3938,0,/mnt/nw/home/m.yu/repos/foundry/datasets/toxinpred3/train_neg.csv
train_neg_3939,0,/mnt/nw/home/m.yu/repos/foundry/datasets/toxinpred3/train_neg.csv
train_neg_3940,0,/mnt/nw/home/m.yu/repos/foundry/datasets/toxinpred3/train_neg.csv
train_neg_3941,0,/mnt/nw/home/m.yu/repos/foundry/datasets/toxinpred3/train_neg.csv
train_neg_3942,0,/mnt/nw/home/m.yu/repos/foundry/datasets/toxinpred3/train_neg.csv
train_neg_3943,0,/mnt/nw/home/m.yu/repos/foundry/datasets/toxinpred3/train_neg.csv
train_neg_3944,0,/mnt/nw/home/m.yu/repos/foundry/datasets/toxinpred3/train_neg.csv
train_neg_3945,0,/mnt/nw/home/m.yu/repos/foundry/datasets/toxinpred3/train_neg.csv
train_neg_3946,0,/mnt/nw/home/m.yu/repos/foundry/datasets/toxinpred3/train_neg.csv
train_neg_3947,0,/mnt/nw/home/m.yu/repos/foundry/datasets/toxinpred3/train_neg.csv
train_neg_3948,0,/mnt/nw/home/m.yu/repos/foundry/datasets/toxinpred3/train_neg.csv
train_neg_3949,0,/mnt/nw/home/m.yu/repos/foundry/datasets/toxinpred3/train_neg.csv
train_neg_3950,0,/mnt/nw/home/m.yu/repos/foundry/datasets/toxinpred3/train_neg.csv
train_neg_3951,0,/mnt/nw/home/m.yu/repos/foundry/datasets/toxinpred3/train_neg.csv
train_neg_3952,0,/mnt/nw/home/m.yu/repos/foundry/datasets/toxinpred3/train_neg.csv
train_neg_3953,0,/mnt/nw/home/m.yu/repos/foundry/datasets/toxinpred3/train_neg.csv
train_neg_3954,0,/mnt/nw/home/m.yu/repos/foundry/datasets/toxinpred3/train_neg.csv
train_neg_3955,0,/mnt/nw/home/m.yu/repos/foundry/datasets/toxinpred3/train_neg.csv
train_neg_3956,0,/mnt/nw/home/m.yu/repos/foundry/datasets/toxinpred3/train_neg.csv
train_neg_3957,0,/mnt/nw/home/m.yu/repos/foundry/datasets/toxinpred3/train_neg.csv
train_neg_3958,0,/mnt/nw/home/m.yu/repos/foundry/datasets/toxinpred3/train_neg.csv
train_neg_3959,0,/mnt/nw/home/m.yu/repos/foundry/datasets/toxinpred3/train_neg.csv
train_neg_3960,0,/mnt/nw/home/m.yu/repos/foundry/datasets/toxinpred3/train_neg.csv
train_neg_3961,0,/mnt/nw/home/m.yu/repos/foundry/datasets/toxinpred3/train_neg.csv
train_neg_3962,0,/mnt/nw/home/m.yu/repos/foundry/datasets/toxinpred3/train_neg.csv
train_neg_3963,0,/mnt/nw/home/m.yu/repos/foundry/datasets/toxinpred3/train_neg.csv
train_neg_3964,0,/mnt/nw/home/m.yu/repos/foundry/datasets/toxinpred3/train_neg.csv
train_neg_3965,0,/mnt/nw/home/m.yu/repos/foundry/datasets/toxinpred3/train_neg.csv
train_neg_3966,0,/mnt/nw/home/m.yu/repos/foundry/datasets/toxinpred3/train_neg.csv
train_neg_3967,0,/mnt/nw/home/m.yu/repos/foundry/datasets/toxinpred3/train_neg.csv
train_neg_3968,0,/mnt/nw/home/m.yu/repos/foundry/datasets/toxinpred3/train_neg.csv
train_neg_3969,0,/mnt/nw/home/m.yu/repos/foundry/datasets/toxinpred3/train_neg.csv
train_neg_3970,0,/mnt/nw/home/m.yu/repos/foundry/datasets/toxinpred3/train_neg.csv
train_neg_3971,0,/mnt/nw/home/m.yu/repos/foundry/datasets/toxinpred3/train_neg.csv
train_neg_3972,0,/mnt/nw/home/m.yu/repos/foundry/datasets/toxinpred3/train_neg.csv
train_neg_3973,0,/mnt/nw/home/m.yu/repos/foundry/datasets/toxinpred3/train_neg.csv
train_neg_3974,0,/mnt/nw/home/m.yu/repos/foundry/datasets/toxinpred3/train_neg.csv
train_neg_3975,0,/mnt/nw/home/m.yu/repos/foundry/datasets/toxinpred3/train_neg.csv
train_neg_3976,0,/mnt/nw/home/m.yu/repos/foundry/datasets/toxinpred3/train_neg.csv
train_neg_3977,0,/mnt/nw/home/m.yu/repos/foundry/datasets/toxinpred3/train_neg.csv
train_neg_3978,0,/mnt/nw/home/m.yu/repos/foundry/datasets/toxinpred3/train_neg.csv
train_neg_3979,0,/mnt/nw/home/m.yu/repos/foundry/datasets/toxinpred3/train_neg.csv
train_neg_3980,0,/mnt/nw/home/m.yu/repos/foundry/datasets/toxinpred3/train_neg.csv
train_neg_3981,0,/mnt/nw/home/m.yu/repos/foundry/datasets/toxinpred3/train_neg.csv
train_neg_3982,0,/mnt/nw/home/m.yu/repos/foundry/datasets/toxinpred3/train_neg.csv
train_neg_3983,0,/mnt/nw/home/m.yu/repos/foundry/datasets/toxinpred3/train_neg.csv
train_neg_3984,0,/mnt/nw/home/m.yu/repos/foundry/datasets/toxinpred3/train_neg.csv
train_neg_3985,0,/mnt/nw/home/m.yu/repos/foundry/datasets/toxinpred3/train_neg.csv
train_neg_3986,0,/mnt/nw/home/m.yu/repos/foundry/datasets/toxinpred3/train_neg.csv
train_neg_3987,0,/mnt/nw/home/m.yu/repos/foundry/datasets/toxinpred3/train_neg.csv
train_neg_3988,0,/mnt/nw/home/m.yu/repos/foundry/datasets/toxinpred3/train_neg.csv
train_neg_3989,0,/mnt/nw/home/m.yu/repos/foundry/datasets/toxinpred3/train_neg.csv
train_neg_3990,0,/mnt/nw/home/m.yu/repos/foundry/datasets/toxinpred3/train_neg.csv
train_neg_3991,0,/mnt/nw/home/m.yu/repos/foundry/datasets/toxinpred3/train_neg.csv
train_neg_3992,0,/mnt/nw/home/m.yu/repos/foundry/datasets/toxinpred3/train_neg.csv
train_neg_3993,0,/mnt/nw/home/m.yu/repos/foundry/datasets/toxinpred3/train_neg.csv
train_neg_3994,0,/mnt/nw/home/m.yu/repos/foundry/datasets/toxinpred3/train_neg.csv
train_neg_3995,0,/mnt/nw/home/m.yu/repos/foundry/datasets/toxinpred3/train_neg.csv
train_neg_3996,0,/mnt/nw/home/m.yu/repos/foundry/datasets/toxinpred3/train_neg.csv
train_neg_3997,0,/mnt/nw/home/m.yu/repos/foundry/datasets/toxinpred3/train_neg.csv
train_neg_3998,0,/mnt/nw/home/m.yu/repos/foundry/datasets/toxinpred3/train_neg.csv
train_neg_3999,0,/mnt/nw/home/m.yu/repos/foundry/datasets/toxinpred3/train_neg.csv
train_neg_4000,0,/mnt/nw/home/m.yu/repos/foundry/datasets/toxinpred3/train_neg.csv
train_neg_4001,0,/mnt/nw/home/m.yu/repos/foundry/datasets/toxinpred3/train_neg.csv
train_neg_4002,0,/mnt/nw/home/m.yu/repos/foundry/datasets/toxinpred3/train_neg.csv
train_neg_4003,0,/mnt/nw/home/m.yu/repos/foundry/datasets/toxinpred3/train_neg.csv
train_neg_4004,0,/mnt/nw/home/m.yu/repos/foundry/datasets/toxinpred3/train_neg.csv
train_neg_4005,0,/mnt/nw/home/m.yu/repos/foundry/datasets/toxinpred3/train_neg.csv
train_neg_4006,0,/mnt/nw/home/m.yu/repos/foundry/datasets/toxinpred3/train_neg.csv
train_neg_4007,0,/mnt/nw/home/m.yu/repos/foundry/datasets/toxinpred3/train_neg.csv
train_neg_4008,0,/mnt/nw/home/m.yu/repos/foundry/datasets/toxinpred3/train_neg.csv
train_neg_4009,0,/mnt/nw/home/m.yu/repos/foundry/datasets/toxinpred3/train_neg.csv
train_neg_4010,0,/mnt/nw/home/m.yu/repos/foundry/datasets/toxinpred3/train_neg.csv
train_neg_4011,0,/mnt/nw/home/m.yu/repos/foundry/datasets/toxinpred3/train_neg.csv
train_neg_4012,0,/mnt/nw/home/m.yu/repos/foundry/datasets/toxinpred3/train_neg.csv
train_neg_4013,0,/mnt/nw/home/m.yu/repos/foundry/datasets/toxinpred3/train_neg.csv
train_neg_4014,0,/mnt/nw/home/m.yu/repos/foundry/datasets/toxinpred3/train_neg.csv
train_neg_4015,0,/mnt/nw/home/m.yu/repos/foundry/datasets/toxinpred3/train_neg.csv
train_neg_4016,0,/mnt/nw/home/m.yu/repos/foundry/datasets/toxinpred3/train_neg.csv
train_neg_4017,0,/mnt/nw/home/m.yu/repos/foundry/datasets/toxinpred3/train_neg.csv
train_neg_4018,0,/mnt/nw/home/m.yu/repos/foundry/datasets/toxinpred3/train_neg.csv
train_neg_4019,0,/mnt/nw/home/m.yu/repos/foundry/datasets/toxinpred3/train_neg.csv
train_neg_4020,0,/mnt/nw/home/m.yu/repos/foundry/datasets/toxinpred3/train_neg.csv
train_neg_4021,0,/mnt/nw/home/m.yu/repos/foundry/datasets/toxinpred3/train_neg.csv
train_neg_4022,0,/mnt/nw/home/m.yu/repos/foundry/datasets/toxinpred3/train_neg.csv
train_neg_4023,0,/mnt/nw/home/m.yu/repos/foundry/datasets/toxinpred3/train_neg.csv
train_neg_4024,0,/mnt/nw/home/m.yu/repos/foundry/datasets/toxinpred3/train_neg.csv
train_neg_4025,0,/mnt/nw/home/m.yu/repos/foundry/datasets/toxinpred3/train_neg.csv
train_neg_4026,0,/mnt/nw/home/m.yu/repos/foundry/datasets/toxinpred3/train_neg.csv
train_neg_4027,0,/mnt/nw/home/m.yu/repos/foundry/datasets/toxinpred3/train_neg.csv
train_neg_4028,0,/mnt/nw/home/m.yu/repos/foundry/datasets/toxinpred3/train_neg.csv
train_neg_4029,0,/mnt/nw/home/m.yu/repos/foundry/datasets/toxinpred3/train_neg.csv
train_neg_4030,0,/mnt/nw/home/m.yu/repos/foundry/datasets/toxinpred3/train_neg.csv
train_neg_4031,0,/mnt/nw/home/m.yu/repos/foundry/datasets/toxinpred3/train_neg.csv
train_neg_4032,0,/mnt/nw/home/m.yu/repos/foundry/datasets/toxinpred3/train_neg.csv
train_neg_4033,0,/mnt/nw/home/m.yu/repos/foundry/datasets/toxinpred3/train_neg.csv
train_neg_4034,0,/mnt/nw/home/m.yu/repos/foundry/datasets/toxinpred3/train_neg.csv
train_neg_4035,0,/mnt/nw/home/m.yu/repos/foundry/datasets/toxinpred3/train_neg.csv
train_neg_4036,0,/mnt/nw/home/m.yu/repos/foundry/datasets/toxinpred3/train_neg.csv
train_neg_4037,0,/mnt/nw/home/m.yu/repos/foundry/datasets/toxinpred3/train_neg.csv
train_neg_4038,0,/mnt/nw/home/m.yu/repos/foundry/datasets/toxinpred3/train_neg.csv
train_neg_4039,0,/mnt/nw/home/m.yu/repos/foundry/datasets/toxinpred3/train_neg.csv
train_neg_4040,0,/mnt/nw/home/m.yu/repos/foundry/datasets/toxinpred3/train_neg.csv
train_neg_4041,0,/mnt/nw/home/m.yu/repos/foundry/datasets/toxinpred3/train_neg.csv
train_neg_4042,0,/mnt/nw/home/m.yu/repos/foundry/datasets/toxinpred3/train_neg.csv
train_neg_4043,0,/mnt/nw/home/m.yu/repos/foundry/datasets/toxinpred3/train_neg.csv
train_neg_4044,0,/mnt/nw/home/m.yu/repos/foundry/datasets/toxinpred3/train_neg.csv
train_neg_4045,0,/mnt/nw/home/m.yu/repos/foundry/datasets/toxinpred3/train_neg.csv
train_neg_4046,0,/mnt/nw/home/m.yu/repos/foundry/datasets/toxinpred3/train_neg.csv
train_neg_4047,0,/mnt/nw/home/m.yu/repos/foundry/datasets/toxinpred3/train_neg.csv
train_neg_4048,0,/mnt/nw/home/m.yu/repos/foundry/datasets/toxinpred3/train_neg.csv
train_neg_4049,0,/mnt/nw/home/m.yu/repos/foundry/datasets/toxinpred3/train_neg.csv
train_neg_4050,0,/mnt/nw/home/m.yu/repos/foundry/datasets/toxinpred3/train_neg.csv
train_neg_4051,0,/mnt/nw/home/m.yu/repos/foundry/datasets/toxinpred3/train_neg.csv
train_neg_4052,0,/mnt/nw/home/m.yu/repos/foundry/datasets/toxinpred3/train_neg.csv
train_neg_4053,0,/mnt/nw/home/m.yu/repos/foundry/datasets/toxinpred3/train_neg.csv
train_neg_4054,0,/mnt/nw/home/m.yu/repos/foundry/datasets/toxinpred3/train_neg.csv
train_neg_4055,0,/mnt/nw/home/m.yu/repos/foundry/datasets/toxinpred3/train_neg.csv
train_neg_4056,0,/mnt/nw/home/m.yu/repos/foundry/datasets/toxinpred3/train_neg.csv
train_neg_4057,0,/mnt/nw/home/m.yu/repos/foundry/datasets/toxinpred3/train_neg.csv
train_neg_4058,0,/mnt/nw/home/m.yu/repos/foundry/datasets/toxinpred3/train_neg.csv
train_neg_4059,0,/mnt/nw/home/m.yu/repos/foundry/datasets/toxinpred3/train_neg.csv
train_neg_4060,0,/mnt/nw/home/m.yu/repos/foundry/datasets/toxinpred3/train_neg.csv
train_neg_4061,0,/mnt/nw/home/m.yu/repos/foundry/datasets/toxinpred3/train_neg.csv
train_neg_4062,0,/mnt/nw/home/m.yu/repos/foundry/datasets/toxinpred3/train_neg.csv
train_neg_4063,0,/mnt/nw/home/m.yu/repos/foundry/datasets/toxinpred3/train_neg.csv
train_neg_4064,0,/mnt/nw/home/m.yu/repos/foundry/datasets/toxinpred3/train_neg.csv
train_neg_4065,0,/mnt/nw/home/m.yu/repos/foundry/datasets/toxinpred3/train_neg.csv
train_neg_4066,0,/mnt/nw/home/m.yu/repos/foundry/datasets/toxinpred3/train_neg.csv
train_neg_4067,0,/mnt/nw/home/m.yu/repos/foundry/datasets/toxinpred3/train_neg.csv
train_neg_4068,0,/mnt/nw/home/m.yu/repos/foundry/datasets/toxinpred3/train_neg.csv
train_neg_4069,0,/mnt/nw/home/m.yu/repos/foundry/datasets/toxinpred3/train_neg.csv
train_neg_4070,0,/mnt/nw/home/m.yu/repos/foundry/datasets/toxinpred3/train_neg.csv
train_neg_4071,0,/mnt/nw/home/m.yu/repos/foundry/datasets/toxinpred3/train_neg.csv
train_neg_4072,0,/mnt/nw/home/m.yu/repos/foundry/datasets/toxinpred3/train_neg.csv
train_neg_4073,0,/mnt/nw/home/m.yu/repos/foundry/datasets/toxinpred3/train_neg.csv
train_neg_4074,0,/mnt/nw/home/m.yu/repos/foundry/datasets/toxinpred3/train_neg.csv
train_neg_4075,0,/mnt/nw/home/m.yu/repos/foundry/datasets/toxinpred3/train_neg.csv
train_neg_4076,0,/mnt/nw/home/m.yu/repos/foundry/datasets/toxinpred3/train_neg.csv
train_neg_4077,0,/mnt/nw/home/m.yu/repos/foundry/datasets/toxinpred3/train_neg.csv
train_neg_4078,0,/mnt/nw/home/m.yu/repos/foundry/datasets/toxinpred3/train_neg.csv
train_neg_4079,0,/mnt/nw/home/m.yu/repos/foundry/datasets/toxinpred3/train_neg.csv
train_neg_4080,0,/mnt/nw/home/m.yu/repos/foundry/datasets/toxinpred3/train_neg.csv
train_neg_4081,0,/mnt/nw/home/m.yu/repos/foundry/datasets/toxinpred3/train_neg.csv
train_neg_4082,0,/mnt/nw/home/m.yu/repos/foundry/datasets/toxinpred3/train_neg.csv
train_neg_4083,0,/mnt/nw/home/m.yu/repos/foundry/datasets/toxinpred3/train_neg.csv
train_neg_4084,0,/mnt/nw/home/m.yu/repos/foundry/datasets/toxinpred3/train_neg.csv
train_neg_4085,0,/mnt/nw/home/m.yu/repos/foundry/datasets/toxinpred3/train_neg.csv
train_neg_4086,0,/mnt/nw/home/m.yu/repos/foundry/datasets/toxinpred3/train_neg.csv
train_neg_4087,0,/mnt/nw/home/m.yu/repos/foundry/datasets/toxinpred3/train_neg.csv
train_neg_4088,0,/mnt/nw/home/m.yu/repos/foundry/datasets/toxinpred3/train_neg.csv
train_neg_4089,0,/mnt/nw/home/m.yu/repos/foundry/datasets/toxinpred3/train_neg.csv
train_neg_4090,0,/mnt/nw/home/m.yu/repos/foundry/datasets/toxinpred3/train_neg.csv
train_neg_4091,0,/mnt/nw/home/m.yu/repos/foundry/datasets/toxinpred3/train_neg.csv
train_neg_4092,0,/mnt/nw/home/m.yu/repos/foundry/datasets/toxinpred3/train_neg.csv
train_neg_4093,0,/mnt/nw/home/m.yu/repos/foundry/datasets/toxinpred3/train_neg.csv
train_neg_4094,0,/mnt/nw/home/m.yu/repos/foundry/datasets/toxinpred3/train_neg.csv
train_neg_4095,0,/mnt/nw/home/m.yu/repos/foundry/datasets/toxinpred3/train_neg.csv
train_neg_4096,0,/mnt/nw/home/m.yu/repos/foundry/datasets/toxinpred3/train_neg.csv
train_neg_4097,0,/mnt/nw/home/m.yu/repos/foundry/datasets/toxinpred3/train_neg.csv
train_neg_4098,0,/mnt/nw/home/m.yu/repos/foundry/datasets/toxinpred3/train_neg.csv
train_neg_4099,0,/mnt/nw/home/m.yu/repos/foundry/datasets/toxinpred3/train_neg.csv
train_neg_4100,0,/mnt/nw/home/m.yu/repos/foundry/datasets/toxinpred3/train_neg.csv
train_neg_4101,0,/mnt/nw/home/m.yu/repos/foundry/datasets/toxinpred3/train_neg.csv
train_neg_4102,0,/mnt/nw/home/m.yu/repos/foundry/datasets/toxinpred3/train_neg.csv
train_neg_4103,0,/mnt/nw/home/m.yu/repos/foundry/datasets/toxinpred3/train_neg.csv
train_neg_4104,0,/mnt/nw/home/m.yu/repos/foundry/datasets/toxinpred3/train_neg.csv
train_neg_4105,0,/mnt/nw/home/m.yu/repos/foundry/datasets/toxinpred3/train_neg.csv
train_neg_4106,0,/mnt/nw/home/m.yu/repos/foundry/datasets/toxinpred3/train_neg.csv
train_neg_4107,0,/mnt/nw/home/m.yu/repos/foundry/datasets/toxinpred3/train_neg.csv
train_neg_4108,0,/mnt/nw/home/m.yu/repos/foundry/datasets/toxinpred3/train_neg.csv
train_neg_4109,0,/mnt/nw/home/m.yu/repos/foundry/datasets/toxinpred3/train_neg.csv
train_neg_4110,0,/mnt/nw/home/m.yu/repos/foundry/datasets/toxinpred3/train_neg.csv
train_neg_4111,0,/mnt/nw/home/m.yu/repos/foundry/datasets/toxinpred3/train_neg.csv
train_neg_4112,0,/mnt/nw/home/m.yu/repos/foundry/datasets/toxinpred3/train_neg.csv
train_neg_4113,0,/mnt/nw/home/m.yu/repos/foundry/datasets/toxinpred3/train_neg.csv
train_neg_4114,0,/mnt/nw/home/m.yu/repos/foundry/datasets/toxinpred3/train_neg.csv
train_neg_4115,0,/mnt/nw/home/m.yu/repos/foundry/datasets/toxinpred3/train_neg.csv
train_neg_4116,0,/mnt/nw/home/m.yu/repos/foundry/datasets/toxinpred3/train_neg.csv
train_neg_4117,0,/mnt/nw/home/m.yu/repos/foundry/datasets/toxinpred3/train_neg.csv
train_neg_4118,0,/mnt/nw/home/m.yu/repos/foundry/datasets/toxinpred3/train_neg.csv
train_neg_4119,0,/mnt/nw/home/m.yu/repos/foundry/datasets/toxinpred3/train_neg.csv
train_neg_4120,0,/mnt/nw/home/m.yu/repos/foundry/datasets/toxinpred3/train_neg.csv
train_neg_4121,0,/mnt/nw/home/m.yu/repos/foundry/datasets/toxinpred3/train_neg.csv
train_neg_4122,0,/mnt/nw/home/m.yu/repos/foundry/datasets/toxinpred3/train_neg.csv
train_neg_4123,0,/mnt/nw/home/m.yu/repos/foundry/datasets/toxinpred3/train_neg.csv
train_neg_4124,0,/mnt/nw/home/m.yu/repos/foundry/datasets/toxinpred3/train_neg.csv
train_neg_4125,0,/mnt/nw/home/m.yu/repos/foundry/datasets/toxinpred3/train_neg.csv
train_neg_4126,0,/mnt/nw/home/m.yu/repos/foundry/datasets/toxinpred3/train_neg.csv
train_neg_4127,0,/mnt/nw/home/m.yu/repos/foundry/datasets/toxinpred3/train_neg.csv
train_neg_4128,0,/mnt/nw/home/m.yu/repos/foundry/datasets/toxinpred3/train_neg.csv
train_neg_4129,0,/mnt/nw/home/m.yu/repos/foundry/datasets/toxinpred3/train_neg.csv
train_neg_4130,0,/mnt/nw/home/m.yu/repos/foundry/datasets/toxinpred3/train_neg.csv
train_neg_4131,0,/mnt/nw/home/m.yu/repos/foundry/datasets/toxinpred3/train_neg.csv
train_neg_4132,0,/mnt/nw/home/m.yu/repos/foundry/datasets/toxinpred3/train_neg.csv
train_neg_4133,0,/mnt/nw/home/m.yu/repos/foundry/datasets/toxinpred3/train_neg.csv
train_neg_4134,0,/mnt/nw/home/m.yu/repos/foundry/datasets/toxinpred3/train_neg.csv
train_neg_4135,0,/mnt/nw/home/m.yu/repos/foundry/datasets/toxinpred3/train_neg.csv
train_neg_4136,0,/mnt/nw/home/m.yu/repos/foundry/datasets/toxinpred3/train_neg.csv
train_neg_4137,0,/mnt/nw/home/m.yu/repos/foundry/datasets/toxinpred3/train_neg.csv
train_neg_4138,0,/mnt/nw/home/m.yu/repos/foundry/datasets/toxinpred3/train_neg.csv
train_neg_4139,0,/mnt/nw/home/m.yu/repos/foundry/datasets/toxinpred3/train_neg.csv
train_neg_4140,0,/mnt/nw/home/m.yu/repos/foundry/datasets/toxinpred3/train_neg.csv
train_neg_4141,0,/mnt/nw/home/m.yu/repos/foundry/datasets/toxinpred3/train_neg.csv
train_neg_4142,0,/mnt/nw/home/m.yu/repos/foundry/datasets/toxinpred3/train_neg.csv
train_neg_4143,0,/mnt/nw/home/m.yu/repos/foundry/datasets/toxinpred3/train_neg.csv
train_neg_4144,0,/mnt/nw/home/m.yu/repos/foundry/datasets/toxinpred3/train_neg.csv
train_neg_4145,0,/mnt/nw/home/m.yu/repos/foundry/datasets/toxinpred3/train_neg.csv
train_neg_4146,0,/mnt/nw/home/m.yu/repos/foundry/datasets/toxinpred3/train_neg.csv
train_neg_4147,0,/mnt/nw/home/m.yu/repos/foundry/datasets/toxinpred3/train_neg.csv
train_neg_4148,0,/mnt/nw/home/m.yu/repos/foundry/datasets/toxinpred3/train_neg.csv
train_neg_4149,0,/mnt/nw/home/m.yu/repos/foundry/datasets/toxinpred3/train_neg.csv
train_neg_4150,0,/mnt/nw/home/m.yu/repos/foundry/datasets/toxinpred3/train_neg.csv
train_neg_4151,0,/mnt/nw/home/m.yu/repos/foundry/datasets/toxinpred3/train_neg.csv
train_neg_4152,0,/mnt/nw/home/m.yu/repos/foundry/datasets/toxinpred3/train_neg.csv
train_neg_4153,0,/mnt/nw/home/m.yu/repos/foundry/datasets/toxinpred3/train_neg.csv
train_neg_4154,0,/mnt/nw/home/m.yu/repos/foundry/datasets/toxinpred3/train_neg.csv
train_neg_4155,0,/mnt/nw/home/m.yu/repos/foundry/datasets/toxinpred3/train_neg.csv
train_neg_4156,0,/mnt/nw/home/m.yu/repos/foundry/datasets/toxinpred3/train_neg.csv
train_neg_4157,0,/mnt/nw/home/m.yu/repos/foundry/datasets/toxinpred3/train_neg.csv
train_neg_4158,0,/mnt/nw/home/m.yu/repos/foundry/datasets/toxinpred3/train_neg.csv
train_neg_4159,0,/mnt/nw/home/m.yu/repos/foundry/datasets/toxinpred3/train_neg.csv
train_neg_4160,0,/mnt/nw/home/m.yu/repos/foundry/datasets/toxinpred3/train_neg.csv
train_neg_4161,0,/mnt/nw/home/m.yu/repos/foundry/datasets/toxinpred3/train_neg.csv
train_neg_4162,0,/mnt/nw/home/m.yu/repos/foundry/datasets/toxinpred3/train_neg.csv
train_neg_4163,0,/mnt/nw/home/m.yu/repos/foundry/datasets/toxinpred3/train_neg.csv
train_neg_4164,0,/mnt/nw/home/m.yu/repos/foundry/datasets/toxinpred3/train_neg.csv
train_neg_4165,0,/mnt/nw/home/m.yu/repos/foundry/datasets/toxinpred3/train_neg.csv
train_neg_4166,0,/mnt/nw/home/m.yu/repos/foundry/datasets/toxinpred3/train_neg.csv
train_neg_4167,0,/mnt/nw/home/m.yu/repos/foundry/datasets/toxinpred3/train_neg.csv
train_neg_4168,0,/mnt/nw/home/m.yu/repos/foundry/datasets/toxinpred3/train_neg.csv
train_neg_4169,0,/mnt/nw/home/m.yu/repos/foundry/datasets/toxinpred3/train_neg.csv
train_neg_4170,0,/mnt/nw/home/m.yu/repos/foundry/datasets/toxinpred3/train_neg.csv
train_neg_4171,0,/mnt/nw/home/m.yu/repos/foundry/datasets/toxinpred3/train_neg.csv
train_neg_4172,0,/mnt/nw/home/m.yu/repos/foundry/datasets/toxinpred3/train_neg.csv
train_neg_4173,0,/mnt/nw/home/m.yu/repos/foundry/datasets/toxinpred3/train_neg.csv
train_neg_4174,0,/mnt/nw/home/m.yu/repos/foundry/datasets/toxinpred3/train_neg.csv
train_neg_4175,0,/mnt/nw/home/m.yu/repos/foundry/datasets/toxinpred3/train_neg.csv
train_neg_4176,0,/mnt/nw/home/m.yu/repos/foundry/datasets/toxinpred3/train_neg.csv
train_neg_4177,0,/mnt/nw/home/m.yu/repos/foundry/datasets/toxinpred3/train_neg.csv
train_neg_4178,0,/mnt/nw/home/m.yu/repos/foundry/datasets/toxinpred3/train_neg.csv
train_neg_4179,0,/mnt/nw/home/m.yu/repos/foundry/datasets/toxinpred3/train_neg.csv
train_neg_4180,0,/mnt/nw/home/m.yu/repos/foundry/datasets/toxinpred3/train_neg.csv
train_neg_4181,0,/mnt/nw/home/m.yu/repos/foundry/datasets/toxinpred3/train_neg.csv
train_neg_4182,0,/mnt/nw/home/m.yu/repos/foundry/datasets/toxinpred3/train_neg.csv
train_neg_4183,0,/mnt/nw/home/m.yu/repos/foundry/datasets/toxinpred3/train_neg.csv
train_neg_4184,0,/mnt/nw/home/m.yu/repos/foundry/datasets/toxinpred3/train_neg.csv
train_neg_4185,0,/mnt/nw/home/m.yu/repos/foundry/datasets/toxinpred3/train_neg.csv
train_neg_4186,0,/mnt/nw/home/m.yu/repos/foundry/datasets/toxinpred3/train_neg.csv
train_neg_4187,0,/mnt/nw/home/m.yu/repos/foundry/datasets/toxinpred3/train_neg.csv
train_neg_4188,0,/mnt/nw/home/m.yu/repos/foundry/datasets/toxinpred3/train_neg.csv
train_neg_4189,0,/mnt/nw/home/m.yu/repos/foundry/datasets/toxinpred3/train_neg.csv
train_neg_4190,0,/mnt/nw/home/m.yu/repos/foundry/datasets/toxinpred3/train_neg.csv
train_neg_4191,0,/mnt/nw/home/m.yu/repos/foundry/datasets/toxinpred3/train_neg.csv
train_neg_4192,0,/mnt/nw/home/m.yu/repos/foundry/datasets/toxinpred3/train_neg.csv
train_neg_4193,0,/mnt/nw/home/m.yu/repos/foundry/datasets/toxinpred3/train_neg.csv
train_neg_4194,0,/mnt/nw/home/m.yu/repos/foundry/datasets/toxinpred3/train_neg.csv
train_neg_4195,0,/mnt/nw/home/m.yu/repos/foundry/datasets/toxinpred3/train_neg.csv
train_neg_4196,0,/mnt/nw/home/m.yu/repos/foundry/datasets/toxinpred3/train_neg.csv
train_neg_4197,0,/mnt/nw/home/m.yu/repos/foundry/datasets/toxinpred3/train_neg.csv
train_neg_4198,0,/mnt/nw/home/m.yu/repos/foundry/datasets/toxinpred3/train_neg.csv
train_neg_4199,0,/mnt/nw/home/m.yu/repos/foundry/datasets/toxinpred3/train_neg.csv
train_neg_4200,0,/mnt/nw/home/m.yu/repos/foundry/datasets/toxinpred3/train_neg.csv
train_neg_4201,0,/mnt/nw/home/m.yu/repos/foundry/datasets/toxinpred3/train_neg.csv
train_neg_4202,0,/mnt/nw/home/m.yu/repos/foundry/datasets/toxinpred3/train_neg.csv
train_neg_4203,0,/mnt/nw/home/m.yu/repos/foundry/datasets/toxinpred3/train_neg.csv
train_neg_4204,0,/mnt/nw/home/m.yu/repos/foundry/datasets/toxinpred3/train_neg.csv
train_neg_4205,0,/mnt/nw/home/m.yu/repos/foundry/datasets/toxinpred3/train_neg.csv
train_neg_4206,0,/mnt/nw/home/m.yu/repos/foundry/datasets/toxinpred3/train_neg.csv
train_neg_4207,0,/mnt/nw/home/m.yu/repos/foundry/datasets/toxinpred3/train_neg.csv
train_neg_4208,0,/mnt/nw/home/m.yu/repos/foundry/datasets/toxinpred3/train_neg.csv
train_neg_4209,0,/mnt/nw/home/m.yu/repos/foundry/datasets/toxinpred3/train_neg.csv
train_neg_4210,0,/mnt/nw/home/m.yu/repos/foundry/datasets/toxinpred3/train_neg.csv
train_neg_4211,0,/mnt/nw/home/m.yu/repos/foundry/datasets/toxinpred3/train_neg.csv
train_neg_4212,0,/mnt/nw/home/m.yu/repos/foundry/datasets/toxinpred3/train_neg.csv
train_neg_4213,0,/mnt/nw/home/m.yu/repos/foundry/datasets/toxinpred3/train_neg.csv
train_neg_4214,0,/mnt/nw/home/m.yu/repos/foundry/datasets/toxinpred3/train_neg.csv
train_neg_4215,0,/mnt/nw/home/m.yu/repos/foundry/datasets/toxinpred3/train_neg.csv
train_neg_4216,0,/mnt/nw/home/m.yu/repos/foundry/datasets/toxinpred3/train_neg.csv
train_neg_4217,0,/mnt/nw/home/m.yu/repos/foundry/datasets/toxinpred3/train_neg.csv
train_neg_4218,0,/mnt/nw/home/m.yu/repos/foundry/datasets/toxinpred3/train_neg.csv
train_neg_4219,0,/mnt/nw/home/m.yu/repos/foundry/datasets/toxinpred3/train_neg.csv
train_neg_4220,0,/mnt/nw/home/m.yu/repos/foundry/datasets/toxinpred3/train_neg.csv
train_neg_4221,0,/mnt/nw/home/m.yu/repos/foundry/datasets/toxinpred3/train_neg.csv
train_neg_4222,0,/mnt/nw/home/m.yu/repos/foundry/datasets/toxinpred3/train_neg.csv
train_neg_4223,0,/mnt/nw/home/m.yu/repos/foundry/datasets/toxinpred3/train_neg.csv
train_neg_4224,0,/mnt/nw/home/m.yu/repos/foundry/datasets/toxinpred3/train_neg.csv
train_neg_4225,0,/mnt/nw/home/m.yu/repos/foundry/datasets/toxinpred3/train_neg.csv
train_neg_4226,0,/mnt/nw/home/m.yu/repos/foundry/datasets/toxinpred3/train_neg.csv
train_neg_4227,0,/mnt/nw/home/m.yu/repos/foundry/datasets/toxinpred3/train_neg.csv
train_neg_4228,0,/mnt/nw/home/m.yu/repos/foundry/datasets/toxinpred3/train_neg.csv
train_neg_4229,0,/mnt/nw/home/m.yu/repos/foundry/datasets/toxinpred3/train_neg.csv
train_neg_4230,0,/mnt/nw/home/m.yu/repos/foundry/datasets/toxinpred3/train_neg.csv
train_neg_4231,0,/mnt/nw/home/m.yu/repos/foundry/datasets/toxinpred3/train_neg.csv
train_neg_4232,0,/mnt/nw/home/m.yu/repos/foundry/datasets/toxinpred3/train_neg.csv
train_neg_4233,0,/mnt/nw/home/m.yu/repos/foundry/datasets/toxinpred3/train_neg.csv
train_neg_4234,0,/mnt/nw/home/m.yu/repos/foundry/datasets/toxinpred3/train_neg.csv
train_neg_4235,0,/mnt/nw/home/m.yu/repos/foundry/datasets/toxinpred3/train_neg.csv
train_neg_4236,0,/mnt/nw/home/m.yu/repos/foundry/datasets/toxinpred3/train_neg.csv
train_neg_4237,0,/mnt/nw/home/m.yu/repos/foundry/datasets/toxinpred3/train_neg.csv
train_neg_4238,0,/mnt/nw/home/m.yu/repos/foundry/datasets/toxinpred3/train_neg.csv
train_neg_4239,0,/mnt/nw/home/m.yu/repos/foundry/datasets/toxinpred3/train_neg.csv
train_neg_4240,0,/mnt/nw/home/m.yu/repos/foundry/datasets/toxinpred3/train_neg.csv
train_neg_4241,0,/mnt/nw/home/m.yu/repos/foundry/datasets/toxinpred3/train_neg.csv
train_neg_4242,0,/mnt/nw/home/m.yu/repos/foundry/datasets/toxinpred3/train_neg.csv
train_neg_4243,0,/mnt/nw/home/m.yu/repos/foundry/datasets/toxinpred3/train_neg.csv
train_neg_4244,0,/mnt/nw/home/m.yu/repos/foundry/datasets/toxinpred3/train_neg.csv
train_neg_4245,0,/mnt/nw/home/m.yu/repos/foundry/datasets/toxinpred3/train_neg.csv
train_neg_4246,0,/mnt/nw/home/m.yu/repos/foundry/datasets/toxinpred3/train_neg.csv
train_neg_4247,0,/mnt/nw/home/m.yu/repos/foundry/datasets/toxinpred3/train_neg.csv
train_neg_4248,0,/mnt/nw/home/m.yu/repos/foundry/datasets/toxinpred3/train_neg.csv
train_neg_4249,0,/mnt/nw/home/m.yu/repos/foundry/datasets/toxinpred3/train_neg.csv
train_neg_4250,0,/mnt/nw/home/m.yu/repos/foundry/datasets/toxinpred3/train_neg.csv
train_neg_4251,0,/mnt/nw/home/m.yu/repos/foundry/datasets/toxinpred3/train_neg.csv
train_neg_4252,0,/mnt/nw/home/m.yu/repos/foundry/datasets/toxinpred3/train_neg.csv
train_neg_4253,0,/mnt/nw/home/m.yu/repos/foundry/datasets/toxinpred3/train_neg.csv
train_neg_4254,0,/mnt/nw/home/m.yu/repos/foundry/datasets/toxinpred3/train_neg.csv
train_neg_4255,0,/mnt/nw/home/m.yu/repos/foundry/datasets/toxinpred3/train_neg.csv
train_neg_4256,0,/mnt/nw/home/m.yu/repos/foundry/datasets/toxinpred3/train_neg.csv
train_neg_4257,0,/mnt/nw/home/m.yu/repos/foundry/datasets/toxinpred3/train_neg.csv
train_neg_4258,0,/mnt/nw/home/m.yu/repos/foundry/datasets/toxinpred3/train_neg.csv
train_neg_4259,0,/mnt/nw/home/m.yu/repos/foundry/datasets/toxinpred3/train_neg.csv
train_neg_4260,0,/mnt/nw/home/m.yu/repos/foundry/datasets/toxinpred3/train_neg.csv
train_neg_4261,0,/mnt/nw/home/m.yu/repos/foundry/datasets/toxinpred3/train_neg.csv
train_neg_4262,0,/mnt/nw/home/m.yu/repos/foundry/datasets/toxinpred3/train_neg.csv
train_neg_4263,0,/mnt/nw/home/m.yu/repos/foundry/datasets/toxinpred3/train_neg.csv
train_neg_4264,0,/mnt/nw/home/m.yu/repos/foundry/datasets/toxinpred3/train_neg.csv
train_neg_4265,0,/mnt/nw/home/m.yu/repos/foundry/datasets/toxinpred3/train_neg.csv
train_neg_4266,0,/mnt/nw/home/m.yu/repos/foundry/datasets/toxinpred3/train_neg.csv
train_neg_4267,0,/mnt/nw/home/m.yu/repos/foundry/datasets/toxinpred3/train_neg.csv
train_neg_4268,0,/mnt/nw/home/m.yu/repos/foundry/datasets/toxinpred3/train_neg.csv
train_neg_4269,0,/mnt/nw/home/m.yu/repos/foundry/datasets/toxinpred3/train_neg.csv
train_neg_4270,0,/mnt/nw/home/m.yu/repos/foundry/datasets/toxinpred3/train_neg.csv
train_neg_4271,0,/mnt/nw/home/m.yu/repos/foundry/datasets/toxinpred3/train_neg.csv
train_neg_4272,0,/mnt/nw/home/m.yu/repos/foundry/datasets/toxinpred3/train_neg.csv
train_neg_4273,0,/mnt/nw/home/m.yu/repos/foundry/datasets/toxinpred3/train_neg.csv
train_neg_4274,0,/mnt/nw/home/m.yu/repos/foundry/datasets/toxinpred3/train_neg.csv
train_neg_4275,0,/mnt/nw/home/m.yu/repos/foundry/datasets/toxinpred3/train_neg.csv
train_neg_4276,0,/mnt/nw/home/m.yu/repos/foundry/datasets/toxinpred3/train_neg.csv
train_neg_4277,0,/mnt/nw/home/m.yu/repos/foundry/datasets/toxinpred3/train_neg.csv
train_neg_4278,0,/mnt/nw/home/m.yu/repos/foundry/datasets/toxinpred3/train_neg.csv
train_neg_4279,0,/mnt/nw/home/m.yu/repos/foundry/datasets/toxinpred3/train_neg.csv
train_neg_4280,0,/mnt/nw/home/m.yu/repos/foundry/datasets/toxinpred3/train_neg.csv
train_neg_4281,0,/mnt/nw/home/m.yu/repos/foundry/datasets/toxinpred3/train_neg.csv
train_neg_4282,0,/mnt/nw/home/m.yu/repos/foundry/datasets/toxinpred3/train_neg.csv
train_neg_4283,0,/mnt/nw/home/m.yu/repos/foundry/datasets/toxinpred3/train_neg.csv
train_neg_4284,0,/mnt/nw/home/m.yu/repos/foundry/datasets/toxinpred3/train_neg.csv
train_neg_4285,0,/mnt/nw/home/m.yu/repos/foundry/datasets/toxinpred3/train_neg.csv
train_neg_4286,0,/mnt/nw/home/m.yu/repos/foundry/datasets/toxinpred3/train_neg.csv
train_neg_4287,0,/mnt/nw/home/m.yu/repos/foundry/datasets/toxinpred3/train_neg.csv
train_neg_4288,0,/mnt/nw/home/m.yu/repos/foundry/datasets/toxinpred3/train_neg.csv
train_neg_4289,0,/mnt/nw/home/m.yu/repos/foundry/datasets/toxinpred3/train_neg.csv
train_neg_4290,0,/mnt/nw/home/m.yu/repos/foundry/datasets/toxinpred3/train_neg.csv
train_neg_4291,0,/mnt/nw/home/m.yu/repos/foundry/datasets/toxinpred3/train_neg.csv
train_neg_4292,0,/mnt/nw/home/m.yu/repos/foundry/datasets/toxinpred3/train_neg.csv
train_neg_4293,0,/mnt/nw/home/m.yu/repos/foundry/datasets/toxinpred3/train_neg.csv
train_neg_4294,0,/mnt/nw/home/m.yu/repos/foundry/datasets/toxinpred3/train_neg.csv
train_neg_4295,0,/mnt/nw/home/m.yu/repos/foundry/datasets/toxinpred3/train_neg.csv
train_neg_4296,0,/mnt/nw/home/m.yu/repos/foundry/datasets/toxinpred3/train_neg.csv
train_neg_4297,0,/mnt/nw/home/m.yu/repos/foundry/datasets/toxinpred3/train_neg.csv
train_neg_4298,0,/mnt/nw/home/m.yu/repos/foundry/datasets/toxinpred3/train_neg.csv
train_neg_4299,0,/mnt/nw/home/m.yu/repos/foundry/datasets/toxinpred3/train_neg.csv
train_neg_4300,0,/mnt/nw/home/m.yu/repos/foundry/datasets/toxinpred3/train_neg.csv
train_neg_4301,0,/mnt/nw/home/m.yu/repos/foundry/datasets/toxinpred3/train_neg.csv
train_neg_4302,0,/mnt/nw/home/m.yu/repos/foundry/datasets/toxinpred3/train_neg.csv
train_neg_4303,0,/mnt/nw/home/m.yu/repos/foundry/datasets/toxinpred3/train_neg.csv
train_neg_4304,0,/mnt/nw/home/m.yu/repos/foundry/datasets/toxinpred3/train_neg.csv
train_neg_4305,0,/mnt/nw/home/m.yu/repos/foundry/datasets/toxinpred3/train_neg.csv
train_neg_4306,0,/mnt/nw/home/m.yu/repos/foundry/datasets/toxinpred3/train_neg.csv
train_neg_4307,0,/mnt/nw/home/m.yu/repos/foundry/datasets/toxinpred3/train_neg.csv
train_neg_4308,0,/mnt/nw/home/m.yu/repos/foundry/datasets/toxinpred3/train_neg.csv
train_neg_4309,0,/mnt/nw/home/m.yu/repos/foundry/datasets/toxinpred3/train_neg.csv
train_neg_4310,0,/mnt/nw/home/m.yu/repos/foundry/datasets/toxinpred3/train_neg.csv
train_neg_4311,0,/mnt/nw/home/m.yu/repos/foundry/datasets/toxinpred3/train_neg.csv
train_neg_4312,0,/mnt/nw/home/m.yu/repos/foundry/datasets/toxinpred3/train_neg.csv
train_neg_4313,0,/mnt/nw/home/m.yu/repos/foundry/datasets/toxinpred3/train_neg.csv
train_neg_4314,0,/mnt/nw/home/m.yu/repos/foundry/datasets/toxinpred3/train_neg.csv
train_neg_4315,0,/mnt/nw/home/m.yu/repos/foundry/datasets/toxinpred3/train_neg.csv
train_neg_4316,0,/mnt/nw/home/m.yu/repos/foundry/datasets/toxinpred3/train_neg.csv
train_neg_4317,0,/mnt/nw/home/m.yu/repos/foundry/datasets/toxinpred3/train_neg.csv
train_neg_4318,0,/mnt/nw/home/m.yu/repos/foundry/datasets/toxinpred3/train_neg.csv
train_neg_4319,0,/mnt/nw/home/m.yu/repos/foundry/datasets/toxinpred3/train_neg.csv
train_neg_4320,0,/mnt/nw/home/m.yu/repos/foundry/datasets/toxinpred3/train_neg.csv
train_neg_4321,0,/mnt/nw/home/m.yu/repos/foundry/datasets/toxinpred3/train_neg.csv
train_neg_4322,0,/mnt/nw/home/m.yu/repos/foundry/datasets/toxinpred3/train_neg.csv
train_neg_4323,0,/mnt/nw/home/m.yu/repos/foundry/datasets/toxinpred3/train_neg.csv
train_neg_4324,0,/mnt/nw/home/m.yu/repos/foundry/datasets/toxinpred3/train_neg.csv
train_neg_4325,0,/mnt/nw/home/m.yu/repos/foundry/datasets/toxinpred3/train_neg.csv
train_neg_4326,0,/mnt/nw/home/m.yu/repos/foundry/datasets/toxinpred3/train_neg.csv
train_neg_4327,0,/mnt/nw/home/m.yu/repos/foundry/datasets/toxinpred3/train_neg.csv
train_neg_4328,0,/mnt/nw/home/m.yu/repos/foundry/datasets/toxinpred3/train_neg.csv
train_neg_4329,0,/mnt/nw/home/m.yu/repos/foundry/datasets/toxinpred3/train_neg.csv
train_neg_4330,0,/mnt/nw/home/m.yu/repos/foundry/datasets/toxinpred3/train_neg.csv
train_neg_4331,0,/mnt/nw/home/m.yu/repos/foundry/datasets/toxinpred3/train_neg.csv
train_neg_4332,0,/mnt/nw/home/m.yu/repos/foundry/datasets/toxinpred3/train_neg.csv
train_neg_4333,0,/mnt/nw/home/m.yu/repos/foundry/datasets/toxinpred3/train_neg.csv
train_neg_4334,0,/mnt/nw/home/m.yu/repos/foundry/datasets/toxinpred3/train_neg.csv
train_neg_4335,0,/mnt/nw/home/m.yu/repos/foundry/datasets/toxinpred3/train_neg.csv
train_neg_4336,0,/mnt/nw/home/m.yu/repos/foundry/datasets/toxinpred3/train_neg.csv
train_neg_4337,0,/mnt/nw/home/m.yu/repos/foundry/datasets/toxinpred3/train_neg.csv
train_neg_4338,0,/mnt/nw/home/m.yu/repos/foundry/datasets/toxinpred3/train_neg.csv
train_neg_4339,0,/mnt/nw/home/m.yu/repos/foundry/datasets/toxinpred3/train_neg.csv
train_neg_4340,0,/mnt/nw/home/m.yu/repos/foundry/datasets/toxinpred3/train_neg.csv
train_neg_4341,0,/mnt/nw/home/m.yu/repos/foundry/datasets/toxinpred3/train_neg.csv
train_neg_4342,0,/mnt/nw/home/m.yu/repos/foundry/datasets/toxinpred3/train_neg.csv
train_neg_4343,0,/mnt/nw/home/m.yu/repos/foundry/datasets/toxinpred3/train_neg.csv
train_neg_4344,0,/mnt/nw/home/m.yu/repos/foundry/datasets/toxinpred3/train_neg.csv
train_neg_4345,0,/mnt/nw/home/m.yu/repos/foundry/datasets/toxinpred3/train_neg.csv
train_neg_4346,0,/mnt/nw/home/m.yu/repos/foundry/datasets/toxinpred3/train_neg.csv
train_neg_4347,0,/mnt/nw/home/m.yu/repos/foundry/datasets/toxinpred3/train_neg.csv
train_neg_4348,0,/mnt/nw/home/m.yu/repos/foundry/datasets/toxinpred3/train_neg.csv
train_neg_4349,0,/mnt/nw/home/m.yu/repos/foundry/datasets/toxinpred3/train_neg.csv
train_neg_4350,0,/mnt/nw/home/m.yu/repos/foundry/datasets/toxinpred3/train_neg.csv
train_neg_4351,0,/mnt/nw/home/m.yu/repos/foundry/datasets/toxinpred3/train_neg.csv
train_neg_4352,0,/mnt/nw/home/m.yu/repos/foundry/datasets/toxinpred3/train_neg.csv
train_neg_4353,0,/mnt/nw/home/m.yu/repos/foundry/datasets/toxinpred3/train_neg.csv
train_neg_4354,0,/mnt/nw/home/m.yu/repos/foundry/datasets/toxinpred3/train_neg.csv
train_neg_4355,0,/mnt/nw/home/m.yu/repos/foundry/datasets/toxinpred3/train_neg.csv
train_neg_4356,0,/mnt/nw/home/m.yu/repos/foundry/datasets/toxinpred3/train_neg.csv
train_neg_4357,0,/mnt/nw/home/m.yu/repos/foundry/datasets/toxinpred3/train_neg.csv
train_neg_4358,0,/mnt/nw/home/m.yu/repos/foundry/datasets/toxinpred3/train_neg.csv
train_neg_4359,0,/mnt/nw/home/m.yu/repos/foundry/datasets/toxinpred3/train_neg.csv
train_neg_4360,0,/mnt/nw/home/m.yu/repos/foundry/datasets/toxinpred3/train_neg.csv
train_neg_4361,0,/mnt/nw/home/m.yu/repos/foundry/datasets/toxinpred3/train_neg.csv
train_neg_4362,0,/mnt/nw/home/m.yu/repos/foundry/datasets/toxinpred3/train_neg.csv
train_neg_4363,0,/mnt/nw/home/m.yu/repos/foundry/datasets/toxinpred3/train_neg.csv
train_neg_4364,0,/mnt/nw/home/m.yu/repos/foundry/datasets/toxinpred3/train_neg.csv
train_neg_4365,0,/mnt/nw/home/m.yu/repos/foundry/datasets/toxinpred3/train_neg.csv
train_neg_4366,0,/mnt/nw/home/m.yu/repos/foundry/datasets/toxinpred3/train_neg.csv
train_neg_4367,0,/mnt/nw/home/m.yu/repos/foundry/datasets/toxinpred3/train_neg.csv
train_neg_4368,0,/mnt/nw/home/m.yu/repos/foundry/datasets/toxinpred3/train_neg.csv
train_neg_4369,0,/mnt/nw/home/m.yu/repos/foundry/datasets/toxinpred3/train_neg.csv
train_neg_4370,0,/mnt/nw/home/m.yu/repos/foundry/datasets/toxinpred3/train_neg.csv
train_neg_4371,0,/mnt/nw/home/m.yu/repos/foundry/datasets/toxinpred3/train_neg.csv
train_neg_4372,0,/mnt/nw/home/m.yu/repos/foundry/datasets/toxinpred3/train_neg.csv
train_neg_4373,0,/mnt/nw/home/m.yu/repos/foundry/datasets/toxinpred3/train_neg.csv
train_neg_4374,0,/mnt/nw/home/m.yu/repos/foundry/datasets/toxinpred3/train_neg.csv
train_neg_4375,0,/mnt/nw/home/m.yu/repos/foundry/datasets/toxinpred3/train_neg.csv
train_neg_4376,0,/mnt/nw/home/m.yu/repos/foundry/datasets/toxinpred3/train_neg.csv
train_neg_4377,0,/mnt/nw/home/m.yu/repos/foundry/datasets/toxinpred3/train_neg.csv
train_neg_4378,0,/mnt/nw/home/m.yu/repos/foundry/datasets/toxinpred3/train_neg.csv
train_neg_4379,0,/mnt/nw/home/m.yu/repos/foundry/datasets/toxinpred3/train_neg.csv
train_neg_4380,0,/mnt/nw/home/m.yu/repos/foundry/datasets/toxinpred3/train_neg.csv
train_neg_4381,0,/mnt/nw/home/m.yu/repos/foundry/datasets/toxinpred3/train_neg.csv
train_neg_4382,0,/mnt/nw/home/m.yu/repos/foundry/datasets/toxinpred3/train_neg.csv
train_neg_4383,0,/mnt/nw/home/m.yu/repos/foundry/datasets/toxinpred3/train_neg.csv
train_neg_4384,0,/mnt/nw/home/m.yu/repos/foundry/datasets/toxinpred3/train_neg.csv
train_neg_4385,0,/mnt/nw/home/m.yu/repos/foundry/datasets/toxinpred3/train_neg.csv
train_neg_4386,0,/mnt/nw/home/m.yu/repos/foundry/datasets/toxinpred3/train_neg.csv
train_neg_4387,0,/mnt/nw/home/m.yu/repos/foundry/datasets/toxinpred3/train_neg.csv
train_neg_4388,0,/mnt/nw/home/m.yu/repos/foundry/datasets/toxinpred3/train_neg.csv
train_neg_4389,0,/mnt/nw/home/m.yu/repos/foundry/datasets/toxinpred3/train_neg.csv
train_neg_4390,0,/mnt/nw/home/m.yu/repos/foundry/datasets/toxinpred3/train_neg.csv
train_neg_4391,0,/mnt/nw/home/m.yu/repos/foundry/datasets/toxinpred3/train_neg.csv
train_neg_4392,0,/mnt/nw/home/m.yu/repos/foundry/datasets/toxinpred3/train_neg.csv
train_neg_4393,0,/mnt/nw/home/m.yu/repos/foundry/datasets/toxinpred3/train_neg.csv
train_neg_4394,0,/mnt/nw/home/m.yu/repos/foundry/datasets/toxinpred3/train_neg.csv
train_neg_4395,0,/mnt/nw/home/m.yu/repos/foundry/datasets/toxinpred3/train_neg.csv
train_neg_4396,0,/mnt/nw/home/m.yu/repos/foundry/datasets/toxinpred3/train_neg.csv
train_neg_4397,0,/mnt/nw/home/m.yu/repos/foundry/datasets/toxinpred3/train_neg.csv
train_neg_4398,0,/mnt/nw/home/m.yu/repos/foundry/datasets/toxinpred3/train_neg.csv
train_neg_4399,0,/mnt/nw/home/m.yu/repos/foundry/datasets/toxinpred3/train_neg.csv
train_neg_4400,0,/mnt/nw/home/m.yu/repos/foundry/datasets/toxinpred3/train_neg.csv
train_neg_4401,0,/mnt/nw/home/m.yu/repos/foundry/datasets/toxinpred3/train_neg.csv
train_neg_4402,0,/mnt/nw/home/m.yu/repos/foundry/datasets/toxinpred3/train_neg.csv
train_neg_4403,0,/mnt/nw/home/m.yu/repos/foundry/datasets/toxinpred3/train_neg.csv
train_neg_4404,0,/mnt/nw/home/m.yu/repos/foundry/datasets/toxinpred3/train_neg.csv
train_neg_4405,0,/mnt/nw/home/m.yu/repos/foundry/datasets/toxinpred3/train_neg.csv
train_neg_4406,0,/mnt/nw/home/m.yu/repos/foundry/datasets/toxinpred3/train_neg.csv
train_neg_4407,0,/mnt/nw/home/m.yu/repos/foundry/datasets/toxinpred3/train_neg.csv
train_neg_4408,0,/mnt/nw/home/m.yu/repos/foundry/datasets/toxinpred3/train_neg.csv
train_neg_4409,0,/mnt/nw/home/m.yu/repos/foundry/datasets/toxinpred3/train_neg.csv
train_neg_4410,0,/mnt/nw/home/m.yu/repos/foundry/datasets/toxinpred3/train_neg.csv
train_neg_4411,0,/mnt/nw/home/m.yu/repos/foundry/datasets/toxinpred3/train_neg.csv
train_neg_4412,0,/mnt/nw/home/m.yu/repos/foundry/datasets/toxinpred3/train_neg.csv
train_neg_4413,0,/mnt/nw/home/m.yu/repos/foundry/datasets/toxinpred3/train_neg.csv
train_neg_4414,0,/mnt/nw/home/m.yu/repos/foundry/datasets/toxinpred3/train_neg.csv
