name,label,structure_path,n_residues,min_residue
hazard_A0A096YGU7,1,/mnt/nw/home/m.yu/repos/foundry/tutorials/sae_data_rfd3_partial/pdbs/6j5f.pdb,322,1
hazard_A0A0A1E3R5,1,/mnt/nw/home/m.yu/repos/foundry/tutorials/sae_data_rfd3_partial/pdbs/7ype.pdb,278,0
hazard_A0A0C5B022,1,/mnt/nw/home/m.yu/repos/foundry/tutorials/sae_data_rfd3_partial/pdbs/8iqb.pdb,500,21
hazard_A0A0D4WV12,1,/mnt/nw/home/m.yu/repos/foundry/tutorials/sae_data_rfd3_partial/pdbs/4q6x.pdb,278,1
hazard_A0A0H2US87,1,/mnt/nw/home/m.yu/repos/foundry/tutorials/sae_data_rfd3_partial/pdbs/7wr1.pdb,753,104
hazard_A0A0H2WZB2,1,/mnt/nw/home/m.yu/repos/foundry/tutorials/sae_data_rfd3_partial/pdbs/5xz0.pdb,444,2
hazard_A0A0H3B1Q8,1,/mnt/nw/home/m.yu/repos/foundry/tutorials/sae_data_rfd3_partial/pdbs/4f8c.pdb,644,1
hazard_A0A0H3GD84,1,/mnt/nw/home/m.yu/repos/foundry/tutorials/sae_data_rfd3_partial/pdbs/4cdb.pdb,488,39
hazard_A0A0H3JRX7,1,/mnt/nw/home/m.yu/repos/foundry/tutorials/sae_data_rfd3_partial/pdbs/3anz.pdb,8243,1
hazard_A0A0H9P9N5,1,/mnt/nw/home/m.yu/repos/foundry/tutorials/sae_data_rfd3_partial/pdbs/6sd6.pdb,402,-2
hazard_A0A146B485,1,/mnt/nw/home/m.yu/repos/foundry/tutorials/sae_data_rfd3_partial/pdbs/5hcc.pdb,1824,14
hazard_A0A1C6ZW66,1,/mnt/nw/home/m.yu/repos/foundry/tutorials/sae_data_rfd3_partial/pdbs/8y0q.pdb,886,1
hazard_A0A1P8DYS7,1,/mnt/nw/home/m.yu/repos/foundry/tutorials/sae_data_rfd3_partial/pdbs/8y0q.pdb,886,1
hazard_A0A1S4K3K8,1,/mnt/nw/home/m.yu/repos/foundry/tutorials/sae_data_rfd3_partial/pdbs/6v4c.pdb,294,2
hazard_A0A1Y9G8D0,1,/mnt/nw/home/m.yu/repos/foundry/tutorials/sae_data_rfd3_partial/pdbs/6xke.pdb,348,1
hazard_A0A2A2CAY5,1,/mnt/nw/home/m.yu/repos/foundry/tutorials/sae_data_rfd3_partial/pdbs/6cp8.pdb,627,4
hazard_A0A2D0TC04,1,/mnt/nw/home/m.yu/repos/foundry/tutorials/sae_data_rfd3_partial/pdbs/5gz4.pdb,804,1
hazard_A0A2X0RVH4,1,/mnt/nw/home/m.yu/repos/foundry/tutorials/sae_data_rfd3_partial/pdbs/7yeq.pdb,274,4
hazard_A0A2X0S7E9,1,/mnt/nw/home/m.yu/repos/foundry/tutorials/sae_data_rfd3_partial/pdbs/9j46.pdb,708,1
hazard_A0A2X0SE53,1,/mnt/nw/home/m.yu/repos/foundry/tutorials/sae_data_rfd3_partial/pdbs/6ky8.pdb,148,2
hazard_A0A2X0TC55,1,/mnt/nw/home/m.yu/repos/foundry/tutorials/sae_data_rfd3_partial/pdbs/7cma.pdb,310,2
hazard_A0A2X0TKQ7,1,/mnt/nw/home/m.yu/repos/foundry/tutorials/sae_data_rfd3_partial/pdbs/7wlh.pdb,153,3
hazard_A0A3F2YKH3,1,/mnt/nw/home/m.yu/repos/foundry/tutorials/sae_data_rfd3_partial/pdbs/6xy4.pdb,151,5
hazard_A0A447RTX7,1,/mnt/nw/home/m.yu/repos/foundry/tutorials/sae_data_rfd3_partial/pdbs/7by2.pdb,147,5
hazard_A0A452CSN9,1,/mnt/nw/home/m.yu/repos/foundry/tutorials/sae_data_rfd3_partial/pdbs/6a7h.pdb,1885,-4
hazard_A0A452CSP0,1,/mnt/nw/home/m.yu/repos/foundry/tutorials/sae_data_rfd3_partial/pdbs/6a8j.pdb,1885,-4
hazard_A0A6G7S6L7,1,/mnt/nw/home/m.yu/repos/foundry/tutorials/sae_data_rfd3_partial/pdbs/8r6e.pdb,234,1
hazard_A0A7H0DN11,1,/mnt/nw/home/m.yu/repos/foundry/tutorials/sae_data_rfd3_partial/pdbs/8hxa.pdb,1842,20
hazard_A0A7H0DN46,1,/mnt/nw/home/m.yu/repos/foundry/tutorials/sae_data_rfd3_partial/pdbs/9jvu.pdb,132,0
hazard_A0A7H0DN74,1,/mnt/nw/home/m.yu/repos/foundry/tutorials/sae_data_rfd3_partial/pdbs/8b07.pdb,567,1
hazard_A0A7H0DN78,1,/mnt/nw/home/m.yu/repos/foundry/tutorials/sae_data_rfd3_partial/pdbs/8gz4.pdb,170,2
hazard_A0A7H0DN82,1,/mnt/nw/home/m.yu/repos/foundry/tutorials/sae_data_rfd3_partial/pdbs/8wpe.pdb,1966,1
hazard_A0A7H0DN89,1,/mnt/nw/home/m.yu/repos/foundry/tutorials/sae_data_rfd3_partial/pdbs/8hwa.pdb,3153,1
hazard_A0A7H0DN96,1,/mnt/nw/home/m.yu/repos/foundry/tutorials/sae_data_rfd3_partial/pdbs/8jed.pdb,296,0
hazard_A0A7H0DNA4,1,/mnt/nw/home/m.yu/repos/foundry/tutorials/sae_data_rfd3_partial/pdbs/8izt.pdb,123,-1
hazard_A0A7H0DNC0,1,/mnt/nw/home/m.yu/repos/foundry/tutorials/sae_data_rfd3_partial/pdbs/8hdz.pdb,1457,1
hazard_A0A7H0DND8,1,/mnt/nw/home/m.yu/repos/foundry/tutorials/sae_data_rfd3_partial/pdbs/8jc6.pdb,195,5
hazard_A0A7H0DNF0,1,/mnt/nw/home/m.yu/repos/foundry/tutorials/sae_data_rfd3_partial/pdbs/8c9k.pdb,776,1
hazard_A0A8B7DWS6,1,/mnt/nw/home/m.yu/repos/foundry/tutorials/sae_data_rfd3_partial/pdbs/7ekz.pdb,165,3
hazard_A0S864,1,/mnt/nw/home/m.yu/repos/foundry/tutorials/sae_data_rfd3_partial/pdbs/2h7z.pdb,152,1
hazard_A0S865,1,/mnt/nw/home/m.yu/repos/foundry/tutorials/sae_data_rfd3_partial/pdbs/2h7z.pdb,152,1
hazard_A2SZZ6,1,/mnt/nw/home/m.yu/repos/foundry/tutorials/sae_data_rfd3_partial/pdbs/8wcm.pdb,486,2
hazard_A3UNN4,1,/mnt/nw/home/m.yu/repos/foundry/tutorials/sae_data_rfd3_partial/pdbs/4xzj.pdb,222,19
hazard_A4FS04,1,/mnt/nw/home/m.yu/repos/foundry/tutorials/sae_data_rfd3_partial/pdbs/2osh.pdb,119,1
hazard_A5HUP6,1,/mnt/nw/home/m.yu/repos/foundry/tutorials/sae_data_rfd3_partial/pdbs/6xmb.pdb,349,2
hazard_A5HZZ4,1,/mnt/nw/home/m.yu/repos/foundry/tutorials/sae_data_rfd3_partial/pdbs/4qd2.pdb,2303,2
hazard_A5HZZ5,1,/mnt/nw/home/m.yu/repos/foundry/tutorials/sae_data_rfd3_partial/pdbs/4qd2.pdb,2303,2
hazard_A5HZZ6,1,/mnt/nw/home/m.yu/repos/foundry/tutorials/sae_data_rfd3_partial/pdbs/4qd2.pdb,2303,2
hazard_A8GG78,1,/mnt/nw/home/m.yu/repos/foundry/tutorials/sae_data_rfd3_partial/pdbs/6dre.pdb,526,2
hazard_A8QL58,1,/mnt/nw/home/m.yu/repos/foundry/tutorials/sae_data_rfd3_partial/pdbs/5z2g.pdb,954,25
hazard_B2YGA4,1,/mnt/nw/home/m.yu/repos/foundry/tutorials/sae_data_rfd3_partial/pdbs/5imy.pdb,1102,0
hazard_B3BM80,1,/mnt/nw/home/m.yu/repos/foundry/tutorials/sae_data_rfd3_partial/pdbs/4g6u.pdb,365,2
hazard_B6DDQ8,1,/mnt/nw/home/m.yu/repos/foundry/tutorials/sae_data_rfd3_partial/pdbs/7tx8.pdb,1176,3
hazard_B7UI21,1,/mnt/nw/home/m.yu/repos/foundry/tutorials/sae_data_rfd3_partial/pdbs/6aci.pdb,391,-1
hazard_B9W5G6,1,/mnt/nw/home/m.yu/repos/foundry/tutorials/sae_data_rfd3_partial/pdbs/3lim.pdb,1068,1
hazard_C0HJX1,1,/mnt/nw/home/m.yu/repos/foundry/tutorials/sae_data_rfd3_partial/pdbs/5eyx.pdb,480,1
hazard_C0HK27,1,/mnt/nw/home/m.yu/repos/foundry/tutorials/sae_data_rfd3_partial/pdbs/6cj9.pdb,237,1
hazard_C0HM14,1,/mnt/nw/home/m.yu/repos/foundry/tutorials/sae_data_rfd3_partial/pdbs/6tmy.pdb,732,1
hazard_D0EMB6,1,/mnt/nw/home/m.yu/repos/foundry/tutorials/sae_data_rfd3_partial/pdbs/3mc0.pdb,673,1
hazard_D0VWS7,1,/mnt/nw/home/m.yu/repos/foundry/tutorials/sae_data_rfd3_partial/pdbs/3bwh.pdb,244,1
hazard_D0VWY1,1,/mnt/nw/home/m.yu/repos/foundry/tutorials/sae_data_rfd3_partial/pdbs/2q8w.pdb,261,1
hazard_D2YW39,1,/mnt/nw/home/m.yu/repos/foundry/tutorials/sae_data_rfd3_partial/pdbs/3gpr.pdb,517,
hazard_D2YW40,1,/mnt/nw/home/m.yu/repos/foundry/tutorials/sae_data_rfd3_partial/pdbs/3gpr.pdb,517,
hazard_D3K5I7,1,/mnt/nw/home/m.yu/repos/foundry/tutorials/sae_data_rfd3_partial/pdbs/3lyf.pdb,967,1
hazard_D3TTC1,1,/mnt/nw/home/m.yu/repos/foundry/tutorials/sae_data_rfd3_partial/pdbs/3k7n.pdb,396,1
hazard_D3TTC2,1,/mnt/nw/home/m.yu/repos/foundry/tutorials/sae_data_rfd3_partial/pdbs/3k7l.pdb,409,1
hazard_D9J2T9,1,/mnt/nw/home/m.yu/repos/foundry/tutorials/sae_data_rfd3_partial/pdbs/3mrw.pdb,246,1
hazard_E0CX04,1,/mnt/nw/home/m.yu/repos/foundry/tutorials/sae_data_rfd3_partial/pdbs/3my6.pdb,246,1
hazard_F2WK69,1,/mnt/nw/home/m.yu/repos/foundry/tutorials/sae_data_rfd3_partial/pdbs/4g6u.pdb,365,2
hazard_F8QQG5,1,/mnt/nw/home/m.yu/repos/foundry/tutorials/sae_data_rfd3_partial/pdbs/3u3l.pdb,229,1
hazard_F8R290,1,/mnt/nw/home/m.yu/repos/foundry/tutorials/sae_data_rfd3_partial/pdbs/7ui2.pdb,251,-4
hazard_G5DBH4,1,/mnt/nw/home/m.yu/repos/foundry/tutorials/sae_data_rfd3_partial/pdbs/7fdp.pdb,805,14
hazard_G9I930,1,/mnt/nw/home/m.yu/repos/foundry/tutorials/sae_data_rfd3_partial/pdbs/4ntw.pdb,587,1
hazard_H9L477,1,/mnt/nw/home/m.yu/repos/foundry/tutorials/sae_data_rfd3_partial/pdbs/6p0x.pdb,636,34
hazard_I1SB18,1,/mnt/nw/home/m.yu/repos/foundry/tutorials/sae_data_rfd3_partial/pdbs/3ux7.pdb,976,1
hazard_I6L8L6,1,/mnt/nw/home/m.yu/repos/foundry/tutorials/sae_data_rfd3_partial/pdbs/4dcf.pdb,488,1
hazard_J7LCB0,1,/mnt/nw/home/m.yu/repos/foundry/tutorials/sae_data_rfd3_partial/pdbs/5xrf.pdb,236,1
hazard_L0I969,1,/mnt/nw/home/m.yu/repos/foundry/tutorials/sae_data_rfd3_partial/pdbs/6u3u.pdb,1266,1
hazard_M1LBP0,1,/mnt/nw/home/m.yu/repos/foundry/tutorials/sae_data_rfd3_partial/pdbs/9j7y.pdb,295,1
hazard_M1LL92,1,/mnt/nw/home/m.yu/repos/foundry/tutorials/sae_data_rfd3_partial/pdbs/8hdz.pdb,1457,1
hazard_O04358,1,/mnt/nw/home/m.yu/repos/foundry/tutorials/sae_data_rfd3_partial/pdbs/3mvg.pdb,501,1
hazard_O05442,1,/mnt/nw/home/m.yu/repos/foundry/tutorials/sae_data_rfd3_partial/pdbs/4qlp.pdb,374,1
hazard_O06522,1,/mnt/nw/home/m.yu/repos/foundry/tutorials/sae_data_rfd3_partial/pdbs/1sr4.pdb,579,23
hazard_O06524,1,/mnt/nw/home/m.yu/repos/foundry/tutorials/sae_data_rfd3_partial/pdbs/1sr4.pdb,579,23
hazard_O18423,1,/mnt/nw/home/m.yu/repos/foundry/tutorials/sae_data_rfd3_partial/pdbs/3zx7.pdb,290,6
hazard_O36972,1,/mnt/nw/home/m.yu/repos/foundry/tutorials/sae_data_rfd3_partial/pdbs/4f0z.pdb,542,6
hazard_O42187,1,/mnt/nw/home/m.yu/repos/foundry/tutorials/sae_data_rfd3_partial/pdbs/1b4w.pdb,488,1
hazard_O54476,1,/mnt/nw/home/m.yu/repos/foundry/tutorials/sae_data_rfd3_partial/pdbs/2nts.pdb,457,1
hazard_O57385,1,/mnt/nw/home/m.yu/repos/foundry/tutorials/sae_data_rfd3_partial/pdbs/1mc2.pdb,122,
hazard_O57413,1,/mnt/nw/home/m.yu/repos/foundry/tutorials/sae_data_rfd3_partial/pdbs/1kuf.pdb,201,3
hazard_O84616,1,/mnt/nw/home/m.yu/repos/foundry/tutorials/sae_data_rfd3_partial/pdbs/1rcw.pdb,628,7
hazard_O87120,1,/mnt/nw/home/m.yu/repos/foundry/tutorials/sae_data_rfd3_partial/pdbs/2f2f.pdb,1136,23
hazard_O90754,1,/mnt/nw/home/m.yu/repos/foundry/tutorials/sae_data_rfd3_partial/pdbs/1bbt.pdb,662,1
hazard_O92323,1,/mnt/nw/home/m.yu/repos/foundry/tutorials/sae_data_rfd3_partial/pdbs/4wb4.pdb,82,95
hazard_O93426,1,/mnt/nw/home/m.yu/repos/foundry/tutorials/sae_data_rfd3_partial/pdbs/1umr.pdb,520,1
hazard_O93427,1,/mnt/nw/home/m.yu/repos/foundry/tutorials/sae_data_rfd3_partial/pdbs/1umr.pdb,520,1
hazard_O93523,1,/mnt/nw/home/m.yu/repos/foundry/tutorials/sae_data_rfd3_partial/pdbs/3dsl.pdb,828,1
hazard_P00588,1,/mnt/nw/home/m.yu/repos/foundry/tutorials/sae_data_rfd3_partial/pdbs/1ddt.pdb,523,1
hazard_P00598,1,/mnt/nw/home/m.yu/repos/foundry/tutorials/sae_data_rfd3_partial/pdbs/1poa.pdb,118,1
hazard_P00608,1,/mnt/nw/home/m.yu/repos/foundry/tutorials/sae_data_rfd3_partial/pdbs/1ae7.pdb,119,1
hazard_P00609,1,/mnt/nw/home/m.yu/repos/foundry/tutorials/sae_data_rfd3_partial/pdbs/2not.pdb,238,1
hazard_P00617,1,/mnt/nw/home/m.yu/repos/foundry/tutorials/sae_data_rfd3_partial/pdbs/1bun.pdb,181,1
hazard_P00624,1,/mnt/nw/home/m.yu/repos/foundry/tutorials/sae_data_rfd3_partial/pdbs/1pp2.pdb,244,1
hazard_P00626,1,/mnt/nw/home/m.yu/repos/foundry/tutorials/sae_data_rfd3_partial/pdbs/3g8g.pdb,122,1
hazard_P01538,1,/mnt/nw/home/m.yu/repos/foundry/tutorials/sae_data_rfd3_partial/pdbs/1okh.pdb,92,1
hazard_P01543,1,/mnt/nw/home/m.yu/repos/foundry/tutorials/sae_data_rfd3_partial/pdbs/1bhp.pdb,45,1
hazard_P01544,1,/mnt/nw/home/m.yu/repos/foundry/tutorials/sae_data_rfd3_partial/pdbs/2plh.pdb,45,1
hazard_P01552,1,/mnt/nw/home/m.yu/repos/foundry/tutorials/sae_data_rfd3_partial/pdbs/1d5m.pdb,590,2
hazard_P01555,1,/mnt/nw/home/m.yu/repos/foundry/tutorials/sae_data_rfd3_partial/pdbs/1s5b.pdb,723,1
hazard_P01556,1,/mnt/nw/home/m.yu/repos/foundry/tutorials/sae_data_rfd3_partial/pdbs/1chp.pdb,515,1
hazard_P01558,1,/mnt/nw/home/m.yu/repos/foundry/tutorials/sae_data_rfd3_partial/pdbs/2quo.pdb,123,1
hazard_P02879,1,/mnt/nw/home/m.yu/repos/foundry/tutorials/sae_data_rfd3_partial/pdbs/1br5.pdb,267,1
hazard_P04084,1,/mnt/nw/home/m.yu/repos/foundry/tutorials/sae_data_rfd3_partial/pdbs/1aok.pdb,244,1
hazard_P04361,1,/mnt/nw/home/m.yu/repos/foundry/tutorials/sae_data_rfd3_partial/pdbs/1ppa.pdb,121,1
hazard_P04512,1,/mnt/nw/home/m.yu/repos/foundry/tutorials/sae_data_rfd3_partial/pdbs/1g1i.pdb,84,95
hazard_P04977,1,/mnt/nw/home/m.yu/repos/foundry/tutorials/sae_data_rfd3_partial/pdbs/1bcp.pdb,1870,1
hazard_P04978,1,/mnt/nw/home/m.yu/repos/foundry/tutorials/sae_data_rfd3_partial/pdbs/1bcp.pdb,1870,1
hazard_P04979,1,/mnt/nw/home/m.yu/repos/foundry/tutorials/sae_data_rfd3_partial/pdbs/1bcp.pdb,1870,1
hazard_P04981,1,/mnt/nw/home/m.yu/repos/foundry/tutorials/sae_data_rfd3_partial/pdbs/1bcp.pdb,1870,1
hazard_P05087,1,/mnt/nw/home/m.yu/repos/foundry/tutorials/sae_data_rfd3_partial/pdbs/1fat.pdb,928,1
hazard_P05088,1,/mnt/nw/home/m.yu/repos/foundry/tutorials/sae_data_rfd3_partial/pdbs/3wcr.pdb,464,22
hazard_P06575,1,/mnt/nw/home/m.yu/repos/foundry/tutorials/sae_data_rfd3_partial/pdbs/5foy.pdb,789,1
hazard_P06717,1,/mnt/nw/home/m.yu/repos/foundry/tutorials/sae_data_rfd3_partial/pdbs/1htl.pdb,741,1
hazard_P06886,1,/mnt/nw/home/m.yu/repos/foundry/tutorials/sae_data_rfd3_partial/pdbs/1aw7.pdb,776,1
hazard_P07374,1,/mnt/nw/home/m.yu/repos/foundry/tutorials/sae_data_rfd3_partial/pdbs/3la4.pdb,833,1
hazard_P07845,1,/mnt/nw/home/m.yu/repos/foundry/tutorials/sae_data_rfd3_partial/pdbs/1gwy.pdb,350,1
hazard_P08434,1,/mnt/nw/home/m.yu/repos/foundry/tutorials/sae_data_rfd3_partial/pdbs/5y2e.pdb,182,94
hazard_P08902,1,/mnt/nw/home/m.yu/repos/foundry/tutorials/sae_data_rfd3_partial/pdbs/1dgl.pdb,474,1
hazard_P08943,1,/mnt/nw/home/m.yu/repos/foundry/tutorials/sae_data_rfd3_partial/pdbs/2v9b.pdb,92,1
hazard_P09167,1,/mnt/nw/home/m.yu/repos/foundry/tutorials/sae_data_rfd3_partial/pdbs/1pre.pdb,900,2
hazard_P09331,1,/mnt/nw/home/m.yu/repos/foundry/tutorials/sae_data_rfd3_partial/pdbs/1agj.pdb,484,1
hazard_P09332,1,/mnt/nw/home/m.yu/repos/foundry/tutorials/sae_data_rfd3_partial/pdbs/1dt2.pdb,245,2
hazard_P09385,1,/mnt/nw/home/m.yu/repos/foundry/tutorials/sae_data_rfd3_partial/pdbs/1r4p.pdb,631,1
hazard_P09545,1,/mnt/nw/home/m.yu/repos/foundry/tutorials/sae_data_rfd3_partial/pdbs/1xez.pdb,663,21
hazard_P09616,1,/mnt/nw/home/m.yu/repos/foundry/tutorials/sae_data_rfd3_partial/pdbs/3m2l.pdb,2051,1
hazard_P09872,1,/mnt/nw/home/m.yu/repos/foundry/tutorials/sae_data_rfd3_partial/pdbs/2aip.pdb,231,16
hazard_P09978,1,/mnt/nw/home/m.yu/repos/foundry/tutorials/sae_data_rfd3_partial/pdbs/3i5v.pdb,1139,9
hazard_P09989,1,/mnt/nw/home/m.yu/repos/foundry/tutorials/sae_data_rfd3_partial/pdbs/1gis.pdb,248,1
hazard_P0A071,1,/mnt/nw/home/m.yu/repos/foundry/tutorials/sae_data_rfd3_partial/pdbs/3b07.pdb,2216,11
hazard_P0A074,1,/mnt/nw/home/m.yu/repos/foundry/tutorials/sae_data_rfd3_partial/pdbs/2qk7.pdb,546,3
hazard_P0A077,1,/mnt/nw/home/m.yu/repos/foundry/tutorials/sae_data_rfd3_partial/pdbs/1lkf.pdb,292,1
hazard_P0A0L2,1,/mnt/nw/home/m.yu/repos/foundry/tutorials/sae_data_rfd3_partial/pdbs/1dyq.pdb,228,6
hazard_P0A0L3,1,/mnt/nw/home/m.yu/repos/foundry/tutorials/sae_data_rfd3_partial/pdbs/1pyw.pdb,607,0
hazard_P0A0L5,1,/mnt/nw/home/m.yu/repos/foundry/tutorials/sae_data_rfd3_partial/pdbs/1jck.pdb,954,1
hazard_P0A0L8,1,/mnt/nw/home/m.yu/repos/foundry/tutorials/sae_data_rfd3_partial/pdbs/1xxg.pdb,227,1
hazard_P0A0M0,1,/mnt/nw/home/m.yu/repos/foundry/tutorials/sae_data_rfd3_partial/pdbs/1enf.pdb,212,2
hazard_P0A377,1,/mnt/nw/home/m.yu/repos/foundry/tutorials/sae_data_rfd3_partial/pdbs/1i5p.pdb,633,1
hazard_P0A379,1,/mnt/nw/home/m.yu/repos/foundry/tutorials/sae_data_rfd3_partial/pdbs/1dlc.pdb,584,61
hazard_P0A382,1,/mnt/nw/home/m.yu/repos/foundry/tutorials/sae_data_rfd3_partial/pdbs/3ron.pdb,406,38
hazard_P0A3R5,1,/mnt/nw/home/m.yu/repos/foundry/tutorials/sae_data_rfd3_partial/pdbs/1bcp.pdb,1870,1
hazard_P0C0I6,1,/mnt/nw/home/m.yu/repos/foundry/tutorials/sae_data_rfd3_partial/pdbs/1et9.pdb,195,1
hazard_P0C0J0,1,/mnt/nw/home/m.yu/repos/foundry/tutorials/sae_data_rfd3_partial/pdbs/1dki.pdb,1296,1
hazard_P0C216,1,/mnt/nw/home/m.yu/repos/foundry/tutorials/sae_data_rfd3_partial/pdbs/1ca1.pdb,370,1
hazard_P0C2E9,1,/mnt/nw/home/m.yu/repos/foundry/tutorials/sae_data_rfd3_partial/pdbs/1m3i.pdb,1860,36
hazard_P0C9B9,1,/mnt/nw/home/m.yu/repos/foundry/tutorials/sae_data_rfd3_partial/pdbs/6lj9.pdb,523,2
hazard_P0C9C6,1,/mnt/nw/home/m.yu/repos/foundry/tutorials/sae_data_rfd3_partial/pdbs/6khy.pdb,1294,-2
hazard_P0CB20,1,/mnt/nw/home/m.yu/repos/foundry/tutorials/sae_data_rfd3_partial/pdbs/4u5b.pdb,3135,2
hazard_P0CC17,1,/mnt/nw/home/m.yu/repos/foundry/tutorials/sae_data_rfd3_partial/pdbs/5ts5.pdb,1923,2
hazard_P0CE82,1,/mnt/nw/home/m.yu/repos/foundry/tutorials/sae_data_rfd3_partial/pdbs/4rw3.pdb,279,2
hazard_P0CG56,1,/mnt/nw/home/m.yu/repos/foundry/tutorials/sae_data_rfd3_partial/pdbs/3r0l.pdb,193,1
hazard_P0CK94,1,/mnt/nw/home/m.yu/repos/foundry/tutorials/sae_data_rfd3_partial/pdbs/1b44.pdb,531,1
hazard_P0DF97,1,/mnt/nw/home/m.yu/repos/foundry/tutorials/sae_data_rfd3_partial/pdbs/4hsc.pdb,469,103
hazard_P0DI84,1,/mnt/nw/home/m.yu/repos/foundry/tutorials/sae_data_rfd3_partial/pdbs/3kve.pdb,1936,3
hazard_P0DJJ9,1,/mnt/nw/home/m.yu/repos/foundry/tutorials/sae_data_rfd3_partial/pdbs/6al3.pdb,488,1
hazard_P0DJY7,1,/mnt/nw/home/m.yu/repos/foundry/tutorials/sae_data_rfd3_partial/pdbs/1b1z.pdb,872,3
hazard_P0DRC4,1,/mnt/nw/home/m.yu/repos/foundry/tutorials/sae_data_rfd3_partial/pdbs/7px1.pdb,168,6
hazard_P0DTC3,1,/mnt/nw/home/m.yu/repos/foundry/tutorials/sae_data_rfd3_partial/pdbs/6xdc.pdb,386,40
hazard_P0DTC5,1,/mnt/nw/home/m.yu/repos/foundry/tutorials/sae_data_rfd3_partial/pdbs/7vgr.pdb,1272,1
hazard_P0DTC7,1,/mnt/nw/home/m.yu/repos/foundry/tutorials/sae_data_rfd3_partial/pdbs/6w37.pdb,66,1
hazard_P0DTC8,1,/mnt/nw/home/m.yu/repos/foundry/tutorials/sae_data_rfd3_partial/pdbs/7f5f.pdb,104,18
hazard_P0DTC9,1,/mnt/nw/home/m.yu/repos/foundry/tutorials/sae_data_rfd3_partial/pdbs/6m3m.pdb,499,47
hazard_P0DTN4,1,/mnt/nw/home/m.yu/repos/foundry/tutorials/sae_data_rfd3_partial/pdbs/8xy1.pdb,703,-3
hazard_P10297,1,/mnt/nw/home/m.yu/repos/foundry/tutorials/sae_data_rfd3_partial/pdbs/1d6a.pdb,524,1
hazard_P10565,1,/mnt/nw/home/m.yu/repos/foundry/tutorials/sae_data_rfd3_partial/pdbs/5foy.pdb,789,1
hazard_P11140,1,/mnt/nw/home/m.yu/repos/foundry/tutorials/sae_data_rfd3_partial/pdbs/1abr.pdb,518,1
hazard_P11407,1,/mnt/nw/home/m.yu/repos/foundry/tutorials/sae_data_rfd3_partial/pdbs/3g8h.pdb,122,1
hazard_P11439,1,/mnt/nw/home/m.yu/repos/foundry/tutorials/sae_data_rfd3_partial/pdbs/1aer.pdb,400,2
hazard_P12993,1,/mnt/nw/home/m.yu/repos/foundry/tutorials/sae_data_rfd3_partial/pdbs/4udu.pdb,640,3
hazard_P13423,1,/mnt/nw/home/m.yu/repos/foundry/tutorials/sae_data_rfd3_partial/pdbs/1acc.pdb,665,14
hazard_P14418,1,/mnt/nw/home/m.yu/repos/foundry/tutorials/sae_data_rfd3_partial/pdbs/1bk9.pdb,124,1
hazard_P14420,1,/mnt/nw/home/m.yu/repos/foundry/tutorials/sae_data_rfd3_partial/pdbs/1aok.pdb,244,1
hazard_P14421,1,/mnt/nw/home/m.yu/repos/foundry/tutorials/sae_data_rfd3_partial/pdbs/1a2a.pdb,976,1
hazard_P14711,1,/mnt/nw/home/m.yu/repos/foundry/tutorials/sae_data_rfd3_partial/pdbs/4wx3.pdb,616,12
hazard_P15167,1,/mnt/nw/home/m.yu/repos/foundry/tutorials/sae_data_rfd3_partial/pdbs/1atl.pdb,400,3
hazard_P15917,1,/mnt/nw/home/m.yu/repos/foundry/tutorials/sae_data_rfd3_partial/pdbs/1j7n.pdb,1461,27
hazard_P16094,1,/mnt/nw/home/m.yu/repos/foundry/tutorials/sae_data_rfd3_partial/pdbs/1aha.pdb,246,1
hazard_P16948,1,/mnt/nw/home/m.yu/repos/foundry/tutorials/sae_data_rfd3_partial/pdbs/1kp6.pdb,79,1
hazard_P17347,1,/mnt/nw/home/m.yu/repos/foundry/tutorials/sae_data_rfd3_partial/pdbs/6lsq.pdb,98,-1
hazard_P17935,1,/mnt/nw/home/m.yu/repos/foundry/tutorials/sae_data_rfd3_partial/pdbs/3dih.pdb,122,1
hazard_P18153,1,/mnt/nw/home/m.yu/repos/foundry/tutorials/sae_data_rfd3_partial/pdbs/3dxl.pdb,299,1
hazard_P18568,1,/mnt/nw/home/m.yu/repos/foundry/tutorials/sae_data_rfd3_partial/pdbs/3wa1.pdb,389,19
hazard_P18965,1,/mnt/nw/home/m.yu/repos/foundry/tutorials/sae_data_rfd3_partial/pdbs/3s9a.pdb,234,1
hazard_P19247,1,/mnt/nw/home/m.yu/repos/foundry/tutorials/sae_data_rfd3_partial/pdbs/4owj.pdb,918,337
hazard_P19250,1,/mnt/nw/home/m.yu/repos/foundry/tutorials/sae_data_rfd3_partial/pdbs/3a57.pdb,154,12
hazard_P19329,1,/mnt/nw/home/m.yu/repos/foundry/tutorials/sae_data_rfd3_partial/pdbs/1avb.pdb,452,1
hazard_P20474,1,/mnt/nw/home/m.yu/repos/foundry/tutorials/sae_data_rfd3_partial/pdbs/5tfv.pdb,244,1
hazard_P20656,1,/mnt/nw/home/m.yu/repos/foundry/tutorials/sae_data_rfd3_partial/pdbs/1qi7.pdb,253,1
hazard_P21256,1,/mnt/nw/home/m.yu/repos/foundry/tutorials/sae_data_rfd3_partial/pdbs/7qx4.pdb,631,13
hazard_P21454,1,/mnt/nw/home/m.yu/repos/foundry/tutorials/sae_data_rfd3_partial/pdbs/2gwl.pdb,200,1
hazard_P21742,1,/mnt/nw/home/m.yu/repos/foundry/tutorials/sae_data_rfd3_partial/pdbs/1wuw.pdb,90,1
hazard_P22029,1,/mnt/nw/home/m.yu/repos/foundry/tutorials/sae_data_rfd3_partial/pdbs/1fvu.pdb,508,1
hazard_P22030,1,/mnt/nw/home/m.yu/repos/foundry/tutorials/sae_data_rfd3_partial/pdbs/1fvu.pdb,508,1
hazard_P22244,1,/mnt/nw/home/m.yu/repos/foundry/tutorials/sae_data_rfd3_partial/pdbs/4fb9.pdb,1098,3
hazard_P22776,1,/mnt/nw/home/m.yu/repos/foundry/tutorials/sae_data_rfd3_partial/pdbs/6ku9.pdb,1461,71
hazard_P22851,1,/mnt/nw/home/m.yu/repos/foundry/tutorials/sae_data_rfd3_partial/pdbs/1nio.pdb,247,1
hazard_P23339,1,/mnt/nw/home/m.yu/repos/foundry/tutorials/sae_data_rfd3_partial/pdbs/1gik.pdb,261,1
hazard_P23694,1,/mnt/nw/home/m.yu/repos/foundry/tutorials/sae_data_rfd3_partial/pdbs/1af0.pdb,470,2
hazard_P23806,1,/mnt/nw/home/m.yu/repos/foundry/tutorials/sae_data_rfd3_partial/pdbs/1ixx.pdb,756,1
hazard_P23807,1,/mnt/nw/home/m.yu/repos/foundry/tutorials/sae_data_rfd3_partial/pdbs/1bj3.pdb,252,1
hazard_P24027,1,/mnt/nw/home/m.yu/repos/foundry/tutorials/sae_data_rfd3_partial/pdbs/2qog.pdb,488,1
hazard_P24476,1,/mnt/nw/home/m.yu/repos/foundry/tutorials/sae_data_rfd3_partial/pdbs/1lp8.pdb,254,1
hazard_P24605,1,/mnt/nw/home/m.yu/repos/foundry/tutorials/sae_data_rfd3_partial/pdbs/1clp.pdb,242,1
hazard_P24817,1,/mnt/nw/home/m.yu/repos/foundry/tutorials/sae_data_rfd3_partial/pdbs/1cf5.pdb,498,1
hazard_P25891,1,/mnt/nw/home/m.yu/repos/foundry/tutorials/sae_data_rfd3_partial/pdbs/2pqg.pdb,510,22
hazard_P27588,1,/mnt/nw/home/m.yu/repos/foundry/tutorials/sae_data_rfd3_partial/pdbs/4w2o.pdb,728,1
hazard_P30403,1,/mnt/nw/home/m.yu/repos/foundry/tutorials/sae_data_rfd3_partial/pdbs/3uci.pdb,72,-4
hazard_P31100,1,/mnt/nw/home/m.yu/repos/foundry/tutorials/sae_data_rfd3_partial/pdbs/1oqs.pdb,976,1
hazard_P32092,1,/mnt/nw/home/m.yu/repos/foundry/tutorials/sae_data_rfd3_partial/pdbs/7dnt.pdb,234,6
hazard_P32094,1,/mnt/nw/home/m.yu/repos/foundry/tutorials/sae_data_rfd3_partial/pdbs/7d8u.pdb,566,-2
hazard_P32890,1,/mnt/nw/home/m.yu/repos/foundry/tutorials/sae_data_rfd3_partial/pdbs/1djr.pdb,515,1
hazard_P33183,1,/mnt/nw/home/m.yu/repos/foundry/tutorials/sae_data_rfd3_partial/pdbs/3c9z.pdb,257,1
hazard_P33185,1,/mnt/nw/home/m.yu/repos/foundry/tutorials/sae_data_rfd3_partial/pdbs/1bry.pdb,494,1
hazard_P33186,1,/mnt/nw/home/m.yu/repos/foundry/tutorials/sae_data_rfd3_partial/pdbs/3ktz.pdb,502,1
hazard_P34071,1,/mnt/nw/home/m.yu/repos/foundry/tutorials/sae_data_rfd3_partial/pdbs/1cqv.pdb,232,1
hazard_P35256,1,/mnt/nw/home/m.yu/repos/foundry/tutorials/sae_data_rfd3_partial/pdbs/4or8.pdb,451,-2
hazard_P35259,1,/mnt/nw/home/m.yu/repos/foundry/tutorials/sae_data_rfd3_partial/pdbs/4gh9.pdb,122,208
hazard_P35260,1,/mnt/nw/home/m.yu/repos/foundry/tutorials/sae_data_rfd3_partial/pdbs/5b0v.pdb,499,36
hazard_P35970,1,/mnt/nw/home/m.yu/repos/foundry/tutorials/sae_data_rfd3_partial/pdbs/6imj.pdb,852,1
hazard_P40136,1,/mnt/nw/home/m.yu/repos/foundry/tutorials/sae_data_rfd3_partial/pdbs/1k8t.pdb,498,1
hazard_P42484,1,/mnt/nw/home/m.yu/repos/foundry/tutorials/sae_data_rfd3_partial/pdbs/8q3b.pdb,3724,1
hazard_P42485,1,/mnt/nw/home/m.yu/repos/foundry/tutorials/sae_data_rfd3_partial/pdbs/5ua4.pdb,167,9
hazard_P42494,1,/mnt/nw/home/m.yu/repos/foundry/tutorials/sae_data_rfd3_partial/pdbs/5hr9.pdb,401,-1
hazard_P43529,1,/mnt/nw/home/m.yu/repos/foundry/tutorials/sae_data_rfd3_partial/pdbs/1qb5.pdb,495,1
hazard_P45881,1,/mnt/nw/home/m.yu/repos/foundry/tutorials/sae_data_rfd3_partial/pdbs/2oqd.pdb,244,1
hazard_P49121,1,/mnt/nw/home/m.yu/repos/foundry/tutorials/sae_data_rfd3_partial/pdbs/1s8g.pdb,121,1
hazard_P54355,1,/mnt/nw/home/m.yu/repos/foundry/tutorials/sae_data_rfd3_partial/pdbs/8h3x.pdb,481,1
hazard_P55915,1,/mnt/nw/home/m.yu/repos/foundry/tutorials/sae_data_rfd3_partial/pdbs/1azd.pdb,948,1
hazard_P58399,1,/mnt/nw/home/m.yu/repos/foundry/tutorials/sae_data_rfd3_partial/pdbs/2ok9.pdb,242,1
hazard_P58464,1,/mnt/nw/home/m.yu/repos/foundry/tutorials/sae_data_rfd3_partial/pdbs/1gmz.pdb,239,1
hazard_P58907,1,/mnt/nw/home/m.yu/repos/foundry/tutorials/sae_data_rfd3_partial/pdbs/3rrd.pdb,232,1
hazard_P59071,1,/mnt/nw/home/m.yu/repos/foundry/tutorials/sae_data_rfd3_partial/pdbs/1cl5.pdb,242,1
hazard_P60244,1,/mnt/nw/home/m.yu/repos/foundry/tutorials/sae_data_rfd3_partial/pdbs/1qua.pdb,197,2
hazard_P60623,1,/mnt/nw/home/m.yu/repos/foundry/tutorials/sae_data_rfd3_partial/pdbs/1rc9.pdb,221,1
hazard_P61898,1,/mnt/nw/home/m.yu/repos/foundry/tutorials/sae_data_rfd3_partial/pdbs/4ec7.pdb,216,9
hazard_P61914,1,/mnt/nw/home/m.yu/repos/foundry/tutorials/sae_data_rfd3_partial/pdbs/1iaz.pdb,350,5
hazard_P62022,1,/mnt/nw/home/m.yu/repos/foundry/tutorials/sae_data_rfd3_partial/pdbs/2qog.pdb,488,1
hazard_P67861,1,/mnt/nw/home/m.yu/repos/foundry/tutorials/sae_data_rfd3_partial/pdbs/1wq9.pdb,191,1
hazard_P67863,1,/mnt/nw/home/m.yu/repos/foundry/tutorials/sae_data_rfd3_partial/pdbs/1wq8.pdb,99,1
hazard_P68742,1,/mnt/nw/home/m.yu/repos/foundry/tutorials/sae_data_rfd3_partial/pdbs/6lmh.pdb,198,12
hazard_P75409,1,/mnt/nw/home/m.yu/repos/foundry/tutorials/sae_data_rfd3_partial/pdbs/4tlv.pdb,3471,1
hazard_P77335,1,/mnt/nw/home/m.yu/repos/foundry/tutorials/sae_data_rfd3_partial/pdbs/1qoy.pdb,303,-4
hazard_P80172,1,/mnt/nw/home/m.yu/repos/foundry/tutorials/sae_data_rfd3_partial/pdbs/2nrj.pdb,331,2
hazard_P80966,1,/mnt/nw/home/m.yu/repos/foundry/tutorials/sae_data_rfd3_partial/pdbs/1gp7.pdb,372,1
hazard_P81165,1,/mnt/nw/home/m.yu/repos/foundry/tutorials/sae_data_rfd3_partial/pdbs/1god.pdb,121,1
hazard_P81382,1,/mnt/nw/home/m.yu/repos/foundry/tutorials/sae_data_rfd3_partial/pdbs/1f8r.pdb,1932,4
hazard_P81397,1,/mnt/nw/home/m.yu/repos/foundry/tutorials/sae_data_rfd3_partial/pdbs/1sb2.pdb,256,1
hazard_P81398,1,/mnt/nw/home/m.yu/repos/foundry/tutorials/sae_data_rfd3_partial/pdbs/1sb2.pdb,256,1
hazard_P81458,1,/mnt/nw/home/m.yu/repos/foundry/tutorials/sae_data_rfd3_partial/pdbs/1vip.pdb,121,1
hazard_P81517,1,/mnt/nw/home/m.yu/repos/foundry/tutorials/sae_data_rfd3_partial/pdbs/2d3p.pdb,944,1
hazard_P81637,1,/mnt/nw/home/m.yu/repos/foundry/tutorials/sae_data_rfd3_partial/pdbs/1h9p.pdb,234,1
hazard_P82114,1,/mnt/nw/home/m.yu/repos/foundry/tutorials/sae_data_rfd3_partial/pdbs/3t0r.pdb,475,1
hazard_P82287,1,/mnt/nw/home/m.yu/repos/foundry/tutorials/sae_data_rfd3_partial/pdbs/1qll.pdb,242,1
hazard_P82896,1,/mnt/nw/home/m.yu/repos/foundry/tutorials/sae_data_rfd3_partial/pdbs/4rfp.pdb,242,1
hazard_P82950,1,/mnt/nw/home/m.yu/repos/foundry/tutorials/sae_data_rfd3_partial/pdbs/2aoz.pdb,121,1
hazard_P83512,1,/mnt/nw/home/m.yu/repos/foundry/tutorials/sae_data_rfd3_partial/pdbs/1nd1.pdb,201,1
hazard_P84530,1,/mnt/nw/home/m.yu/repos/foundry/tutorials/sae_data_rfd3_partial/pdbs/2oqa.pdb,474,1
hazard_P84776,1,/mnt/nw/home/m.yu/repos/foundry/tutorials/sae_data_rfd3_partial/pdbs/2ph4.pdb,242,1
hazard_P84786,1,/mnt/nw/home/m.yu/repos/foundry/tutorials/sae_data_rfd3_partial/pdbs/2b7u.pdb,251,4
hazard_P84853,1,/mnt/nw/home/m.yu/repos/foundry/tutorials/sae_data_rfd3_partial/pdbs/3h5k.pdb,522,1
hazard_P84854,1,/mnt/nw/home/m.yu/repos/foundry/tutorials/sae_data_rfd3_partial/pdbs/2qes.pdb,261,1
hazard_P84907,1,/mnt/nw/home/m.yu/repos/foundry/tutorials/sae_data_rfd3_partial/pdbs/4q1l.pdb,205,1
hazard_P85314,1,/mnt/nw/home/m.yu/repos/foundry/tutorials/sae_data_rfd3_partial/pdbs/3gbo.pdb,200,1
hazard_P87677,1,/mnt/nw/home/m.yu/repos/foundry/tutorials/sae_data_rfd3_partial/pdbs/1fod.pdb,691,1
hazard_P89522,1,/mnt/nw/home/m.yu/repos/foundry/tutorials/sae_data_rfd3_partial/pdbs/3u3i.pdb,460,1
hazard_P9WJ62,1,/mnt/nw/home/m.yu/repos/foundry/tutorials/sae_data_rfd3_partial/pdbs/5eov.pdb,205,64
hazard_P9WJ63,1,/mnt/nw/home/m.yu/repos/foundry/tutorials/sae_data_rfd3_partial/pdbs/5ks2.pdb,209,60
hazard_Q01747,1,/mnt/nw/home/m.yu/repos/foundry/tutorials/sae_data_rfd3_partial/pdbs/1i8n.pdb,267,37
hazard_Q02471,1,/mnt/nw/home/m.yu/repos/foundry/tutorials/sae_data_rfd3_partial/pdbs/1oqs.pdb,976,1
hazard_Q03464,1,/mnt/nw/home/m.yu/repos/foundry/tutorials/sae_data_rfd3_partial/pdbs/1apa.pdb,261,6
hazard_Q04470,1,/mnt/nw/home/m.yu/repos/foundry/tutorials/sae_data_rfd3_partial/pdbs/1cby.pdb,227,19
hazard_Q04IN8,1,/mnt/nw/home/m.yu/repos/foundry/tutorials/sae_data_rfd3_partial/pdbs/4zgh.pdb,473,-2
hazard_Q06117,1,/mnt/nw/home/m.yu/repos/foundry/tutorials/sae_data_rfd3_partial/pdbs/1ji6.pdb,589,64
hazard_Q06535,1,/mnt/nw/home/m.yu/repos/foundry/tutorials/sae_data_rfd3_partial/pdbs/1ck1.pdb,239,1
hazard_Q06B74,1,/mnt/nw/home/m.yu/repos/foundry/tutorials/sae_data_rfd3_partial/pdbs/3nda.pdb,746,1
hazard_Q06K46,1,/mnt/nw/home/m.yu/repos/foundry/tutorials/sae_data_rfd3_partial/pdbs/4jd9.pdb,832,1
hazard_Q06KA2,1,/mnt/nw/home/m.yu/repos/foundry/tutorials/sae_data_rfd3_partial/pdbs/6mt7.pdb,454,0
hazard_Q06KA5,1,/mnt/nw/home/m.yu/repos/foundry/tutorials/sae_data_rfd3_partial/pdbs/4ozd.pdb,840,1
hazard_Q06ZW0,1,/mnt/nw/home/m.yu/repos/foundry/tutorials/sae_data_rfd3_partial/pdbs/2h5f.pdb,149,3
hazard_Q0TV31,1,/mnt/nw/home/m.yu/repos/foundry/tutorials/sae_data_rfd3_partial/pdbs/1qm6.pdb,740,1
hazard_Q1CQP3,1,/mnt/nw/home/m.yu/repos/foundry/tutorials/sae_data_rfd3_partial/pdbs/2ici.pdb,222,1
hazard_Q1I8U1,1,/mnt/nw/home/m.yu/repos/foundry/tutorials/sae_data_rfd3_partial/pdbs/4mjt.pdb,2203,9
hazard_Q1RP79,1,/mnt/nw/home/m.yu/repos/foundry/tutorials/sae_data_rfd3_partial/pdbs/2i0u.pdb,244,1
hazard_Q26241,1,/mnt/nw/home/m.yu/repos/foundry/tutorials/sae_data_rfd3_partial/pdbs/1euo.pdb,180,0
hazard_Q27049,1,/mnt/nw/home/m.yu/repos/foundry/tutorials/sae_data_rfd3_partial/pdbs/1avg.pdb,442,1
hazard_Q2FXB0,1,/mnt/nw/home/m.yu/repos/foundry/tutorials/sae_data_rfd3_partial/pdbs/3roh.pdb,282,30
hazard_Q2FXB1,1,/mnt/nw/home/m.yu/repos/foundry/tutorials/sae_data_rfd3_partial/pdbs/6u2s.pdb,296,1
hazard_Q2G1X0,1,/mnt/nw/home/m.yu/repos/foundry/tutorials/sae_data_rfd3_partial/pdbs/4u6v.pdb,1406,1
hazard_Q2HQJ7,1,/mnt/nw/home/m.yu/repos/foundry/tutorials/sae_data_rfd3_partial/pdbs/1lt4.pdb,741,1
hazard_Q2PHL4,1,/mnt/nw/home/m.yu/repos/foundry/tutorials/sae_data_rfd3_partial/pdbs/3le0.pdb,142,1
hazard_Q2PQJ3,1,/mnt/nw/home/m.yu/repos/foundry/tutorials/sae_data_rfd3_partial/pdbs/4gso.pdb,232,1
hazard_Q2QEH4,1,/mnt/nw/home/m.yu/repos/foundry/tutorials/sae_data_rfd3_partial/pdbs/3hiq.pdb,517,-1
hazard_Q2XU25,1,/mnt/nw/home/m.yu/repos/foundry/tutorials/sae_data_rfd3_partial/pdbs/6jmp.pdb,469,1
hazard_Q2XU26,1,/mnt/nw/home/m.yu/repos/foundry/tutorials/sae_data_rfd3_partial/pdbs/4qqa.pdb,483,-12
hazard_Q40772,1,/mnt/nw/home/m.yu/repos/foundry/tutorials/sae_data_rfd3_partial/pdbs/1lln.pdb,248,1
hazard_Q42460,1,/mnt/nw/home/m.yu/repos/foundry/tutorials/sae_data_rfd3_partial/pdbs/1ioa.pdb,456,1
hazard_Q45723,1,/mnt/nw/home/m.yu/repos/foundry/tutorials/sae_data_rfd3_partial/pdbs/2rci.pdb,188,41
hazard_Q45730,1,/mnt/nw/home/m.yu/repos/foundry/tutorials/sae_data_rfd3_partial/pdbs/7qyd.pdb,1267,12
hazard_Q45757,1,/mnt/nw/home/m.yu/repos/foundry/tutorials/sae_data_rfd3_partial/pdbs/5ghe.pdb,386,1
hazard_Q45Z29,1,/mnt/nw/home/m.yu/repos/foundry/tutorials/sae_data_rfd3_partial/pdbs/1p7o.pdb,744,1
hazard_Q46669,1,/mnt/nw/home/m.yu/repos/foundry/tutorials/sae_data_rfd3_partial/pdbs/2f1n.pdb,253,-1
hazard_Q4MV79,1,/mnt/nw/home/m.yu/repos/foundry/tutorials/sae_data_rfd3_partial/pdbs/4fk7.pdb,204,242
hazard_Q4PRD1,1,/mnt/nw/home/m.yu/repos/foundry/tutorials/sae_data_rfd3_partial/pdbs/2e3x.pdb,665,1
hazard_Q4PRD2,1,/mnt/nw/home/m.yu/repos/foundry/tutorials/sae_data_rfd3_partial/pdbs/2e3x.pdb,665,1
hazard_Q51451,1,/mnt/nw/home/m.yu/repos/foundry/tutorials/sae_data_rfd3_partial/pdbs/1he1.pdb,622,1
hazard_Q52T95,1,/mnt/nw/home/m.yu/repos/foundry/tutorials/sae_data_rfd3_partial/pdbs/2g9h.pdb,594,1
hazard_Q54971,1,/mnt/nw/home/m.yu/repos/foundry/tutorials/sae_data_rfd3_partial/pdbs/1bxt.pdb,446,1
hazard_Q55996,1,/mnt/nw/home/m.yu/repos/foundry/tutorials/sae_data_rfd3_partial/pdbs/3hvn.pdb,466,32
hazard_Q56VR3,1,/mnt/nw/home/m.yu/repos/foundry/tutorials/sae_data_rfd3_partial/pdbs/4bxs.pdb,1510,1
hazard_Q5EK40,1,/mnt/nw/home/m.yu/repos/foundry/tutorials/sae_data_rfd3_partial/pdbs/2q5t.pdb,605,5
hazard_Q5IXP2,1,/mnt/nw/home/m.yu/repos/foundry/tutorials/sae_data_rfd3_partial/pdbs/8j8f.pdb,1678,-4
hazard_Q5IXS4,1,/mnt/nw/home/m.yu/repos/foundry/tutorials/sae_data_rfd3_partial/pdbs/8j8f.pdb,1678,-4
hazard_Q5WPU8,1,/mnt/nw/home/m.yu/repos/foundry/tutorials/sae_data_rfd3_partial/pdbs/8enu.pdb,2510,1
hazard_Q5WPZ4,1,/mnt/nw/home/m.yu/repos/foundry/tutorials/sae_data_rfd3_partial/pdbs/5kx4.pdb,188,1
hazard_Q5YD59,1,/mnt/nw/home/m.yu/repos/foundry/tutorials/sae_data_rfd3_partial/pdbs/2cm4.pdb,145,24
hazard_Q63KH5,1,/mnt/nw/home/m.yu/repos/foundry/tutorials/sae_data_rfd3_partial/pdbs/3eir.pdb,489,78
hazard_Q65157,1,/mnt/nw/home/m.yu/repos/foundry/tutorials/sae_data_rfd3_partial/pdbs/8q3b.pdb,3724,1
hazard_Q65163,1,/mnt/nw/home/m.yu/repos/foundry/tutorials/sae_data_rfd3_partial/pdbs/3gwl.pdb,208,1
hazard_Q65179,1,/mnt/nw/home/m.yu/repos/foundry/tutorials/sae_data_rfd3_partial/pdbs/6lnl.pdb,448,5
hazard_Q65181,1,/mnt/nw/home/m.yu/repos/foundry/tutorials/sae_data_rfd3_partial/pdbs/8q3b.pdb,3724,1
hazard_Q65184,1,/mnt/nw/home/m.yu/repos/foundry/tutorials/sae_data_rfd3_partial/pdbs/8q3b.pdb,3724,1
hazard_Q65196,1,/mnt/nw/home/m.yu/repos/foundry/tutorials/sae_data_rfd3_partial/pdbs/8i6g.pdb,554,22
hazard_Q65199,1,/mnt/nw/home/m.yu/repos/foundry/tutorials/sae_data_rfd3_partial/pdbs/6lis.pdb,859,2
hazard_Q6EZC2,1,/mnt/nw/home/m.yu/repos/foundry/tutorials/sae_data_rfd3_partial/pdbs/2iy9.pdb,309,23
hazard_Q6H3D7,1,/mnt/nw/home/m.yu/repos/foundry/tutorials/sae_data_rfd3_partial/pdbs/4h0s.pdb,345,1
hazard_Q6PQK2,1,/mnt/nw/home/m.yu/repos/foundry/tutorials/sae_data_rfd3_partial/pdbs/4xmc.pdb,184,2
hazard_Q6QT01,1,/mnt/nw/home/m.yu/repos/foundry/tutorials/sae_data_rfd3_partial/pdbs/5y2h.pdb,188,90
hazard_Q6SLM0,1,/mnt/nw/home/m.yu/repos/foundry/tutorials/sae_data_rfd3_partial/pdbs/1g2x.pdb,354,1
hazard_Q6SLM1,1,/mnt/nw/home/m.yu/repos/foundry/tutorials/sae_data_rfd3_partial/pdbs/1g0z.pdb,236,1
hazard_Q6SLM2,1,/mnt/nw/home/m.yu/repos/foundry/tutorials/sae_data_rfd3_partial/pdbs/1tc8.pdb,118,1
hazard_Q6STF1,1,/mnt/nw/home/m.yu/repos/foundry/tutorials/sae_data_rfd3_partial/pdbs/1reo.pdb,484,3
hazard_Q6T179,1,/mnt/nw/home/m.yu/repos/foundry/tutorials/sae_data_rfd3_partial/pdbs/1yxh.pdb,119,1
hazard_Q6TPG9,1,/mnt/nw/home/m.yu/repos/foundry/tutorials/sae_data_rfd3_partial/pdbs/1v4l.pdb,780,1
hazard_Q6TPH0,1,/mnt/nw/home/m.yu/repos/foundry/tutorials/sae_data_rfd3_partial/pdbs/1v4l.pdb,780,1
hazard_Q6YCN3,1,/mnt/nw/home/m.yu/repos/foundry/tutorials/sae_data_rfd3_partial/pdbs/6kry.pdb,224,27
hazard_Q70UR4,1,/mnt/nw/home/m.yu/repos/foundry/tutorials/sae_data_rfd3_partial/pdbs/4akl.pdb,946,1
hazard_Q7BAE3,1,/mnt/nw/home/m.yu/repos/foundry/tutorials/sae_data_rfd3_partial/pdbs/1ty0.pdb,626,1
hazard_Q7DBA6,1,/mnt/nw/home/m.yu/repos/foundry/tutorials/sae_data_rfd3_partial/pdbs/4r29.pdb,804,17
hazard_Q7DI68,1,/mnt/nw/home/m.yu/repos/foundry/tutorials/sae_data_rfd3_partial/pdbs/4m1u.pdb,631,1
hazard_Q7DK11,1,/mnt/nw/home/m.yu/repos/foundry/tutorials/sae_data_rfd3_partial/pdbs/2f2f.pdb,1136,23
hazard_Q7LZ61,1,/mnt/nw/home/m.yu/repos/foundry/tutorials/sae_data_rfd3_partial/pdbs/2e3x.pdb,665,1
hazard_Q7LZ71,1,/mnt/nw/home/m.yu/repos/foundry/tutorials/sae_data_rfd3_partial/pdbs/1bj3.pdb,252,1
hazard_Q7LZK5,1,/mnt/nw/home/m.yu/repos/foundry/tutorials/sae_data_rfd3_partial/pdbs/1jwi.pdb,245,3
hazard_Q7LZK8,1,/mnt/nw/home/m.yu/repos/foundry/tutorials/sae_data_rfd3_partial/pdbs/1jwi.pdb,245,3
hazard_Q7N439,1,/mnt/nw/home/m.yu/repos/foundry/tutorials/sae_data_rfd3_partial/pdbs/3gqj.pdb,248,50
hazard_Q7SID6,1,/mnt/nw/home/m.yu/repos/foundry/tutorials/sae_data_rfd3_partial/pdbs/1ijl.pdb,246,1
hazard_Q7SIF0,1,/mnt/nw/home/m.yu/repos/foundry/tutorials/sae_data_rfd3_partial/pdbs/1ggp.pdb,488,11
hazard_Q7SZE1,1,/mnt/nw/home/m.yu/repos/foundry/tutorials/sae_data_rfd3_partial/pdbs/3s69.pdb,234,16
hazard_Q7T1K6,1,/mnt/nw/home/m.yu/repos/foundry/tutorials/sae_data_rfd3_partial/pdbs/1xta.pdb,439,2
hazard_Q7T247,1,/mnt/nw/home/m.yu/repos/foundry/tutorials/sae_data_rfd3_partial/pdbs/1oz7.pdb,254,1
hazard_Q7T248,1,/mnt/nw/home/m.yu/repos/foundry/tutorials/sae_data_rfd3_partial/pdbs/1oz7.pdb,254,1
hazard_Q7T2Q0,1,/mnt/nw/home/m.yu/repos/foundry/tutorials/sae_data_rfd3_partial/pdbs/1ukm.pdb,255,1
hazard_Q7T2Q1,1,/mnt/nw/home/m.yu/repos/foundry/tutorials/sae_data_rfd3_partial/pdbs/1ukm.pdb,255,1
hazard_Q7T2R1,1,/mnt/nw/home/m.yu/repos/foundry/tutorials/sae_data_rfd3_partial/pdbs/2h4c.pdb,976,1
hazard_Q7T3S7,1,/mnt/nw/home/m.yu/repos/foundry/tutorials/sae_data_rfd3_partial/pdbs/1oz6.pdb,120,1
hazard_Q7T3T5,1,/mnt/nw/home/m.yu/repos/foundry/tutorials/sae_data_rfd3_partial/pdbs/2h4c.pdb,976,1
hazard_Q7WUF4,1,/mnt/nw/home/m.yu/repos/foundry/tutorials/sae_data_rfd3_partial/pdbs/4p2c.pdb,1228,1
hazard_Q7YT37,1,/mnt/nw/home/m.yu/repos/foundry/tutorials/sae_data_rfd3_partial/pdbs/4okv.pdb,996,1
hazard_Q805F6,1,/mnt/nw/home/m.yu/repos/foundry/tutorials/sae_data_rfd3_partial/pdbs/3c05.pdb,232,4
hazard_Q805F7,1,/mnt/nw/home/m.yu/repos/foundry/tutorials/sae_data_rfd3_partial/pdbs/3c05.pdb,232,4
hazard_Q80E47,1,/mnt/nw/home/m.yu/repos/foundry/tutorials/sae_data_rfd3_partial/pdbs/1urz.pdb,2310,2
hazard_Q82035,1,/mnt/nw/home/m.yu/repos/foundry/tutorials/sae_data_rfd3_partial/pdbs/3miw.pdb,432,1
hazard_Q84A22,1,/mnt/nw/home/m.yu/repos/foundry/tutorials/sae_data_rfd3_partial/pdbs/9h6a.pdb,400,1
hazard_Q84GJ4,1,/mnt/nw/home/m.yu/repos/foundry/tutorials/sae_data_rfd3_partial/pdbs/2ima.pdb,805,-9
hazard_Q89907,1,/mnt/nw/home/m.yu/repos/foundry/tutorials/sae_data_rfd3_partial/pdbs/8q3b.pdb,3724,1
hazard_Q8AV97,1,/mnt/nw/home/m.yu/repos/foundry/tutorials/sae_data_rfd3_partial/pdbs/1c3a.pdb,260,1
hazard_Q8AV98,1,/mnt/nw/home/m.yu/repos/foundry/tutorials/sae_data_rfd3_partial/pdbs/1c3a.pdb,260,1
hazard_Q8AVA3,1,/mnt/nw/home/m.yu/repos/foundry/tutorials/sae_data_rfd3_partial/pdbs/2ddb.pdb,832,2
hazard_Q8AVA4,1,/mnt/nw/home/m.yu/repos/foundry/tutorials/sae_data_rfd3_partial/pdbs/2dda.pdb,832,4
hazard_Q8AXY1,1,/mnt/nw/home/m.yu/repos/foundry/tutorials/sae_data_rfd3_partial/pdbs/1u73.pdb,244,1
hazard_Q8AYA3,1,/mnt/nw/home/m.yu/repos/foundry/tutorials/sae_data_rfd3_partial/pdbs/3ubu.pdb,255,1
hazard_Q8GCY3,1,/mnt/nw/home/m.yu/repos/foundry/tutorials/sae_data_rfd3_partial/pdbs/1olp.pdb,1475,1
hazard_Q8I914,1,/mnt/nw/home/m.yu/repos/foundry/tutorials/sae_data_rfd3_partial/pdbs/1xx1.pdb,1140,1
hazard_Q8JI39,1,/mnt/nw/home/m.yu/repos/foundry/tutorials/sae_data_rfd3_partial/pdbs/1wvr.pdb,221,1
hazard_Q8JIV8,1,/mnt/nw/home/m.yu/repos/foundry/tutorials/sae_data_rfd3_partial/pdbs/7qaj.pdb,1030,0
hazard_Q8JIV9,1,/mnt/nw/home/m.yu/repos/foundry/tutorials/sae_data_rfd3_partial/pdbs/3ubu.pdb,255,1
hazard_Q8NKX2,1,/mnt/nw/home/m.yu/repos/foundry/tutorials/sae_data_rfd3_partial/pdbs/1an8.pdb,206,3
hazard_Q8V4T7,1,/mnt/nw/home/m.yu/repos/foundry/tutorials/sae_data_rfd3_partial/pdbs/4qwo.pdb,259,0
hazard_Q8W4U4,1,/mnt/nw/home/m.yu/repos/foundry/tutorials/sae_data_rfd3_partial/pdbs/3ctk.pdb,248,1
hazard_Q8WPI2,1,/mnt/nw/home/m.yu/repos/foundry/tutorials/sae_data_rfd3_partial/pdbs/2ody.pdb,848,1
hazard_Q8XBV2,1,/mnt/nw/home/m.yu/repos/foundry/tutorials/sae_data_rfd3_partial/pdbs/7d6q.pdb,630,1
hazard_Q8Z6A7,1,/mnt/nw/home/m.yu/repos/foundry/tutorials/sae_data_rfd3_partial/pdbs/4k6l.pdb,1041,19
hazard_Q90121,1,/mnt/nw/home/m.yu/repos/foundry/tutorials/sae_data_rfd3_partial/pdbs/1kpt.pdb,210,1
hazard_Q90249,1,/mnt/nw/home/m.yu/repos/foundry/tutorials/sae_data_rfd3_partial/pdbs/2h8i.pdb,242,1
hazard_Q90282,1,/mnt/nw/home/m.yu/repos/foundry/tutorials/sae_data_rfd3_partial/pdbs/2dw0.pdb,828,1
hazard_Q91516,1,/mnt/nw/home/m.yu/repos/foundry/tutorials/sae_data_rfd3_partial/pdbs/1bqy.pdb,468,1
hazard_Q939S9,1,/mnt/nw/home/m.yu/repos/foundry/tutorials/sae_data_rfd3_partial/pdbs/4jp0.pdb,378,2
hazard_Q939T0,1,/mnt/nw/home/m.yu/repos/foundry/tutorials/sae_data_rfd3_partial/pdbs/4jox.pdb,118,3
hazard_Q93CC5,1,/mnt/nw/home/m.yu/repos/foundry/tutorials/sae_data_rfd3_partial/pdbs/2ntt.pdb,434,1
hazard_Q93SQ1,1,/mnt/nw/home/m.yu/repos/foundry/tutorials/sae_data_rfd3_partial/pdbs/6gn0.pdb,1719,3
hazard_Q94BW3,1,/mnt/nw/home/m.yu/repos/foundry/tutorials/sae_data_rfd3_partial/pdbs/2vlc.pdb,1036,1
hazard_Q95NY5,1,/mnt/nw/home/m.yu/repos/foundry/tutorials/sae_data_rfd3_partial/pdbs/3ngv.pdb,296,1
hazard_Q962V9,1,/mnt/nw/home/m.yu/repos/foundry/tutorials/sae_data_rfd3_partial/pdbs/4tpv.pdb,359,3
hazard_Q98W00,1,/mnt/nw/home/m.yu/repos/foundry/tutorials/sae_data_rfd3_partial/pdbs/5ne4.pdb,655,1
hazard_Q99RL1,1,/mnt/nw/home/m.yu/repos/foundry/tutorials/sae_data_rfd3_partial/pdbs/4p1x.pdb,2092,10
hazard_Q9AC35,1,/mnt/nw/home/m.yu/repos/foundry/tutorials/sae_data_rfd3_partial/pdbs/5k8j.pdb,396,-4
hazard_Q9DEF8,1,/mnt/nw/home/m.yu/repos/foundry/tutorials/sae_data_rfd3_partial/pdbs/1iod.pdb,284,1
hazard_Q9DEF9,1,/mnt/nw/home/m.yu/repos/foundry/tutorials/sae_data_rfd3_partial/pdbs/1y17.pdb,252,1
hazard_Q9DF33,1,/mnt/nw/home/m.yu/repos/foundry/tutorials/sae_data_rfd3_partial/pdbs/1m8t.pdb,714,1
hazard_Q9DF52,1,/mnt/nw/home/m.yu/repos/foundry/tutorials/sae_data_rfd3_partial/pdbs/1dpy.pdb,117,1
hazard_Q9DGB9,1,/mnt/nw/home/m.yu/repos/foundry/tutorials/sae_data_rfd3_partial/pdbs/2ero.pdb,852,1
hazard_Q9FBI2,1,/mnt/nw/home/m.yu/repos/foundry/tutorials/sae_data_rfd3_partial/pdbs/1dm0.pdb,1216,1
hazard_Q9I788,1,/mnt/nw/home/m.yu/repos/foundry/tutorials/sae_data_rfd3_partial/pdbs/4jmf.pdb,282,1
hazard_Q9I834,1,/mnt/nw/home/m.yu/repos/foundry/tutorials/sae_data_rfd3_partial/pdbs/1xxs.pdb,244,1
hazard_Q9I840,1,/mnt/nw/home/m.yu/repos/foundry/tutorials/sae_data_rfd3_partial/pdbs/2vrp.pdb,256,1
hazard_Q9I841,1,/mnt/nw/home/m.yu/repos/foundry/tutorials/sae_data_rfd3_partial/pdbs/2vrp.pdb,256,1
hazard_Q9I8X1,1,/mnt/nw/home/m.yu/repos/foundry/tutorials/sae_data_rfd3_partial/pdbs/1op0.pdb,234,1
hazard_Q9IAM1,1,/mnt/nw/home/m.yu/repos/foundry/tutorials/sae_data_rfd3_partial/pdbs/1iod.pdb,284,1
hazard_Q9IAT9,1,/mnt/nw/home/m.yu/repos/foundry/tutorials/sae_data_rfd3_partial/pdbs/1pa0.pdb,242,1
hazard_Q9ILY1,1,/mnt/nw/home/m.yu/repos/foundry/tutorials/sae_data_rfd3_partial/pdbs/4gh4.pdb,664,1
hazard_Q9LCB8,1,/mnt/nw/home/m.yu/repos/foundry/tutorials/sae_data_rfd3_partial/pdbs/1s3r.pdb,946,56
hazard_Q9LRE3,1,/mnt/nw/home/m.yu/repos/foundry/tutorials/sae_data_rfd3_partial/pdbs/6z1y.pdb,981,0
hazard_Q9PW35,1,/mnt/nw/home/m.yu/repos/foundry/tutorials/sae_data_rfd3_partial/pdbs/1bsw.pdb,197,4
hazard_Q9PYC1,1,/mnt/nw/home/m.yu/repos/foundry/tutorials/sae_data_rfd3_partial/pdbs/2o1j.pdb,174,1
hazard_Q9Q2N8,1,/mnt/nw/home/m.yu/repos/foundry/tutorials/sae_data_rfd3_partial/pdbs/4gh4.pdb,664,1
hazard_Q9RF12,1,/mnt/nw/home/m.yu/repos/foundry/tutorials/sae_data_rfd3_partial/pdbs/1kho.pdb,740,1
hazard_Q9RQQ5,1,/mnt/nw/home/m.yu/repos/foundry/tutorials/sae_data_rfd3_partial/pdbs/1et6.pdb,402,1
hazard_Q9S6N9,1,/mnt/nw/home/m.yu/repos/foundry/tutorials/sae_data_rfd3_partial/pdbs/7ear.pdb,584,61
hazard_Q9ZNF2,1,/mnt/nw/home/m.yu/repos/foundry/tutorials/sae_data_rfd3_partial/pdbs/3owe.pdb,2691,1
hazard_U3KRG0,1,/mnt/nw/home/m.yu/repos/foundry/tutorials/sae_data_rfd3_partial/pdbs/4ihz.pdb,326,1
benign_P0DSE1,0,/mnt/nw/home/m.yu/repos/foundry/detectors/datasets/uniprot_pdb_benigns/pdbs/1oga.pdb,826,0
benign_P0DTU3,0,/mnt/nw/home/m.yu/repos/foundry/detectors/datasets/uniprot_pdb_benigns/pdbs/9hi7.pdb,1603,0
benign_G2XKQ0,0,/mnt/nw/home/m.yu/repos/foundry/detectors/datasets/uniprot_pdb_benigns/pdbs/6iam.pdb,321,1
benign_K9M1U5,0,/mnt/nw/home/m.yu/repos/foundry/detectors/datasets/uniprot_pdb_benigns/pdbs/9bpu.pdb,529,1
benign_Q9H2H0,0,/mnt/nw/home/m.yu/repos/foundry/detectors/datasets/uniprot_pdb_benigns/pdbs/5vc9.pdb,138,1
benign_M5A8F1,0,/mnt/nw/home/m.yu/repos/foundry/detectors/datasets/uniprot_pdb_benigns/pdbs/8oui.pdb,1380,40
benign_P01825,0,/mnt/nw/home/m.yu/repos/foundry/detectors/datasets/uniprot_pdb_benigns/pdbs/7czp.pdb,3862,1
benign_P01704,0,/mnt/nw/home/m.yu/repos/foundry/detectors/datasets/uniprot_pdb_benigns/pdbs/5c2b.pdb,241,1
benign_P23083,0,/mnt/nw/home/m.yu/repos/foundry/detectors/datasets/uniprot_pdb_benigns/pdbs/1wt5.pdb,452,1
benign_P01700,0,/mnt/nw/home/m.yu/repos/foundry/detectors/datasets/uniprot_pdb_benigns/pdbs/1zvo.pdb,1452,1
benign_P0DPK2,0,/mnt/nw/home/m.yu/repos/foundry/detectors/datasets/uniprot_pdb_benigns/pdbs/5ay8.pdb,1033,1
benign_P0DPK5,0,/mnt/nw/home/m.yu/repos/foundry/detectors/datasets/uniprot_pdb_benigns/pdbs/7zdd.pdb,185,1
benign_P01721,0,/mnt/nw/home/m.yu/repos/foundry/detectors/datasets/uniprot_pdb_benigns/pdbs/1cd0.pdb,221,1
benign_P01597,0,/mnt/nw/home/m.yu/repos/foundry/detectors/datasets/uniprot_pdb_benigns/pdbs/1f6l.pdb,106,1
benign_P01594,0,/mnt/nw/home/m.yu/repos/foundry/detectors/datasets/uniprot_pdb_benigns/pdbs/1b0w.pdb,324,1
benign_P01780,0,/mnt/nw/home/m.yu/repos/foundry/detectors/datasets/uniprot_pdb_benigns/pdbs/2fl5.pdb,1716,1
benign_P0DOY2,0,/mnt/nw/home/m.yu/repos/foundry/detectors/datasets/uniprot_pdb_benigns/pdbs/1jvk.pdb,429,1
benign_P01709,0,/mnt/nw/home/m.yu/repos/foundry/detectors/datasets/uniprot_pdb_benigns/pdbs/1a8j.pdb,430,1
benign_P0DPD7,0,/mnt/nw/home/m.yu/repos/foundry/detectors/datasets/uniprot_pdb_benigns/pdbs/2pxx.pdb,213,17
benign_Q96EL1,0,/mnt/nw/home/m.yu/repos/foundry/detectors/datasets/uniprot_pdb_benigns/pdbs/4xbr.pdb,315,175
benign_P01764,0,/mnt/nw/home/m.yu/repos/foundry/detectors/datasets/uniprot_pdb_benigns/pdbs/1ohq.pdb,239,1
benign_P01593,0,/mnt/nw/home/m.yu/repos/foundry/detectors/datasets/uniprot_pdb_benigns/pdbs/1ar2.pdb,109,1
benign_P01850,0,/mnt/nw/home/m.yu/repos/foundry/detectors/datasets/uniprot_pdb_benigns/pdbs/1ao7.pdb,707,0
benign_P0CG04,0,/mnt/nw/home/m.yu/repos/foundry/detectors/datasets/uniprot_pdb_benigns/pdbs/1zvo.pdb,1452,1
benign_Q6ZNX1,0,/mnt/nw/home/m.yu/repos/foundry/detectors/datasets/uniprot_pdb_benigns/pdbs/6k07.pdb,224,9
benign_P01772,0,/mnt/nw/home/m.yu/repos/foundry/detectors/datasets/uniprot_pdb_benigns/pdbs/2fb4.pdb,445,1
benign_P0DOY3,0,/mnt/nw/home/m.yu/repos/foundry/detectors/datasets/uniprot_pdb_benigns/pdbs/1aqk.pdb,440,1
benign_P01848,0,/mnt/nw/home/m.yu/repos/foundry/detectors/datasets/uniprot_pdb_benigns/pdbs/1ao7.pdb,707,0
benign_P01619,0,/mnt/nw/home/m.yu/repos/foundry/detectors/datasets/uniprot_pdb_benigns/pdbs/4lrn.pdb,225,0
benign_Q96P09,0,/mnt/nw/home/m.yu/repos/foundry/detectors/datasets/uniprot_pdb_benigns/pdbs/1xb0.pdb,596,16
benign_P06312,0,/mnt/nw/home/m.yu/repos/foundry/detectors/datasets/uniprot_pdb_benigns/pdbs/1eeq.pdb,226,1
benign_P01834,0,/mnt/nw/home/m.yu/repos/foundry/detectors/datasets/uniprot_pdb_benigns/pdbs/1a4j.pdb,868,1
benign_A6ND01,0,/mnt/nw/home/m.yu/repos/foundry/detectors/datasets/uniprot_pdb_benigns/pdbs/5f4e.pdb,442,20
benign_Q6PRD7,0,/mnt/nw/home/m.yu/repos/foundry/detectors/datasets/uniprot_pdb_benigns/pdbs/7tb9.pdb,20,1
benign_Q96RP3,0,/mnt/nw/home/m.yu/repos/foundry/detectors/datasets/uniprot_pdb_benigns/pdbs/2rmg.pdb,38,4
benign_O15130,0,/mnt/nw/home/m.yu/repos/foundry/detectors/datasets/uniprot_pdb_benigns/pdbs/9jfy.pdb,1133,1
benign_Q6UXT8,0,/mnt/nw/home/m.yu/repos/foundry/detectors/datasets/uniprot_pdb_benigns/pdbs/7mk7.pdb,737,1
benign_Q86UU9,0,/mnt/nw/home/m.yu/repos/foundry/detectors/datasets/uniprot_pdb_benigns/pdbs/2moc.pdb,11,1
benign_Q3KNT9,0,/mnt/nw/home/m.yu/repos/foundry/detectors/datasets/uniprot_pdb_benigns/pdbs/7ux0.pdb,115,1
benign_Q6UX46,0,/mnt/nw/home/m.yu/repos/foundry/detectors/datasets/uniprot_pdb_benigns/pdbs/7ls0.pdb,1446,680
benign_Q3KP22,0,/mnt/nw/home/m.yu/repos/foundry/detectors/datasets/uniprot_pdb_benigns/pdbs/6gnx.pdb,258,2
benign_Q5T5A4,0,/mnt/nw/home/m.yu/repos/foundry/detectors/datasets/uniprot_pdb_benigns/pdbs/7ung.cif.gz,160638,1
benign_Q5VVY1,0,/mnt/nw/home/m.yu/repos/foundry/detectors/datasets/uniprot_pdb_benigns/pdbs/5ubb.pdb,218,59
benign_D3W0D1,0,/mnt/nw/home/m.yu/repos/foundry/detectors/datasets/uniprot_pdb_benigns/pdbs/4iop.pdb,238,1
benign_P09683,0,/mnt/nw/home/m.yu/repos/foundry/detectors/datasets/uniprot_pdb_benigns/pdbs/6wi9.pdb,1108,1
benign_P0C5Z0,0,/mnt/nw/home/m.yu/repos/foundry/detectors/datasets/uniprot_pdb_benigns/pdbs/6a7u.pdb,170,36
benign_P0DP58,0,/mnt/nw/home/m.yu/repos/foundry/detectors/datasets/uniprot_pdb_benigns/pdbs/2l03.pdb,74,1
benign_Q5VTH2,0,/mnt/nw/home/m.yu/repos/foundry/detectors/datasets/uniprot_pdb_benigns/pdbs/7ung.cif.gz,160638,1
benign_Q8IXH6,0,/mnt/nw/home/m.yu/repos/foundry/detectors/datasets/uniprot_pdb_benigns/pdbs/7yo9.pdb,131,1
benign_Q96C55,0,/mnt/nw/home/m.yu/repos/foundry/detectors/datasets/uniprot_pdb_benigns/pdbs/7ysf.pdb,143,1
benign_Q9H741,0,/mnt/nw/home/m.yu/repos/foundry/detectors/datasets/uniprot_pdb_benigns/pdbs/8uw8.pdb,835,74
benign_O00230,0,/mnt/nw/home/m.yu/repos/foundry/detectors/datasets/uniprot_pdb_benigns/pdbs/7s8l.pdb,1096,2
benign_O14645,0,/mnt/nw/home/m.yu/repos/foundry/detectors/datasets/uniprot_pdb_benigns/pdbs/8j07.cif.gz,396307,1
benign_O60829,0,/mnt/nw/home/m.yu/repos/foundry/detectors/datasets/uniprot_pdb_benigns/pdbs/6urq.pdb,632,10
benign_Q5BN46,0,/mnt/nw/home/m.yu/repos/foundry/detectors/datasets/uniprot_pdb_benigns/pdbs/7ung.cif.gz,160638,1
benign_Q6B8I1,0,/mnt/nw/home/m.yu/repos/foundry/detectors/datasets/uniprot_pdb_benigns/pdbs/5xjv.pdb,341,15
benign_Q6P5S7,0,/mnt/nw/home/m.yu/repos/foundry/detectors/datasets/uniprot_pdb_benigns/pdbs/6wlw.pdb,2749,1
benign_Q6W0C5,0,/mnt/nw/home/m.yu/repos/foundry/detectors/datasets/uniprot_pdb_benigns/pdbs/8wms.pdb,90,84
benign_Q969E3,0,/mnt/nw/home/m.yu/repos/foundry/detectors/datasets/uniprot_pdb_benigns/pdbs/2rmh.pdb,38,4
benign_Q9UBT3,0,/mnt/nw/home/m.yu/repos/foundry/detectors/datasets/uniprot_pdb_benigns/pdbs/5o57.pdb,95,18
benign_A8MTA8,0,/mnt/nw/home/m.yu/repos/foundry/detectors/datasets/uniprot_pdb_benigns/pdbs/7ung.cif.gz,160638,1
benign_O95399,0,/mnt/nw/home/m.yu/repos/foundry/detectors/datasets/uniprot_pdb_benigns/pdbs/6hvb.pdb,7,4
benign_O95868,0,/mnt/nw/home/m.yu/repos/foundry/detectors/datasets/uniprot_pdb_benigns/pdbs/7s4g.pdb,1743,1
benign_Q7Z4H4,0,/mnt/nw/home/m.yu/repos/foundry/detectors/datasets/uniprot_pdb_benigns/pdbs/6d1u.pdb,1715,3
benign_Q8N9A8,0,/mnt/nw/home/m.yu/repos/foundry/detectors/datasets/uniprot_pdb_benigns/pdbs/8ujl.pdb,218,7
benign_Q8WU39,0,/mnt/nw/home/m.yu/repos/foundry/detectors/datasets/uniprot_pdb_benigns/pdbs/7aah.pdb,286,37
benign_Q53FP2,0,/mnt/nw/home/m.yu/repos/foundry/detectors/datasets/uniprot_pdb_benigns/pdbs/9h9e.pdb,934,2
benign_Q5VTT2,0,/mnt/nw/home/m.yu/repos/foundry/detectors/datasets/uniprot_pdb_benigns/pdbs/7ung.cif.gz,160638,1
benign_Q6BDI9,0,/mnt/nw/home/m.yu/repos/foundry/detectors/datasets/uniprot_pdb_benigns/pdbs/8a4a.pdb,379,15
benign_Q6PI25,0,/mnt/nw/home/m.yu/repos/foundry/detectors/datasets/uniprot_pdb_benigns/pdbs/8ss2.pdb,3802,2
benign_Q7Z3Z2,0,/mnt/nw/home/m.yu/repos/foundry/detectors/datasets/uniprot_pdb_benigns/pdbs/6drf.pdb,143,18
benign_Q96Q77,0,/mnt/nw/home/m.yu/repos/foundry/detectors/datasets/uniprot_pdb_benigns/pdbs/6wu5.pdb,364,4
benign_Q9BSD3,0,/mnt/nw/home/m.yu/repos/foundry/detectors/datasets/uniprot_pdb_benigns/pdbs/6j8y.pdb,786,-2
benign_Q9BTP6,0,/mnt/nw/home/m.yu/repos/foundry/detectors/datasets/uniprot_pdb_benigns/pdbs/2djr.pdb,76,1
benign_Q9BV90,0,/mnt/nw/home/m.yu/repos/foundry/detectors/datasets/uniprot_pdb_benigns/pdbs/8r7n.pdb,1438,1
benign_Q9NZG7,0,/mnt/nw/home/m.yu/repos/foundry/detectors/datasets/uniprot_pdb_benigns/pdbs/8szb.pdb,612,25
benign_O75663,0,/mnt/nw/home/m.yu/repos/foundry/detectors/datasets/uniprot_pdb_benigns/pdbs/5d9g.pdb,482,9
benign_O95715,0,/mnt/nw/home/m.yu/repos/foundry/detectors/datasets/uniprot_pdb_benigns/pdbs/2hdl.pdb,77,1
benign_Q8TC29,0,/mnt/nw/home/m.yu/repos/foundry/detectors/datasets/uniprot_pdb_benigns/pdbs/7ung.cif.gz,160638,1
benign_Q96E09,0,/mnt/nw/home/m.yu/repos/foundry/detectors/datasets/uniprot_pdb_benigns/pdbs/8so0.pdb,1342,2
benign_Q9BT56,0,/mnt/nw/home/m.yu/repos/foundry/detectors/datasets/uniprot_pdb_benigns/pdbs/7xjl.pdb,1137,1
benign_Q9BXH1,0,/mnt/nw/home/m.yu/repos/foundry/detectors/datasets/uniprot_pdb_benigns/pdbs/2m04.pdb,199,-2
benign_Q9H5F2,0,/mnt/nw/home/m.yu/repos/foundry/detectors/datasets/uniprot_pdb_benigns/pdbs/7ung.cif.gz,160638,1
benign_Q9UKJ5,0,/mnt/nw/home/m.yu/repos/foundry/detectors/datasets/uniprot_pdb_benigns/pdbs/8suv.pdb,548,23
benign_Q9Y6B2,0,/mnt/nw/home/m.yu/repos/foundry/detectors/datasets/uniprot_pdb_benigns/pdbs/7smd.pdb,356,174
benign_O14960,0,/mnt/nw/home/m.yu/repos/foundry/detectors/datasets/uniprot_pdb_benigns/pdbs/5b0h.pdb,266,1
benign_O15318,0,/mnt/nw/home/m.yu/repos/foundry/detectors/datasets/uniprot_pdb_benigns/pdbs/7a6h.pdb,5057,1
benign_O43763,0,/mnt/nw/home/m.yu/repos/foundry/detectors/datasets/uniprot_pdb_benigns/pdbs/3a03.pdb,53,1
benign_O95843,0,/mnt/nw/home/m.yu/repos/foundry/detectors/datasets/uniprot_pdb_benigns/pdbs/2ggz.pdb,330,21
benign_P0C7P0,0,/mnt/nw/home/m.yu/repos/foundry/detectors/datasets/uniprot_pdb_benigns/pdbs/6avj.pdb,276,36
benign_Q17R31,0,/mnt/nw/home/m.yu/repos/foundry/detectors/datasets/uniprot_pdb_benigns/pdbs/2y1h.pdb,527,4
benign_Q5TA50,0,/mnt/nw/home/m.yu/repos/foundry/detectors/datasets/uniprot_pdb_benigns/pdbs/4k80.pdb,209,6
benign_Q6IQ22,0,/mnt/nw/home/m.yu/repos/foundry/detectors/datasets/uniprot_pdb_benigns/pdbs/2il1.pdb,163,134
benign_Q8N4E7,0,/mnt/nw/home/m.yu/repos/foundry/detectors/datasets/uniprot_pdb_benigns/pdbs/1r03.pdb,171,6
benign_Q8N8R7,0,/mnt/nw/home/m.yu/repos/foundry/detectors/datasets/uniprot_pdb_benigns/pdbs/8hfp.pdb,306,9
benign_Q969F1,0,/mnt/nw/home/m.yu/repos/foundry/detectors/datasets/uniprot_pdb_benigns/pdbs/8clk.cif.gz,1344,14
benign_Q99581,0,/mnt/nw/home/m.yu/repos/foundry/detectors/datasets/uniprot_pdb_benigns/pdbs/2ypr.pdb,188,42
benign_Q9BPZ2,0,/mnt/nw/home/m.yu/repos/foundry/detectors/datasets/uniprot_pdb_benigns/pdbs/5lug.pdb,847,1
benign_Q9BQI0,0,/mnt/nw/home/m.yu/repos/foundry/detectors/datasets/uniprot_pdb_benigns/pdbs/2jjz.pdb,418,13
benign_Q9BW66,0,/mnt/nw/home/m.yu/repos/foundry/detectors/datasets/uniprot_pdb_benigns/pdbs/8cih.pdb,356,9
benign_Q9BWG6,0,/mnt/nw/home/m.yu/repos/foundry/detectors/datasets/uniprot_pdb_benigns/pdbs/7dvq.pdb,13600,-11
benign_Q9H1X1,0,/mnt/nw/home/m.yu/repos/foundry/detectors/datasets/uniprot_pdb_benigns/pdbs/8j07.cif.gz,396307,1
benign_Q9HAE3,0,/mnt/nw/home/m.yu/repos/foundry/detectors/datasets/uniprot_pdb_benigns/pdbs/8j07.cif.gz,396307,1
benign_Q9NPJ4,0,/mnt/nw/home/m.yu/repos/foundry/detectors/datasets/uniprot_pdb_benigns/pdbs/4b6h.pdb,259,0
benign_Q9NWW9,0,/mnt/nw/home/m.yu/repos/foundry/detectors/datasets/uniprot_pdb_benigns/pdbs/4dpz.pdb,109,
benign_Q9P0R6,0,/mnt/nw/home/m.yu/repos/foundry/detectors/datasets/uniprot_pdb_benigns/pdbs/1sgo.pdb,139,1
benign_Q9UKW6,0,/mnt/nw/home/m.yu/repos/foundry/detectors/datasets/uniprot_pdb_benigns/pdbs/1wwx.pdb,107,1
benign_Q9Y5Q6,0,/mnt/nw/home/m.yu/repos/foundry/detectors/datasets/uniprot_pdb_benigns/pdbs/2k1v.pdb,47,1
benign_A0JLT2,0,/mnt/nw/home/m.yu/repos/foundry/detectors/datasets/uniprot_pdb_benigns/pdbs/7emf.pdb,7916,1
benign_A6NIH7,0,/mnt/nw/home/m.yu/repos/foundry/detectors/datasets/uniprot_pdb_benigns/pdbs/7ok6.cif.gz,346,1
benign_O00258,0,/mnt/nw/home/m.yu/repos/foundry/detectors/datasets/uniprot_pdb_benigns/pdbs/6so5.pdb,1097,5
benign_O15467,0,/mnt/nw/home/m.yu/repos/foundry/detectors/datasets/uniprot_pdb_benigns/pdbs/5ltl.pdb,137,8
benign_O95971,0,/mnt/nw/home/m.yu/repos/foundry/detectors/datasets/uniprot_pdb_benigns/pdbs/6ng3.pdb,203,1
benign_P41271,0,/mnt/nw/home/m.yu/repos/foundry/detectors/datasets/uniprot_pdb_benigns/pdbs/4x1j.pdb,177,30
benign_P55089,0,/mnt/nw/home/m.yu/repos/foundry/detectors/datasets/uniprot_pdb_benigns/pdbs/2rmf.pdb,40,2
benign_Q01524,0,/mnt/nw/home/m.yu/repos/foundry/detectors/datasets/uniprot_pdb_benigns/pdbs/1zmq.pdb,128,1
benign_Q16385,0,/mnt/nw/home/m.yu/repos/foundry/detectors/datasets/uniprot_pdb_benigns/pdbs/8hqy.pdb,1120,1
benign_Q3KRA9,0,/mnt/nw/home/m.yu/repos/foundry/detectors/datasets/uniprot_pdb_benigns/pdbs/7vjs.pdb,206,1
benign_Q56A73,0,/mnt/nw/home/m.yu/repos/foundry/detectors/datasets/uniprot_pdb_benigns/pdbs/4uy4.pdb,421,-1
benign_Q7Z2G1,0,/mnt/nw/home/m.yu/repos/foundry/detectors/datasets/uniprot_pdb_benigns/pdbs/8jcc.pdb,939,-61
benign_Q86WV5,0,/mnt/nw/home/m.yu/repos/foundry/detectors/datasets/uniprot_pdb_benigns/pdbs/4joi.pdb,518,2
benign_Q8IYS5,0,/mnt/nw/home/m.yu/repos/foundry/detectors/datasets/uniprot_pdb_benigns/pdbs/5cj8.pdb,179,35
benign_Q8TCE9,0,/mnt/nw/home/m.yu/repos/foundry/detectors/datasets/uniprot_pdb_benigns/pdbs/6k2y.pdb,275,5
benign_Q96E40,0,/mnt/nw/home/m.yu/repos/foundry/detectors/datasets/uniprot_pdb_benigns/pdbs/7un1.cif.gz,37552,1
benign_Q96LW7,0,/mnt/nw/home/m.yu/repos/foundry/detectors/datasets/uniprot_pdb_benigns/pdbs/4dwn.pdb,191,3
benign_Q9BRV8,0,/mnt/nw/home/m.yu/repos/foundry/detectors/datasets/uniprot_pdb_benigns/pdbs/6akk.pdb,97,71
benign_Q9BT43,0,/mnt/nw/home/m.yu/repos/foundry/detectors/datasets/uniprot_pdb_benigns/pdbs/5afq.pdb,959,-15
benign_Q9GZU8,0,/mnt/nw/home/m.yu/repos/foundry/detectors/datasets/uniprot_pdb_benigns/pdbs/7w59.pdb,12500,-13
benign_Q9H5V9,0,/mnt/nw/home/m.yu/repos/foundry/detectors/datasets/uniprot_pdb_benigns/pdbs/8c6j.cif.gz,17252,1
benign_Q9H6L4,0,/mnt/nw/home/m.yu/repos/foundry/detectors/datasets/uniprot_pdb_benigns/pdbs/7dvq.pdb,13600,-11
benign_Q9NRY2,0,/mnt/nw/home/m.yu/repos/foundry/detectors/datasets/uniprot_pdb_benigns/pdbs/4owt.pdb,561,5
benign_Q9UHV8,0,/mnt/nw/home/m.yu/repos/foundry/detectors/datasets/uniprot_pdb_benigns/pdbs/5xg7.pdb,139,1
benign_Q9Y255,0,/mnt/nw/home/m.yu/repos/foundry/detectors/datasets/uniprot_pdb_benigns/pdbs/6i3v.pdb,493,4
benign_Q9Y4X3,0,/mnt/nw/home/m.yu/repos/foundry/detectors/datasets/uniprot_pdb_benigns/pdbs/2kum.pdb,88,1
benign_Q9Y6A9,0,/mnt/nw/home/m.yu/repos/foundry/detectors/datasets/uniprot_pdb_benigns/pdbs/7p2p.pdb,587,1
benign_Q9Y6H1,0,/mnt/nw/home/m.yu/repos/foundry/detectors/datasets/uniprot_pdb_benigns/pdbs/9oyr.pdb,198,54
benign_A4D2B0,0,/mnt/nw/home/m.yu/repos/foundry/detectors/datasets/uniprot_pdb_benigns/pdbs/4v0h.pdb,885,5
benign_A6NGQ2,0,/mnt/nw/home/m.yu/repos/foundry/detectors/datasets/uniprot_pdb_benigns/pdbs/8x7v.pdb,1418,32
benign_O43745,0,/mnt/nw/home/m.yu/repos/foundry/detectors/datasets/uniprot_pdb_benigns/pdbs/2bec.pdb,206,11
benign_O95926,0,/mnt/nw/home/m.yu/repos/foundry/detectors/datasets/uniprot_pdb_benigns/pdbs/5mqf.pdb,11862,1
benign_P01286,0,/mnt/nw/home/m.yu/repos/foundry/detectors/datasets/uniprot_pdb_benigns/pdbs/5bqm.pdb,1660,2
benign_P0DP25,0,/mnt/nw/home/m.yu/repos/foundry/detectors/datasets/uniprot_pdb_benigns/pdbs/5coc.pdb,124,217
benign_P13349,0,/mnt/nw/home/m.yu/repos/foundry/detectors/datasets/uniprot_pdb_benigns/pdbs/7z5i.pdb,148,1
benign_P78358,0,/mnt/nw/home/m.yu/repos/foundry/detectors/datasets/uniprot_pdb_benigns/pdbs/1s9w.pdb,383,0
benign_P86397,0,/mnt/nw/home/m.yu/repos/foundry/detectors/datasets/uniprot_pdb_benigns/pdbs/3ir3.pdb,248,1
benign_Q13113,0,/mnt/nw/home/m.yu/repos/foundry/detectors/datasets/uniprot_pdb_benigns/pdbs/7vsi.pdb,616,21
benign_Q4G0W2,0,/mnt/nw/home/m.yu/repos/foundry/detectors/datasets/uniprot_pdb_benigns/pdbs/5y15.pdb,291,12
benign_Q53H80,0,/mnt/nw/home/m.yu/repos/foundry/detectors/datasets/uniprot_pdb_benigns/pdbs/7nht.pdb,3222,1
benign_Q5VUM1,0,/mnt/nw/home/m.yu/repos/foundry/detectors/datasets/uniprot_pdb_benigns/pdbs/8dyd.pdb,767,44
benign_Q6NZ36,0,/mnt/nw/home/m.yu/repos/foundry/detectors/datasets/uniprot_pdb_benigns/pdbs/2muq.pdb,44,1
benign_Q6PF18,0,/mnt/nw/home/m.yu/repos/foundry/detectors/datasets/uniprot_pdb_benigns/pdbs/8j07.cif.gz,396307,1
benign_Q6UWY2,0,/mnt/nw/home/m.yu/repos/foundry/detectors/datasets/uniprot_pdb_benigns/pdbs/4q7x.pdb,467,1
benign_Q86WR0,0,/mnt/nw/home/m.yu/repos/foundry/detectors/datasets/uniprot_pdb_benigns/pdbs/7eoe.pdb,347,1
benign_Q86Y78,0,/mnt/nw/home/m.yu/repos/foundry/detectors/datasets/uniprot_pdb_benigns/pdbs/6gbi.pdb,104,44
benign_Q8N8Q3,0,/mnt/nw/home/m.yu/repos/foundry/detectors/datasets/uniprot_pdb_benigns/pdbs/4nsp.pdb,238,13
benign_Q8WXF3,0,/mnt/nw/home/m.yu/repos/foundry/detectors/datasets/uniprot_pdb_benigns/pdbs/2fhw.pdb,51,1
benign_Q96AZ1,0,/mnt/nw/home/m.yu/repos/foundry/detectors/datasets/uniprot_pdb_benigns/pdbs/4qpn.pdb,203,24
benign_Q96C74,0,/mnt/nw/home/m.yu/repos/foundry/detectors/datasets/uniprot_pdb_benigns/pdbs/8j07.cif.gz,396307,1
benign_Q96CT7,0,/mnt/nw/home/m.yu/repos/foundry/detectors/datasets/uniprot_pdb_benigns/pdbs/6z6l.cif.gz,17989,1
benign_Q96K30,0,/mnt/nw/home/m.yu/repos/foundry/detectors/datasets/uniprot_pdb_benigns/pdbs/5eg6.pdb,459,1
benign_Q9BQE4,0,/mnt/nw/home/m.yu/repos/foundry/detectors/datasets/uniprot_pdb_benigns/pdbs/2q2f.pdb,69,1
benign_Q9BY14,0,/mnt/nw/home/m.yu/repos/foundry/detectors/datasets/uniprot_pdb_benigns/pdbs/7bpr.pdb,356,26
benign_Q9NV23,0,/mnt/nw/home/m.yu/repos/foundry/detectors/datasets/uniprot_pdb_benigns/pdbs/4xjv.pdb,216,25
benign_Q9UIL1,0,/mnt/nw/home/m.yu/repos/foundry/detectors/datasets/uniprot_pdb_benigns/pdbs/4bwd.pdb,182,86
benign_A6NI73,0,/mnt/nw/home/m.yu/repos/foundry/detectors/datasets/uniprot_pdb_benigns/pdbs/2d3v.pdb,177,3
benign_O00253,0,/mnt/nw/home/m.yu/repos/foundry/detectors/datasets/uniprot_pdb_benigns/pdbs/1hyk.pdb,46,1
benign_O43482,0,/mnt/nw/home/m.yu/repos/foundry/detectors/datasets/uniprot_pdb_benigns/pdbs/7sfy.pdb,202,188
benign_O43612,0,/mnt/nw/home/m.yu/repos/foundry/detectors/datasets/uniprot_pdb_benigns/pdbs/1cq0.pdb,28,1
benign_P15248,0,/mnt/nw/home/m.yu/repos/foundry/detectors/datasets/uniprot_pdb_benigns/pdbs/7ox1.pdb,2157,1
benign_Q14135,0,/mnt/nw/home/m.yu/repos/foundry/detectors/datasets/uniprot_pdb_benigns/pdbs/8ytf.pdb,86,1
benign_Q16082,0,/mnt/nw/home/m.yu/repos/foundry/detectors/datasets/uniprot_pdb_benigns/pdbs/6f2r.pdb,1330,1
benign_Q5VY80,0,/mnt/nw/home/m.yu/repos/foundry/detectors/datasets/uniprot_pdb_benigns/pdbs/4s0u.pdb,425,29
benign_Q5VZV1,0,/mnt/nw/home/m.yu/repos/foundry/detectors/datasets/uniprot_pdb_benigns/pdbs/4mtl.pdb,427,45
benign_Q6ISU1,0,/mnt/nw/home/m.yu/repos/foundry/detectors/datasets/uniprot_pdb_benigns/pdbs/3of6.pdb,1032,1
benign_Q6PIF2,0,/mnt/nw/home/m.yu/repos/foundry/detectors/datasets/uniprot_pdb_benigns/pdbs/6r17.pdb,306,49
benign_Q8N2G4,0,/mnt/nw/home/m.yu/repos/foundry/detectors/datasets/uniprot_pdb_benigns/pdbs/6zss.pdb,86,100
benign_Q8N5M9,0,/mnt/nw/home/m.yu/repos/foundry/detectors/datasets/uniprot_pdb_benigns/pdbs/6wvd.pdb,397,1
benign_Q8NDD1,0,/mnt/nw/home/m.yu/repos/foundry/detectors/datasets/uniprot_pdb_benigns/pdbs/7mq8.cif.gz,28414,1
benign_Q8TCY5,0,/mnt/nw/home/m.yu/repos/foundry/detectors/datasets/uniprot_pdb_benigns/pdbs/8gy7.pdb,968,1
benign_Q96LC9,0,/mnt/nw/home/m.yu/repos/foundry/detectors/datasets/uniprot_pdb_benigns/pdbs/7cnu.pdb,264,3
benign_Q9BTL3,0,/mnt/nw/home/m.yu/repos/foundry/detectors/datasets/uniprot_pdb_benigns/pdbs/5e8j.pdb,705,3
benign_Q9BV81,0,/mnt/nw/home/m.yu/repos/foundry/detectors/datasets/uniprot_pdb_benigns/pdbs/6ww7.pdb,2074,3
benign_Q9BXU0,0,/mnt/nw/home/m.yu/repos/foundry/detectors/datasets/uniprot_pdb_benigns/pdbs/6hk8.pdb,125,47
benign_Q9BXV9,0,/mnt/nw/home/m.yu/repos/foundry/detectors/datasets/uniprot_pdb_benigns/pdbs/6gwj.pdb,466,1
benign_Q9H3H3,0,/mnt/nw/home/m.yu/repos/foundry/detectors/datasets/uniprot_pdb_benigns/pdbs/1ztp.pdb,675,17
benign_Q9NP98,0,/mnt/nw/home/m.yu/repos/foundry/detectors/datasets/uniprot_pdb_benigns/pdbs/7a8t.pdb,519,180
benign_Q9NPC3,0,/mnt/nw/home/m.yu/repos/foundry/detectors/datasets/uniprot_pdb_benigns/pdbs/9ges.pdb,712,7
benign_Q9NPG2,0,/mnt/nw/home/m.yu/repos/foundry/detectors/datasets/uniprot_pdb_benigns/pdbs/1oj6.pdb,596,1
benign_Q9NQZ6,0,/mnt/nw/home/m.yu/repos/foundry/detectors/datasets/uniprot_pdb_benigns/pdbs/9p3z.pdb,27,1
benign_Q9NUS5,0,/mnt/nw/home/m.yu/repos/foundry/detectors/datasets/uniprot_pdb_benigns/pdbs/8yab.pdb,2274,1
benign_Q9NX04,0,/mnt/nw/home/m.yu/repos/foundry/detectors/datasets/uniprot_pdb_benigns/pdbs/8rhn.pdb,4976,4
benign_Q9UNG2,0,/mnt/nw/home/m.yu/repos/foundry/detectors/datasets/uniprot_pdb_benigns/pdbs/2q1m.pdb,116,57
benign_Q9Y4P9,0,/mnt/nw/home/m.yu/repos/foundry/detectors/datasets/uniprot_pdb_benigns/pdbs/2ee7.pdb,127,1
benign_Q9Y6A4,0,/mnt/nw/home/m.yu/repos/foundry/detectors/datasets/uniprot_pdb_benigns/pdbs/7ung.cif.gz,160638,1
benign_O43822,0,/mnt/nw/home/m.yu/repos/foundry/detectors/datasets/uniprot_pdb_benigns/pdbs/8axr.pdb,60,214
benign_O60232,0,/mnt/nw/home/m.yu/repos/foundry/detectors/datasets/uniprot_pdb_benigns/pdbs/6hcz.pdb,130,12
benign_O60844,0,/mnt/nw/home/m.yu/repos/foundry/detectors/datasets/uniprot_pdb_benigns/pdbs/3apa.pdb,138,1
benign_O95257,0,/mnt/nw/home/m.yu/repos/foundry/detectors/datasets/uniprot_pdb_benigns/pdbs/2wal.pdb,285,11
benign_P06881,0,/mnt/nw/home/m.yu/repos/foundry/detectors/datasets/uniprot_pdb_benigns/pdbs/6e3y.pdb,1194,1
benign_P0DML2,0,/mnt/nw/home/m.yu/repos/foundry/detectors/datasets/uniprot_pdb_benigns/pdbs/1z7c.pdb,161,2
benign_P30711,0,/mnt/nw/home/m.yu/repos/foundry/detectors/datasets/uniprot_pdb_benigns/pdbs/2c3n.pdb,956,2
benign_P55344,0,/mnt/nw/home/m.yu/repos/foundry/detectors/datasets/uniprot_pdb_benigns/pdbs/9cbv.pdb,166,1
benign_P55773,0,/mnt/nw/home/m.yu/repos/foundry/detectors/datasets/uniprot_pdb_benigns/pdbs/1g91.pdb,77,1
benign_Q16661,0,/mnt/nw/home/m.yu/repos/foundry/detectors/datasets/uniprot_pdb_benigns/pdbs/1uya.pdb,16,1
benign_Q5SRE7,0,/mnt/nw/home/m.yu/repos/foundry/detectors/datasets/uniprot_pdb_benigns/pdbs/2opw.pdb,286,2
benign_Q6EIG7,0,/mnt/nw/home/m.yu/repos/foundry/detectors/datasets/uniprot_pdb_benigns/pdbs/5vyb.pdb,143,1
benign_Q6NZ67,0,/mnt/nw/home/m.yu/repos/foundry/detectors/datasets/uniprot_pdb_benigns/pdbs/9qvm.cif.gz,17948,1
benign_Q6P589,0,/mnt/nw/home/m.yu/repos/foundry/detectors/datasets/uniprot_pdb_benigns/pdbs/3f4m.pdb,154,1
benign_Q7Z6K5,0,/mnt/nw/home/m.yu/repos/foundry/detectors/datasets/uniprot_pdb_benigns/pdbs/4z68.pdb,167,211
benign_Q8NAU1,0,/mnt/nw/home/m.yu/repos/foundry/detectors/datasets/uniprot_pdb_benigns/pdbs/4lsd.pdb,751,29
benign_Q92837,0,/mnt/nw/home/m.yu/repos/foundry/detectors/datasets/uniprot_pdb_benigns/pdbs/1gng.pdb,757,28
benign_Q969X0,0,/mnt/nw/home/m.yu/repos/foundry/detectors/datasets/uniprot_pdb_benigns/pdbs/6rir.pdb,410,2
benign_Q96M98,0,/mnt/nw/home/m.yu/repos/foundry/detectors/datasets/uniprot_pdb_benigns/pdbs/6ndu.pdb,254,5
benign_Q9BQ50,0,/mnt/nw/home/m.yu/repos/foundry/detectors/datasets/uniprot_pdb_benigns/pdbs/1y97.pdb,420,-1
benign_Q9BT30,0,/mnt/nw/home/m.yu/repos/foundry/detectors/datasets/uniprot_pdb_benigns/pdbs/4qkb.pdb,558,16
benign_Q9BUF7,0,/mnt/nw/home/m.yu/repos/foundry/detectors/datasets/uniprot_pdb_benigns/pdbs/5i7z.pdb,103,0
benign_Q9BWK5,0,/mnt/nw/home/m.yu/repos/foundry/detectors/datasets/uniprot_pdb_benigns/pdbs/6tyu.pdb,220,6
benign_Q9H169,0,/mnt/nw/home/m.yu/repos/foundry/detectors/datasets/uniprot_pdb_benigns/pdbs/6br1.pdb,2178,1
benign_Q9H2K0,0,/mnt/nw/home/m.yu/repos/foundry/detectors/datasets/uniprot_pdb_benigns/pdbs/6neq.pdb,6608,1
benign_Q9P0P8,0,/mnt/nw/home/m.yu/repos/foundry/detectors/datasets/uniprot_pdb_benigns/pdbs/7a5h.cif.gz,10047,1
benign_Q9UBY9,0,/mnt/nw/home/m.yu/repos/foundry/detectors/datasets/uniprot_pdb_benigns/pdbs/8pa0.pdb,176,85
benign_Q9UGB7,0,/mnt/nw/home/m.yu/repos/foundry/detectors/datasets/uniprot_pdb_benigns/pdbs/2ibn.pdb,456,36
benign_Q9Y235,0,/mnt/nw/home/m.yu/repos/foundry/detectors/datasets/uniprot_pdb_benigns/pdbs/2nyt.pdb,739,35
benign_Q9Y3A2,0,/mnt/nw/home/m.yu/repos/foundry/detectors/datasets/uniprot_pdb_benigns/pdbs/7mq8.cif.gz,28414,1
benign_O43914,0,/mnt/nw/home/m.yu/repos/foundry/detectors/datasets/uniprot_pdb_benigns/pdbs/2l34.pdb,66,1
benign_O75628,0,/mnt/nw/home/m.yu/repos/foundry/detectors/datasets/uniprot_pdb_benigns/pdbs/2nzj.pdb,629,0
benign_O75884,0,/mnt/nw/home/m.yu/repos/foundry/detectors/datasets/uniprot_pdb_benigns/pdbs/2qs9.pdb,366,3
benign_O75935,0,/mnt/nw/home/m.yu/repos/foundry/detectors/datasets/uniprot_pdb_benigns/pdbs/9b7j.cif.gz,7116,1
benign_O75956,0,/mnt/nw/home/m.yu/repos/foundry/detectors/datasets/uniprot_pdb_benigns/pdbs/2m1l.pdb,138,58
benign_O76093,0,/mnt/nw/home/m.yu/repos/foundry/detectors/datasets/uniprot_pdb_benigns/pdbs/4cjm.pdb,514,50
benign_O95944,0,/mnt/nw/home/m.yu/repos/foundry/detectors/datasets/uniprot_pdb_benigns/pdbs/1hkf.pdb,108,5
benign_P04090,0,/mnt/nw/home/m.yu/repos/foundry/detectors/datasets/uniprot_pdb_benigns/pdbs/2mv1.pdb,52,1
benign_P07492,0,/mnt/nw/home/m.yu/repos/foundry/detectors/datasets/uniprot_pdb_benigns/pdbs/2n0b.pdb,10,1
benign_P0C024,0,/mnt/nw/home/m.yu/repos/foundry/detectors/datasets/uniprot_pdb_benigns/pdbs/5qgg.pdb,184,15
benign_P0DPB6,0,/mnt/nw/home/m.yu/repos/foundry/detectors/datasets/uniprot_pdb_benigns/pdbs/7a6h.pdb,5057,1
benign_P49842,0,/mnt/nw/home/m.yu/repos/foundry/detectors/datasets/uniprot_pdb_benigns/pdbs/7xrb.pdb,440,32
benign_P55000,0,/mnt/nw/home/m.yu/repos/foundry/detectors/datasets/uniprot_pdb_benigns/pdbs/6zze.pdb,82,100
benign_Q01362,0,/mnt/nw/home/m.yu/repos/foundry/detectors/datasets/uniprot_pdb_benigns/pdbs/8yvu.pdb,530,22
benign_Q02747,0,/mnt/nw/home/m.yu/repos/foundry/detectors/datasets/uniprot_pdb_benigns/pdbs/1gna.pdb,13,87
benign_Q15726,0,/mnt/nw/home/m.yu/repos/foundry/detectors/datasets/uniprot_pdb_benigns/pdbs/8xgs.pdb,1150,1
benign_Q16568,0,/mnt/nw/home/m.yu/repos/foundry/detectors/datasets/uniprot_pdb_benigns/pdbs/1hy9.pdb,41,49
benign_Q53S33,0,/mnt/nw/home/m.yu/repos/foundry/detectors/datasets/uniprot_pdb_benigns/pdbs/2ncl.pdb,81,27
benign_Q6ICB0,0,/mnt/nw/home/m.yu/repos/foundry/detectors/datasets/uniprot_pdb_benigns/pdbs/3ebq.pdb,144,5
benign_Q6UVW9,0,/mnt/nw/home/m.yu/repos/foundry/detectors/datasets/uniprot_pdb_benigns/pdbs/4iop.pdb,238,1
benign_Q6UW88,0,/mnt/nw/home/m.yu/repos/foundry/detectors/datasets/uniprot_pdb_benigns/pdbs/5wb8.pdb,1073,1
benign_Q6UXN8,0,/mnt/nw/home/m.yu/repos/foundry/detectors/datasets/uniprot_pdb_benigns/pdbs/3vpp.pdb,243,111
benign_Q86WX3,0,/mnt/nw/home/m.yu/repos/foundry/detectors/datasets/uniprot_pdb_benigns/pdbs/7mqa.cif.gz,28124,1
benign_Q8IVP5,0,/mnt/nw/home/m.yu/repos/foundry/detectors/datasets/uniprot_pdb_benigns/pdbs/2n9x.pdb,137,1
benign_Q8IXM3,0,/mnt/nw/home/m.yu/repos/foundry/detectors/datasets/uniprot_pdb_benigns/pdbs/3j7y.pdb,9137,1
benign_Q8N138,0,/mnt/nw/home/m.yu/repos/foundry/detectors/datasets/uniprot_pdb_benigns/pdbs/6m4n.pdb,2254,7
benign_Q8N4B1,0,/mnt/nw/home/m.yu/repos/foundry/detectors/datasets/uniprot_pdb_benigns/pdbs/3qis.pdb,306,1
benign_Q8NEV9,0,/mnt/nw/home/m.yu/repos/foundry/detectors/datasets/uniprot_pdb_benigns/pdbs/7u7n.pdb,884,1
benign_Q8NHS0,0,/mnt/nw/home/m.yu/repos/foundry/detectors/datasets/uniprot_pdb_benigns/pdbs/2dmx.pdb,92,1
benign_Q8TAI7,0,/mnt/nw/home/m.yu/repos/foundry/detectors/datasets/uniprot_pdb_benigns/pdbs/3oes.pdb,157,5
benign_Q8WY41,0,/mnt/nw/home/m.yu/repos/foundry/detectors/datasets/uniprot_pdb_benigns/pdbs/4cqo.pdb,1055,40
benign_Q92982,0,/mnt/nw/home/m.yu/repos/foundry/detectors/datasets/uniprot_pdb_benigns/pdbs/8cqr.pdb,618,39
benign_Q96A44,0,/mnt/nw/home/m.yu/repos/foundry/detectors/datasets/uniprot_pdb_benigns/pdbs/2v24.pdb,197,33
benign_Q96BP2,0,/mnt/nw/home/m.yu/repos/foundry/detectors/datasets/uniprot_pdb_benigns/pdbs/3j9m.cif.gz,15530,1
benign_Q96BR5,0,/mnt/nw/home/m.yu/repos/foundry/detectors/datasets/uniprot_pdb_benigns/pdbs/7mqz.pdb,209,10
benign_Q96CS2,0,/mnt/nw/home/m.yu/repos/foundry/detectors/datasets/uniprot_pdb_benigns/pdbs/7sqk.pdb,2927,1
benign_Q96DN0,0,/mnt/nw/home/m.yu/repos/foundry/detectors/datasets/uniprot_pdb_benigns/pdbs/2l4c.pdb,116,1
benign_Q96E93,0,/mnt/nw/home/m.yu/repos/foundry/detectors/datasets/uniprot_pdb_benigns/pdbs/3ff7.pdb,419,0
benign_Q9BT23,0,/mnt/nw/home/m.yu/repos/foundry/detectors/datasets/uniprot_pdb_benigns/pdbs/2lzu.pdb,72,36
benign_Q9BUE0,0,/mnt/nw/home/m.yu/repos/foundry/detectors/datasets/uniprot_pdb_benigns/pdbs/7emf.pdb,7916,1
benign_Q9BVM4,0,/mnt/nw/home/m.yu/repos/foundry/detectors/datasets/uniprot_pdb_benigns/pdbs/3jub.pdb,144,1
benign_Q9BYC8,0,/mnt/nw/home/m.yu/repos/foundry/detectors/datasets/uniprot_pdb_benigns/pdbs/3j7y.pdb,9137,1
benign_Q9H063,0,/mnt/nw/home/m.yu/repos/foundry/detectors/datasets/uniprot_pdb_benigns/pdbs/3nr5.pdb,157,0
benign_Q9H204,0,/mnt/nw/home/m.yu/repos/foundry/detectors/datasets/uniprot_pdb_benigns/pdbs/7emf.pdb,7916,1
benign_Q9H293,0,/mnt/nw/home/m.yu/repos/foundry/detectors/datasets/uniprot_pdb_benigns/pdbs/7uwj.pdb,664,19
benign_Q9H4A6,0,/mnt/nw/home/m.yu/repos/foundry/detectors/datasets/uniprot_pdb_benigns/pdbs/3kn1.pdb,234,1
benign_Q9NUN7,0,/mnt/nw/home/m.yu/repos/foundry/detectors/datasets/uniprot_pdb_benigns/pdbs/6g7o.pdb,350,1
benign_Q9NWS0,0,/mnt/nw/home/m.yu/repos/foundry/detectors/datasets/uniprot_pdb_benigns/pdbs/4psf.pdb,268,10
benign_Q9NWU2,0,/mnt/nw/home/m.yu/repos/foundry/detectors/datasets/uniprot_pdb_benigns/pdbs/7nsc.pdb,1230,19
benign_Q9NX08,0,/mnt/nw/home/m.yu/repos/foundry/detectors/datasets/uniprot_pdb_benigns/pdbs/8f2r.pdb,1837,1
benign_Q9NYP9,0,/mnt/nw/home/m.yu/repos/foundry/detectors/datasets/uniprot_pdb_benigns/pdbs/7sfy.pdb,202,188
benign_Q9NZ63,0,/mnt/nw/home/m.yu/repos/foundry/detectors/datasets/uniprot_pdb_benigns/pdbs/7os2.pdb,2046,5
benign_Q9NZE8,0,/mnt/nw/home/m.yu/repos/foundry/detectors/datasets/uniprot_pdb_benigns/pdbs/3j7y.pdb,9137,1
benign_Q9Y244,0,/mnt/nw/home/m.yu/repos/foundry/detectors/datasets/uniprot_pdb_benigns/pdbs/8qyj.pdb,2498,0
benign_Q9Y365,0,/mnt/nw/home/m.yu/repos/foundry/detectors/datasets/uniprot_pdb_benigns/pdbs/6ser.pdb,245,15
benign_Q9Y5U8,0,/mnt/nw/home/m.yu/repos/foundry/detectors/datasets/uniprot_pdb_benigns/pdbs/8yw6.pdb,333,1
benign_Q9Y5Z4,0,/mnt/nw/home/m.yu/repos/foundry/detectors/datasets/uniprot_pdb_benigns/pdbs/3r85.pdb,633,3
benign_A1XBS5,0,/mnt/nw/home/m.yu/repos/foundry/detectors/datasets/uniprot_pdb_benigns/pdbs/8ceg.pdb,407,1
benign_O00175,0,/mnt/nw/home/m.yu/repos/foundry/detectors/datasets/uniprot_pdb_benigns/pdbs/1eig.pdb,73,1
benign_O43402,0,/mnt/nw/home/m.yu/repos/foundry/detectors/datasets/uniprot_pdb_benigns/pdbs/6ww7.pdb,2074,3
benign_O43759,0,/mnt/nw/home/m.yu/repos/foundry/detectors/datasets/uniprot_pdb_benigns/pdbs/8a6m.pdb,161,16
benign_O76095,0,/mnt/nw/home/m.yu/repos/foundry/detectors/datasets/uniprot_pdb_benigns/pdbs/2kjx.pdb,65,1
benign_O95711,0,/mnt/nw/home/m.yu/repos/foundry/detectors/datasets/uniprot_pdb_benigns/pdbs/3b2d.pdb,1480,26
benign_P01178,0,/mnt/nw/home/m.yu/repos/foundry/detectors/datasets/uniprot_pdb_benigns/pdbs/7ofg.pdb,9,1
benign_P14207,0,/mnt/nw/home/m.yu/repos/foundry/detectors/datasets/uniprot_pdb_benigns/pdbs/4kmy.pdb,207,22
benign_P19876,0,/mnt/nw/home/m.yu/repos/foundry/detectors/datasets/uniprot_pdb_benigns/pdbs/8xwf.pdb,418,1
benign_P26441,0,/mnt/nw/home/m.yu/repos/foundry/detectors/datasets/uniprot_pdb_benigns/pdbs/1cnt.pdb,552,11
benign_P53805,0,/mnt/nw/home/m.yu/repos/foundry/detectors/datasets/uniprot_pdb_benigns/pdbs/6uuq.pdb,320,26
benign_P58340,0,/mnt/nw/home/m.yu/repos/foundry/detectors/datasets/uniprot_pdb_benigns/pdbs/3ual.pdb,237,3
benign_P60006,0,/mnt/nw/home/m.yu/repos/foundry/detectors/datasets/uniprot_pdb_benigns/pdbs/4ui9.pdb,8472,1
benign_P79483,0,/mnt/nw/home/m.yu/repos/foundry/detectors/datasets/uniprot_pdb_benigns/pdbs/2q6w.pdb,759,3
benign_P80162,0,/mnt/nw/home/m.yu/repos/foundry/detectors/datasets/uniprot_pdb_benigns/pdbs/8xwm.pdb,363,5
benign_Q12983,0,/mnt/nw/home/m.yu/repos/foundry/detectors/datasets/uniprot_pdb_benigns/pdbs/2j5d.pdb,90,146
benign_Q16674,0,/mnt/nw/home/m.yu/repos/foundry/detectors/datasets/uniprot_pdb_benigns/pdbs/1hjd.pdb,101,8
benign_Q5W111,0,/mnt/nw/home/m.yu/repos/foundry/detectors/datasets/uniprot_pdb_benigns/pdbs/7ccb.pdb,328,27
benign_Q7Z5W3,0,/mnt/nw/home/m.yu/repos/foundry/detectors/datasets/uniprot_pdb_benigns/pdbs/6l8u.pdb,909,26
benign_Q8NFP7,0,/mnt/nw/home/m.yu/repos/foundry/detectors/datasets/uniprot_pdb_benigns/pdbs/3mcf.pdb,253,0
benign_Q8TCF1,0,/mnt/nw/home/m.yu/repos/foundry/detectors/datasets/uniprot_pdb_benigns/pdbs/7y39.pdb,263,134
benign_Q8WVK2,0,/mnt/nw/home/m.yu/repos/foundry/detectors/datasets/uniprot_pdb_benigns/pdbs/6qw6.cif.gz,10621,1
benign_Q8WVK7,0,/mnt/nw/home/m.yu/repos/foundry/detectors/datasets/uniprot_pdb_benigns/pdbs/4aj5.pdb,2893,-1
benign_Q969J5,0,/mnt/nw/home/m.yu/repos/foundry/detectors/datasets/uniprot_pdb_benigns/pdbs/3g9v.pdb,613,1
benign_Q969T7,0,/mnt/nw/home/m.yu/repos/foundry/detectors/datasets/uniprot_pdb_benigns/pdbs/7zee.pdb,282,-1
benign_Q96A58,0,/mnt/nw/home/m.yu/repos/foundry/detectors/datasets/uniprot_pdb_benigns/pdbs/2atv.pdb,168,5
benign_Q96CS7,0,/mnt/nw/home/m.yu/repos/foundry/detectors/datasets/uniprot_pdb_benigns/pdbs/3aj4.pdb,224,-1
benign_Q96EY4,0,/mnt/nw/home/m.yu/repos/foundry/detectors/datasets/uniprot_pdb_benigns/pdbs/6lss.cif.gz,11027,1
benign_Q9BQ24,0,/mnt/nw/home/m.yu/repos/foundry/detectors/datasets/uniprot_pdb_benigns/pdbs/2rrf.pdb,141,1
benign_Q9BRT3,0,/mnt/nw/home/m.yu/repos/foundry/detectors/datasets/uniprot_pdb_benigns/pdbs/2ljk.pdb,117,1
benign_Q9BU64,0,/mnt/nw/home/m.yu/repos/foundry/detectors/datasets/uniprot_pdb_benigns/pdbs/7pb8.pdb,706,53
benign_Q9BUH6,0,/mnt/nw/home/m.yu/repos/foundry/detectors/datasets/uniprot_pdb_benigns/pdbs/3wtd.pdb,268,5
benign_Q9BVK8,0,/mnt/nw/home/m.yu/repos/foundry/detectors/datasets/uniprot_pdb_benigns/pdbs/6w6l.cif.gz,11921,1
benign_Q9GZX9,0,/mnt/nw/home/m.yu/repos/foundry/detectors/datasets/uniprot_pdb_benigns/pdbs/8bwa.pdb,328,25
benign_Q9H3R5,0,/mnt/nw/home/m.yu/repos/foundry/detectors/datasets/uniprot_pdb_benigns/pdbs/7pb4.pdb,353,63
benign_Q9H4I9,0,/mnt/nw/home/m.yu/repos/foundry/detectors/datasets/uniprot_pdb_benigns/pdbs/6k7x.pdb,2622,48
benign_Q9H633,0,/mnt/nw/home/m.yu/repos/foundry/detectors/datasets/uniprot_pdb_benigns/pdbs/6ahr.pdb,2936,1
benign_Q9NVX0,0,/mnt/nw/home/m.yu/repos/foundry/detectors/datasets/uniprot_pdb_benigns/pdbs/7sqk.pdb,2927,1
benign_Q9NX07,0,/mnt/nw/home/m.yu/repos/foundry/detectors/datasets/uniprot_pdb_benigns/pdbs/2dhg.pdb,104,87
benign_Q9NX70,0,/mnt/nw/home/m.yu/repos/foundry/detectors/datasets/uniprot_pdb_benigns/pdbs/7emf.pdb,7916,1
benign_Q9NZH6,0,/mnt/nw/home/m.yu/repos/foundry/detectors/datasets/uniprot_pdb_benigns/pdbs/5hn1.pdb,306,49
benign_Q9P013,0,/mnt/nw/home/m.yu/repos/foundry/detectors/datasets/uniprot_pdb_benigns/pdbs/5mqf.pdb,11862,1
benign_Q9UBU3,0,/mnt/nw/home/m.yu/repos/foundry/detectors/datasets/uniprot_pdb_benigns/pdbs/6h3e.pdb,18,1
benign_Q9UDW3,0,/mnt/nw/home/m.yu/repos/foundry/detectors/datasets/uniprot_pdb_benigns/pdbs/8r7n.pdb,1438,1
benign_Q9ULR0,0,/mnt/nw/home/m.yu/repos/foundry/detectors/datasets/uniprot_pdb_benigns/pdbs/5yzg.cif.gz,15617,1
benign_Q9Y2Y0,0,/mnt/nw/home/m.yu/repos/foundry/detectors/datasets/uniprot_pdb_benigns/pdbs/2k9a.pdb,136,1
benign_Q9Y3C8,0,/mnt/nw/home/m.yu/repos/foundry/detectors/datasets/uniprot_pdb_benigns/pdbs/2k07.pdb,175,1
benign_Q9Y3D8,0,/mnt/nw/home/m.yu/repos/foundry/detectors/datasets/uniprot_pdb_benigns/pdbs/1rkb.pdb,173,0
benign_Q9Y547,0,/mnt/nw/home/m.yu/repos/foundry/detectors/datasets/uniprot_pdb_benigns/pdbs/1tvg.pdb,136,4
benign_Q9Y5X0,0,/mnt/nw/home/m.yu/repos/foundry/detectors/datasets/uniprot_pdb_benigns/pdbs/4on3.pdb,301,8
benign_O14493,0,/mnt/nw/home/m.yu/repos/foundry/detectors/datasets/uniprot_pdb_benigns/pdbs/5b2g.pdb,1835,1
benign_O14796,0,/mnt/nw/home/m.yu/repos/foundry/detectors/datasets/uniprot_pdb_benigns/pdbs/5kaz.pdb,103,1
benign_O43257,0,/mnt/nw/home/m.yu/repos/foundry/detectors/datasets/uniprot_pdb_benigns/pdbs/8x15.cif.gz,6553,1
benign_O76096,0,/mnt/nw/home/m.yu/repos/foundry/detectors/datasets/uniprot_pdb_benigns/pdbs/2ch9.pdb,126,1
benign_O95848,0,/mnt/nw/home/m.yu/repos/foundry/detectors/datasets/uniprot_pdb_benigns/pdbs/3q91.pdb,571,1
benign_O95866,0,/mnt/nw/home/m.yu/repos/foundry/detectors/datasets/uniprot_pdb_benigns/pdbs/6r0x.pdb,1047,1
benign_O95998,0,/mnt/nw/home/m.yu/repos/foundry/detectors/datasets/uniprot_pdb_benigns/pdbs/7al7.pdb,263,37
benign_P01210,0,/mnt/nw/home/m.yu/repos/foundry/detectors/datasets/uniprot_pdb_benigns/pdbs/1plw.pdb,5,1
benign_P01236,0,/mnt/nw/home/m.yu/repos/foundry/detectors/datasets/uniprot_pdb_benigns/pdbs/1rw5.pdb,199,1
benign_P02818,0,/mnt/nw/home/m.yu/repos/foundry/detectors/datasets/uniprot_pdb_benigns/pdbs/8xs1.pdb,438,0
benign_P12018,0,/mnt/nw/home/m.yu/repos/foundry/detectors/datasets/uniprot_pdb_benigns/pdbs/2h32.pdb,439,1
benign_P20366,0,/mnt/nw/home/m.yu/repos/foundry/detectors/datasets/uniprot_pdb_benigns/pdbs/2b19.pdb,36,1
benign_P22749,0,/mnt/nw/home/m.yu/repos/foundry/detectors/datasets/uniprot_pdb_benigns/pdbs/1l9l.pdb,74,1
benign_P28067,0,/mnt/nw/home/m.yu/repos/foundry/detectors/datasets/uniprot_pdb_benigns/pdbs/1hdm.pdb,367,3
benign_P28325,0,/mnt/nw/home/m.yu/repos/foundry/detectors/datasets/uniprot_pdb_benigns/pdbs/1rn7.pdb,112,11
benign_P30990,0,/mnt/nw/home/m.yu/repos/foundry/detectors/datasets/uniprot_pdb_benigns/pdbs/2lne.pdb,13,1
benign_P33764,0,/mnt/nw/home/m.yu/repos/foundry/detectors/datasets/uniprot_pdb_benigns/pdbs/1kso.pdb,186,2
benign_P47224,0,/mnt/nw/home/m.yu/repos/foundry/detectors/datasets/uniprot_pdb_benigns/pdbs/1fwq.pdb,115,9
benign_P62699,0,/mnt/nw/home/m.yu/repos/foundry/detectors/datasets/uniprot_pdb_benigns/pdbs/8qbn.pdb,897,2
benign_Q13765,0,/mnt/nw/home/m.yu/repos/foundry/detectors/datasets/uniprot_pdb_benigns/pdbs/3lkx.pdb,119,1
benign_Q53FT3,0,/mnt/nw/home/m.yu/repos/foundry/detectors/datasets/uniprot_pdb_benigns/pdbs/3wvz.pdb,370,-3
benign_Q5JTJ3,0,/mnt/nw/home/m.yu/repos/foundry/detectors/datasets/uniprot_pdb_benigns/pdbs/6nl3.pdb,79,1
benign_Q5TA31,0,/mnt/nw/home/m.yu/repos/foundry/detectors/datasets/uniprot_pdb_benigns/pdbs/7ow2.pdb,709,0
benign_Q5TD97,0,/mnt/nw/home/m.yu/repos/foundry/detectors/datasets/uniprot_pdb_benigns/pdbs/1x68.pdb,76,1
benign_Q6ICL3,0,/mnt/nw/home/m.yu/repos/foundry/detectors/datasets/uniprot_pdb_benigns/pdbs/8sv7.pdb,543,2
benign_Q6NTF7,0,/mnt/nw/home/m.yu/repos/foundry/detectors/datasets/uniprot_pdb_benigns/pdbs/5w45.pdb,362,2
benign_Q6P1K2,0,/mnt/nw/home/m.yu/repos/foundry/detectors/datasets/uniprot_pdb_benigns/pdbs/5lsj.pdb,1177,2
benign_Q6PI98,0,/mnt/nw/home/m.yu/repos/foundry/detectors/datasets/uniprot_pdb_benigns/pdbs/7zi4.cif.gz,5000,1
benign_Q6UWP2,0,/mnt/nw/home/m.yu/repos/foundry/detectors/datasets/uniprot_pdb_benigns/pdbs/1xg5.pdb,1012,2
benign_Q6UXZ0,0,/mnt/nw/home/m.yu/repos/foundry/detectors/datasets/uniprot_pdb_benigns/pdbs/8cd3.pdb,110,50
benign_Q6ZRY4,0,/mnt/nw/home/m.yu/repos/foundry/detectors/datasets/uniprot_pdb_benigns/pdbs/2m9k.pdb,186,26
benign_Q7L2Z9,0,/mnt/nw/home/m.yu/repos/foundry/detectors/datasets/uniprot_pdb_benigns/pdbs/7pb8.pdb,706,53
benign_Q7Z6V5,0,/mnt/nw/home/m.yu/repos/foundry/detectors/datasets/uniprot_pdb_benigns/pdbs/3dh1.pdb,643,12
benign_Q86T03,0,/mnt/nw/home/m.yu/repos/foundry/detectors/datasets/uniprot_pdb_benigns/pdbs/8oqh.pdb,159,86
benign_Q86VX2,0,/mnt/nw/home/m.yu/repos/foundry/detectors/datasets/uniprot_pdb_benigns/pdbs/8esd.pdb,514,5
benign_Q8IU54,0,/mnt/nw/home/m.yu/repos/foundry/detectors/datasets/uniprot_pdb_benigns/pdbs/3og4.pdb,337,1
benign_Q8IVV7,0,/mnt/nw/home/m.yu/repos/foundry/detectors/datasets/uniprot_pdb_benigns/pdbs/6ccr.pdb,185,115
benign_Q8IWT0,0,/mnt/nw/home/m.yu/repos/foundry/detectors/datasets/uniprot_pdb_benigns/pdbs/5yz1.pdb,319,21
benign_Q8N4P3,0,/mnt/nw/home/m.yu/repos/foundry/detectors/datasets/uniprot_pdb_benigns/pdbs/3nr1.pdb,356,2
benign_Q8N4V1,0,/mnt/nw/home/m.yu/repos/foundry/detectors/datasets/uniprot_pdb_benigns/pdbs/6ww7.pdb,2074,3
benign_Q8NHV1,0,/mnt/nw/home/m.yu/repos/foundry/detectors/datasets/uniprot_pdb_benigns/pdbs/3zjc.pdb,1555,7
benign_Q8WUU5,0,/mnt/nw/home/m.yu/repos/foundry/detectors/datasets/uniprot_pdb_benigns/pdbs/8q1s.pdb,487,2
benign_Q8WW35,0,/mnt/nw/home/m.yu/repos/foundry/detectors/datasets/uniprot_pdb_benigns/pdbs/8j07.cif.gz,396307,1
benign_Q93091,0,/mnt/nw/home/m.yu/repos/foundry/detectors/datasets/uniprot_pdb_benigns/pdbs/4x09.pdb,128,0
benign_Q96CG3,0,/mnt/nw/home/m.yu/repos/foundry/detectors/datasets/uniprot_pdb_benigns/pdbs/4ym4.pdb,147,1
benign_Q96G25,0,/mnt/nw/home/m.yu/repos/foundry/detectors/datasets/uniprot_pdb_benigns/pdbs/7emf.pdb,7916,1
benign_Q99547,0,/mnt/nw/home/m.yu/repos/foundry/detectors/datasets/uniprot_pdb_benigns/pdbs/6d6q.pdb,3950,1
benign_Q9BPZ3,0,/mnt/nw/home/m.yu/repos/foundry/detectors/datasets/uniprot_pdb_benigns/pdbs/1jgn.pdb,120,1
benign_Q9BQA9,0,/mnt/nw/home/m.yu/repos/foundry/detectors/datasets/uniprot_pdb_benigns/pdbs/8kei.pdb,1272,1
benign_Q9BRJ7,0,/mnt/nw/home/m.yu/repos/foundry/detectors/datasets/uniprot_pdb_benigns/pdbs/3kvh.pdb,192,1
benign_Q9BSF4,0,/mnt/nw/home/m.yu/repos/foundry/detectors/datasets/uniprot_pdb_benigns/pdbs/7cgp.pdb,1569,2
benign_Q9BW61,0,/mnt/nw/home/m.yu/repos/foundry/detectors/datasets/uniprot_pdb_benigns/pdbs/6dsz.pdb,2217,1
benign_Q9BXS1,0,/mnt/nw/home/m.yu/repos/foundry/detectors/datasets/uniprot_pdb_benigns/pdbs/2pny.pdb,233,-5
benign_Q9BZM5,0,/mnt/nw/home/m.yu/repos/foundry/detectors/datasets/uniprot_pdb_benigns/pdbs/8imx.pdb,2402,1
benign_Q9GZN7,0,/mnt/nw/home/m.yu/repos/foundry/detectors/datasets/uniprot_pdb_benigns/pdbs/5xqh.pdb,218,24
benign_Q9H3J6,0,/mnt/nw/home/m.yu/repos/foundry/detectors/datasets/uniprot_pdb_benigns/pdbs/7a5h.cif.gz,10047,1
benign_Q9NPB1,0,/mnt/nw/home/m.yu/repos/foundry/detectors/datasets/uniprot_pdb_benigns/pdbs/1mh9.pdb,194,34
benign_Q9NRG1,0,/mnt/nw/home/m.yu/repos/foundry/detectors/datasets/uniprot_pdb_benigns/pdbs/2jbh.pdb,419,7
benign_Q9NY25,0,/mnt/nw/home/m.yu/repos/foundry/detectors/datasets/uniprot_pdb_benigns/pdbs/2yhf.pdb,1062,70
benign_Q9NY56,0,/mnt/nw/home/m.yu/repos/foundry/detectors/datasets/uniprot_pdb_benigns/pdbs/4run.pdb,299,2
benign_Q9NYV7,0,/mnt/nw/home/m.yu/repos/foundry/detectors/datasets/uniprot_pdb_benigns/pdbs/9k6l.pdb,1127,2
benign_Q9NZK7,0,/mnt/nw/home/m.yu/repos/foundry/detectors/datasets/uniprot_pdb_benigns/pdbs/5wzm.pdb,121,3
benign_Q9P0S9,0,/mnt/nw/home/m.yu/repos/foundry/detectors/datasets/uniprot_pdb_benigns/pdbs/2los.pdb,112,1
benign_Q9UHQ4,0,/mnt/nw/home/m.yu/repos/foundry/detectors/datasets/uniprot_pdb_benigns/pdbs/4w7y.pdb,120,166
benign_Q9UKY0,0,/mnt/nw/home/m.yu/repos/foundry/detectors/datasets/uniprot_pdb_benigns/pdbs/1lg4.pdb,99,52
benign_Q9Y5U4,0,/mnt/nw/home/m.yu/repos/foundry/detectors/datasets/uniprot_pdb_benigns/pdbs/4j82.pdb,609,1
benign_O00287,0,/mnt/nw/home/m.yu/repos/foundry/detectors/datasets/uniprot_pdb_benigns/pdbs/2kw3.pdb,198,23
benign_O00338,0,/mnt/nw/home/m.yu/repos/foundry/detectors/datasets/uniprot_pdb_benigns/pdbs/3bfx.pdb,501,12
benign_O00399,0,/mnt/nw/home/m.yu/repos/foundry/detectors/datasets/uniprot_pdb_benigns/pdbs/3tv0.pdb,284,8
benign_O14669,0,/mnt/nw/home/m.yu/repos/foundry/detectors/datasets/uniprot_pdb_benigns/pdbs/9bvp.cif.gz,728,1
benign_O15503,0,/mnt/nw/home/m.yu/repos/foundry/detectors/datasets/uniprot_pdb_benigns/pdbs/4j81.pdb,610,1
benign_O60479,0,/mnt/nw/home/m.yu/repos/foundry/detectors/datasets/uniprot_pdb_benigns/pdbs/4xrs.pdb,292,1
benign_O60543,0,/mnt/nw/home/m.yu/repos/foundry/detectors/datasets/uniprot_pdb_benigns/pdbs/2eel.pdb,91,1
benign_O60565,0,/mnt/nw/home/m.yu/repos/foundry/detectors/datasets/uniprot_pdb_benigns/pdbs/5aej.pdb,454,71
benign_O60888,0,/mnt/nw/home/m.yu/repos/foundry/detectors/datasets/uniprot_pdb_benigns/pdbs/1xk8.pdb,643,40
benign_O60927,0,/mnt/nw/home/m.yu/repos/foundry/detectors/datasets/uniprot_pdb_benigns/pdbs/8dwk.pdb,640,6
benign_O94811,0,/mnt/nw/home/m.yu/repos/foundry/detectors/datasets/uniprot_pdb_benigns/pdbs/9j4d.pdb,210,70
benign_O95229,0,/mnt/nw/home/m.yu/repos/foundry/detectors/datasets/uniprot_pdb_benigns/pdbs/8ppr.pdb,1388,1
benign_O95484,0,/mnt/nw/home/m.yu/repos/foundry/detectors/datasets/uniprot_pdb_benigns/pdbs/6ov2.pdb,309,5
benign_P01920,0,/mnt/nw/home/m.yu/repos/foundry/detectors/datasets/uniprot_pdb_benigns/pdbs/1jk8.pdb,385,1
benign_P02746,0,/mnt/nw/home/m.yu/repos/foundry/detectors/datasets/uniprot_pdb_benigns/pdbs/1pk6.pdb,394,1
benign_P08118,0,/mnt/nw/home/m.yu/repos/foundry/detectors/datasets/uniprot_pdb_benigns/pdbs/2iz3.pdb,94,1
benign_P08949,0,/mnt/nw/home/m.yu/repos/foundry/detectors/datasets/uniprot_pdb_benigns/pdbs/1c98.pdb,10,1
benign_P0DMM9,0,/mnt/nw/home/m.yu/repos/foundry/detectors/datasets/uniprot_pdb_benigns/pdbs/1cjm.pdb,223,8
benign_P10720,0,/mnt/nw/home/m.yu/repos/foundry/detectors/datasets/uniprot_pdb_benigns/pdbs/4hsv.pdb,248,6
benign_P17041,0,/mnt/nw/home/m.yu/repos/foundry/detectors/datasets/uniprot_pdb_benigns/pdbs/2epc.pdb,42,201
benign_P23435,0,/mnt/nw/home/m.yu/repos/foundry/detectors/datasets/uniprot_pdb_benigns/pdbs/5kc5.pdb,137,58
benign_P26717,0,/mnt/nw/home/m.yu/repos/foundry/detectors/datasets/uniprot_pdb_benigns/pdbs/2l35.pdb,95,1
benign_P41223,0,/mnt/nw/home/m.yu/repos/foundry/detectors/datasets/uniprot_pdb_benigns/pdbs/4oed.pdb,250,1
benign_P51460,0,/mnt/nw/home/m.yu/repos/foundry/detectors/datasets/uniprot_pdb_benigns/pdbs/2h8b.pdb,57,1
benign_P56211,0,/mnt/nw/home/m.yu/repos/foundry/detectors/datasets/uniprot_pdb_benigns/pdbs/8ttb.pdb,1374,2
benign_P61009,0,/mnt/nw/home/m.yu/repos/foundry/detectors/datasets/uniprot_pdb_benigns/pdbs/7p2p.pdb,587,1
benign_P61278,0,/mnt/nw/home/m.yu/repos/foundry/detectors/datasets/uniprot_pdb_benigns/pdbs/2mi1.pdb,14,1
benign_Q05315,0,/mnt/nw/home/m.yu/repos/foundry/detectors/datasets/uniprot_pdb_benigns/pdbs/1g86.pdb,141,2
benign_Q12918,0,/mnt/nw/home/m.yu/repos/foundry/detectors/datasets/uniprot_pdb_benigns/pdbs/5mgr.pdb,250,1
benign_Q15493,0,/mnt/nw/home/m.yu/repos/foundry/detectors/datasets/uniprot_pdb_benigns/pdbs/3g4e.pdb,594,1
benign_Q15528,0,/mnt/nw/home/m.yu/repos/foundry/detectors/datasets/uniprot_pdb_benigns/pdbs/7emf.pdb,7916,1
benign_Q15649,0,/mnt/nw/home/m.yu/repos/foundry/detectors/datasets/uniprot_pdb_benigns/pdbs/2yqq.pdb,56,1
benign_Q16384,0,/mnt/nw/home/m.yu/repos/foundry/detectors/datasets/uniprot_pdb_benigns/pdbs/8hr1.pdb,1059,-73
benign_Q68J44,0,/mnt/nw/home/m.yu/repos/foundry/detectors/datasets/uniprot_pdb_benigns/pdbs/2y96.pdb,340,32
benign_Q6I9Y2,0,/mnt/nw/home/m.yu/repos/foundry/detectors/datasets/uniprot_pdb_benigns/pdbs/7apk.pdb,9967,1
benign_Q6IPU0,0,/mnt/nw/home/m.yu/repos/foundry/detectors/datasets/uniprot_pdb_benigns/pdbs/7pb8.pdb,706,53
benign_Q6P4F2,0,/mnt/nw/home/m.yu/repos/foundry/detectors/datasets/uniprot_pdb_benigns/pdbs/2y5c.pdb,214,3
benign_Q86SE8,0,/mnt/nw/home/m.yu/repos/foundry/detectors/datasets/uniprot_pdb_benigns/pdbs/3t30.pdb,922,1
benign_Q86YI8,0,/mnt/nw/home/m.yu/repos/foundry/detectors/datasets/uniprot_pdb_benigns/pdbs/3o70.pdb,55,1
benign_Q8TAE8,0,/mnt/nw/home/m.yu/repos/foundry/detectors/datasets/uniprot_pdb_benigns/pdbs/3j7y.pdb,9137,1
benign_Q8TCB7,0,/mnt/nw/home/m.yu/repos/foundry/detectors/datasets/uniprot_pdb_benigns/pdbs/7ezg.pdb,275,-10
benign_Q8TD06,0,/mnt/nw/home/m.yu/repos/foundry/detectors/datasets/uniprot_pdb_benigns/pdbs/3ph9.pdb,268,1
benign_Q8WXB1,0,/mnt/nw/home/m.yu/repos/foundry/detectors/datasets/uniprot_pdb_benigns/pdbs/4lec.pdb,403,15
benign_Q8WYQ3,0,/mnt/nw/home/m.yu/repos/foundry/detectors/datasets/uniprot_pdb_benigns/pdbs/9cww.pdb,204,42
benign_Q92564,0,/mnt/nw/home/m.yu/repos/foundry/detectors/datasets/uniprot_pdb_benigns/pdbs/5v89.pdb,257,101
benign_Q96AZ6,0,/mnt/nw/home/m.yu/repos/foundry/detectors/datasets/uniprot_pdb_benigns/pdbs/1wlj.pdb,168,6
benign_Q96FT9,0,/mnt/nw/home/m.yu/repos/foundry/detectors/datasets/uniprot_pdb_benigns/pdbs/8bbe.pdb,2519,-2
benign_Q96GY3,0,/mnt/nw/home/m.yu/repos/foundry/detectors/datasets/uniprot_pdb_benigns/pdbs/7n40.pdb,587,10
benign_Q96JC9,0,/mnt/nw/home/m.yu/repos/foundry/detectors/datasets/uniprot_pdb_benigns/pdbs/7okx.pdb,4236,1
benign_Q99417,0,/mnt/nw/home/m.yu/repos/foundry/detectors/datasets/uniprot_pdb_benigns/pdbs/2yy0.pdb,181,42
benign_Q99748,0,/mnt/nw/home/m.yu/repos/foundry/detectors/datasets/uniprot_pdb_benigns/pdbs/5mr4.pdb,766,36
benign_Q99969,0,/mnt/nw/home/m.yu/repos/foundry/detectors/datasets/uniprot_pdb_benigns/pdbs/7ykd.pdb,1133,1
benign_Q9BS16,0,/mnt/nw/home/m.yu/repos/foundry/detectors/datasets/uniprot_pdb_benigns/pdbs/7pb4.pdb,353,63
benign_Q9BSB4,0,/mnt/nw/home/m.yu/repos/foundry/detectors/datasets/uniprot_pdb_benigns/pdbs/4wzg.pdb,210,1
benign_Q9BTT4,0,/mnt/nw/home/m.yu/repos/foundry/detectors/datasets/uniprot_pdb_benigns/pdbs/7emf.pdb,7916,1
benign_Q9BXW4,0,/mnt/nw/home/m.yu/repos/foundry/detectors/datasets/uniprot_pdb_benigns/pdbs/2ncn.pdb,128,-1
benign_Q9BZM4,0,/mnt/nw/home/m.yu/repos/foundry/detectors/datasets/uniprot_pdb_benigns/pdbs/1kcg.pdb,415,9
benign_Q9GZQ3,0,/mnt/nw/home/m.yu/repos/foundry/detectors/datasets/uniprot_pdb_benigns/pdbs/8esd.pdb,514,5
benign_Q9GZY6,0,/mnt/nw/home/m.yu/repos/foundry/detectors/datasets/uniprot_pdb_benigns/pdbs/3maz.pdb,108,1
benign_Q9H0N5,0,/mnt/nw/home/m.yu/repos/foundry/detectors/datasets/uniprot_pdb_benigns/pdbs/4c45.pdb,99,6
benign_Q9H5X1,0,/mnt/nw/home/m.yu/repos/foundry/detectors/datasets/uniprot_pdb_benigns/pdbs/2m5h.pdb,139,27
benign_Q9H6K1,0,/mnt/nw/home/m.yu/repos/foundry/detectors/datasets/uniprot_pdb_benigns/pdbs/6vhi.pdb,108,71
benign_Q9H875,0,/mnt/nw/home/m.yu/repos/foundry/detectors/datasets/uniprot_pdb_benigns/pdbs/5xjc.cif.gz,14587,1
benign_Q9HD47,0,/mnt/nw/home/m.yu/repos/foundry/detectors/datasets/uniprot_pdb_benigns/pdbs/5yfg.pdb,186,1
benign_Q9NPF7,0,/mnt/nw/home/m.yu/repos/foundry/detectors/datasets/uniprot_pdb_benigns/pdbs/3d85.pdb,852,1
benign_Q9NSA1,0,/mnt/nw/home/m.yu/repos/foundry/detectors/datasets/uniprot_pdb_benigns/pdbs/5vaq.pdb,1005,2
benign_Q9NWZ8,0,/mnt/nw/home/m.yu/repos/foundry/detectors/datasets/uniprot_pdb_benigns/pdbs/7bbl.pdb,418,2
benign_Q9NYS0,0,/mnt/nw/home/m.yu/repos/foundry/detectors/datasets/uniprot_pdb_benigns/pdbs/9qu1.pdb,784,5
benign_Q9NZS2,0,/mnt/nw/home/m.yu/repos/foundry/detectors/datasets/uniprot_pdb_benigns/pdbs/8qmd.pdb,1230,50
benign_Q9NZV6,0,/mnt/nw/home/m.yu/repos/foundry/detectors/datasets/uniprot_pdb_benigns/pdbs/3mao.pdb,105,-1
benign_Q9P021,0,/mnt/nw/home/m.yu/repos/foundry/detectors/datasets/uniprot_pdb_benigns/pdbs/7dvq.pdb,13600,-11
benign_Q9P0T7,0,/mnt/nw/home/m.yu/repos/foundry/detectors/datasets/uniprot_pdb_benigns/pdbs/9dnx.cif.gz,1656,23
benign_Q9UBI1,0,/mnt/nw/home/m.yu/repos/foundry/detectors/datasets/uniprot_pdb_benigns/pdbs/8f2r.pdb,1837,1
benign_Q9UMY1,0,/mnt/nw/home/m.yu/repos/foundry/detectors/datasets/uniprot_pdb_benigns/pdbs/7mq8.cif.gz,28414,1
benign_Q9Y530,0,/mnt/nw/home/m.yu/repos/foundry/detectors/datasets/uniprot_pdb_benigns/pdbs/2eee.pdb,149,1
benign_Q9Y5J6,0,/mnt/nw/home/m.yu/repos/foundry/detectors/datasets/uniprot_pdb_benigns/pdbs/7cgp.pdb,1569,2
benign_Q9Y5W9,0,/mnt/nw/home/m.yu/repos/foundry/detectors/datasets/uniprot_pdb_benigns/pdbs/4ikb.pdb,252,15
benign_O14931,0,/mnt/nw/home/m.yu/repos/foundry/detectors/datasets/uniprot_pdb_benigns/pdbs/3noi.pdb,239,11
benign_O14972,0,/mnt/nw/home/m.yu/repos/foundry/detectors/datasets/uniprot_pdb_benigns/pdbs/8p0x.cif.gz,1850,1
benign_O43513,0,/mnt/nw/home/m.yu/repos/foundry/detectors/datasets/uniprot_pdb_benigns/pdbs/7emf.pdb,7916,1
benign_O75446,0,/mnt/nw/home/m.yu/repos/foundry/detectors/datasets/uniprot_pdb_benigns/pdbs/2kdp.pdb,71,1
benign_O76080,0,/mnt/nw/home/m.yu/repos/foundry/detectors/datasets/uniprot_pdb_benigns/pdbs/7qxw.cif.gz,13346,1
benign_O95057,0,/mnt/nw/home/m.yu/repos/foundry/detectors/datasets/uniprot_pdb_benigns/pdbs/2gf0.pdb,688,3
benign_O95407,0,/mnt/nw/home/m.yu/repos/foundry/detectors/datasets/uniprot_pdb_benigns/pdbs/3k51.pdb,304,8
benign_O95997,0,/mnt/nw/home/m.yu/repos/foundry/detectors/datasets/uniprot_pdb_benigns/pdbs/7nj0.pdb,1816,1
benign_P0DP24,0,/mnt/nw/home/m.yu/repos/foundry/detectors/datasets/uniprot_pdb_benigns/pdbs/3o77.pdb,388,1
benign_P14138,0,/mnt/nw/home/m.yu/repos/foundry/detectors/datasets/uniprot_pdb_benigns/pdbs/6igk.pdb,492,1
benign_P23582,0,/mnt/nw/home/m.yu/repos/foundry/detectors/datasets/uniprot_pdb_benigns/pdbs/1jdp.pdb,809,1
benign_P30046,0,/mnt/nw/home/m.yu/repos/foundry/detectors/datasets/uniprot_pdb_benigns/pdbs/1dpt.pdb,351,1
benign_P35318,0,/mnt/nw/home/m.yu/repos/foundry/detectors/datasets/uniprot_pdb_benigns/pdbs/2fly.pdb,20,1
benign_P41238,0,/mnt/nw/home/m.yu/repos/foundry/detectors/datasets/uniprot_pdb_benigns/pdbs/6x91.pdb,4667,2
benign_P42127,0,/mnt/nw/home/m.yu/repos/foundry/detectors/datasets/uniprot_pdb_benigns/pdbs/1y7j.pdb,40,93
benign_P48645,0,/mnt/nw/home/m.yu/repos/foundry/detectors/datasets/uniprot_pdb_benigns/pdbs/7w53.pdb,1109,1
benign_P57052,0,/mnt/nw/home/m.yu/repos/foundry/detectors/datasets/uniprot_pdb_benigns/pdbs/2ywk.pdb,84,5
benign_Q13519,0,/mnt/nw/home/m.yu/repos/foundry/detectors/datasets/uniprot_pdb_benigns/pdbs/8f7x.pdb,1145,1
benign_Q15013,0,/mnt/nw/home/m.yu/repos/foundry/detectors/datasets/uniprot_pdb_benigns/pdbs/2qyf.pdb,768,1
benign_Q16655,0,/mnt/nw/home/m.yu/repos/foundry/detectors/datasets/uniprot_pdb_benigns/pdbs/2gt9.pdb,770,0
benign_Q16663,0,/mnt/nw/home/m.yu/repos/foundry/detectors/datasets/uniprot_pdb_benigns/pdbs/2hcc.pdb,66,1
benign_Q5T0T0,0,/mnt/nw/home/m.yu/repos/foundry/detectors/datasets/uniprot_pdb_benigns/pdbs/2d8s.pdb,80,1
benign_Q6P1N9,0,/mnt/nw/home/m.yu/repos/foundry/detectors/datasets/uniprot_pdb_benigns/pdbs/2xio.pdb,293,4
benign_Q7LBR1,0,/mnt/nw/home/m.yu/repos/foundry/detectors/datasets/uniprot_pdb_benigns/pdbs/3eab.pdb,759,108
benign_Q7Z5G4,0,/mnt/nw/home/m.yu/repos/foundry/detectors/datasets/uniprot_pdb_benigns/pdbs/8hf3.pdb,419,6
benign_Q86TS9,0,/mnt/nw/home/m.yu/repos/foundry/detectors/datasets/uniprot_pdb_benigns/pdbs/3j7y.pdb,9137,1
benign_P0DSE1,0,/mnt/nw/home/m.yu/repos/foundry/detectors/datasets/uniprot_pdb_benigns/pdbs/1oga.pdb,826,0
benign_P0DTU3,0,/mnt/nw/home/m.yu/repos/foundry/detectors/datasets/uniprot_pdb_benigns/pdbs/9hi7.pdb,1603,0
benign_G2XKQ0,0,/mnt/nw/home/m.yu/repos/foundry/detectors/datasets/uniprot_pdb_benigns/pdbs/6iam.pdb,321,1
benign_K9M1U5,0,/mnt/nw/home/m.yu/repos/foundry/detectors/datasets/uniprot_pdb_benigns/pdbs/9bpu.pdb,529,1
benign_Q9H2H0,0,/mnt/nw/home/m.yu/repos/foundry/detectors/datasets/uniprot_pdb_benigns/pdbs/5vc9.pdb,138,1
benign_M5A8F1,0,/mnt/nw/home/m.yu/repos/foundry/detectors/datasets/uniprot_pdb_benigns/pdbs/8oui.pdb,1380,40
benign_P01825,0,/mnt/nw/home/m.yu/repos/foundry/detectors/datasets/uniprot_pdb_benigns/pdbs/7czp.pdb,3862,1
benign_P01704,0,/mnt/nw/home/m.yu/repos/foundry/detectors/datasets/uniprot_pdb_benigns/pdbs/5c2b.pdb,241,1
benign_P23083,0,/mnt/nw/home/m.yu/repos/foundry/detectors/datasets/uniprot_pdb_benigns/pdbs/1wt5.pdb,452,1
benign_P01700,0,/mnt/nw/home/m.yu/repos/foundry/detectors/datasets/uniprot_pdb_benigns/pdbs/1zvo.pdb,1452,1
benign_P0DPK2,0,/mnt/nw/home/m.yu/repos/foundry/detectors/datasets/uniprot_pdb_benigns/pdbs/5ay8.pdb,1033,1
benign_P0DPK5,0,/mnt/nw/home/m.yu/repos/foundry/detectors/datasets/uniprot_pdb_benigns/pdbs/7zdd.pdb,185,1
benign_P01721,0,/mnt/nw/home/m.yu/repos/foundry/detectors/datasets/uniprot_pdb_benigns/pdbs/1cd0.pdb,221,1
benign_P01597,0,/mnt/nw/home/m.yu/repos/foundry/detectors/datasets/uniprot_pdb_benigns/pdbs/1f6l.pdb,106,1
benign_P01594,0,/mnt/nw/home/m.yu/repos/foundry/detectors/datasets/uniprot_pdb_benigns/pdbs/1b0w.pdb,324,1
benign_P01780,0,/mnt/nw/home/m.yu/repos/foundry/detectors/datasets/uniprot_pdb_benigns/pdbs/2fl5.pdb,1716,1
benign_P0DOY2,0,/mnt/nw/home/m.yu/repos/foundry/detectors/datasets/uniprot_pdb_benigns/pdbs/1jvk.pdb,429,1
benign_P01709,0,/mnt/nw/home/m.yu/repos/foundry/detectors/datasets/uniprot_pdb_benigns/pdbs/1a8j.pdb,430,1
benign_P0DPD7,0,/mnt/nw/home/m.yu/repos/foundry/detectors/datasets/uniprot_pdb_benigns/pdbs/2pxx.pdb,213,17
benign_Q96EL1,0,/mnt/nw/home/m.yu/repos/foundry/detectors/datasets/uniprot_pdb_benigns/pdbs/4xbr.pdb,315,175
benign_P01764,0,/mnt/nw/home/m.yu/repos/foundry/detectors/datasets/uniprot_pdb_benigns/pdbs/1ohq.pdb,239,1
benign_P01593,0,/mnt/nw/home/m.yu/repos/foundry/detectors/datasets/uniprot_pdb_benigns/pdbs/1ar2.pdb,109,1
benign_P01850,0,/mnt/nw/home/m.yu/repos/foundry/detectors/datasets/uniprot_pdb_benigns/pdbs/1ao7.pdb,707,0
benign_P0CG04,0,/mnt/nw/home/m.yu/repos/foundry/detectors/datasets/uniprot_pdb_benigns/pdbs/1zvo.pdb,1452,1
benign_Q6ZNX1,0,/mnt/nw/home/m.yu/repos/foundry/detectors/datasets/uniprot_pdb_benigns/pdbs/6k07.pdb,224,9
benign_P01772,0,/mnt/nw/home/m.yu/repos/foundry/detectors/datasets/uniprot_pdb_benigns/pdbs/2fb4.pdb,445,1
benign_P0DOY3,0,/mnt/nw/home/m.yu/repos/foundry/detectors/datasets/uniprot_pdb_benigns/pdbs/1aqk.pdb,440,1
benign_P01848,0,/mnt/nw/home/m.yu/repos/foundry/detectors/datasets/uniprot_pdb_benigns/pdbs/1ao7.pdb,707,0
benign_P01619,0,/mnt/nw/home/m.yu/repos/foundry/detectors/datasets/uniprot_pdb_benigns/pdbs/4lrn.pdb,225,0
benign_Q96P09,0,/mnt/nw/home/m.yu/repos/foundry/detectors/datasets/uniprot_pdb_benigns/pdbs/1xb0.pdb,596,16
benign_P06312,0,/mnt/nw/home/m.yu/repos/foundry/detectors/datasets/uniprot_pdb_benigns/pdbs/1eeq.pdb,226,1
benign_P01834,0,/mnt/nw/home/m.yu/repos/foundry/detectors/datasets/uniprot_pdb_benigns/pdbs/1a4j.pdb,868,1
benign_A6ND01,0,/mnt/nw/home/m.yu/repos/foundry/detectors/datasets/uniprot_pdb_benigns/pdbs/5f4e.pdb,442,20
benign_Q6PRD7,0,/mnt/nw/home/m.yu/repos/foundry/detectors/datasets/uniprot_pdb_benigns/pdbs/7tb9.pdb,20,1
benign_Q96RP3,0,/mnt/nw/home/m.yu/repos/foundry/detectors/datasets/uniprot_pdb_benigns/pdbs/2rmg.pdb,38,4
benign_O15130,0,/mnt/nw/home/m.yu/repos/foundry/detectors/datasets/uniprot_pdb_benigns/pdbs/9jfy.pdb,1133,1
benign_Q6UXT8,0,/mnt/nw/home/m.yu/repos/foundry/detectors/datasets/uniprot_pdb_benigns/pdbs/7mk7.pdb,737,1
benign_Q86UU9,0,/mnt/nw/home/m.yu/repos/foundry/detectors/datasets/uniprot_pdb_benigns/pdbs/2moc.pdb,11,1
benign_Q3KNT9,0,/mnt/nw/home/m.yu/repos/foundry/detectors/datasets/uniprot_pdb_benigns/pdbs/7ux0.pdb,115,1
benign_Q6UX46,0,/mnt/nw/home/m.yu/repos/foundry/detectors/datasets/uniprot_pdb_benigns/pdbs/7ls0.pdb,1446,680
benign_Q3KP22,0,/mnt/nw/home/m.yu/repos/foundry/detectors/datasets/uniprot_pdb_benigns/pdbs/6gnx.pdb,258,2
benign_Q5T5A4,0,/mnt/nw/home/m.yu/repos/foundry/detectors/datasets/uniprot_pdb_benigns/pdbs/7ung.cif.gz,160638,1
benign_Q5VVY1,0,/mnt/nw/home/m.yu/repos/foundry/detectors/datasets/uniprot_pdb_benigns/pdbs/5ubb.pdb,218,59
benign_D3W0D1,0,/mnt/nw/home/m.yu/repos/foundry/detectors/datasets/uniprot_pdb_benigns/pdbs/4iop.pdb,238,1
benign_P09683,0,/mnt/nw/home/m.yu/repos/foundry/detectors/datasets/uniprot_pdb_benigns/pdbs/6wi9.pdb,1108,1
benign_P0C5Z0,0,/mnt/nw/home/m.yu/repos/foundry/detectors/datasets/uniprot_pdb_benigns/pdbs/6a7u.pdb,170,36
benign_P0DP58,0,/mnt/nw/home/m.yu/repos/foundry/detectors/datasets/uniprot_pdb_benigns/pdbs/2l03.pdb,74,1
benign_Q5VTH2,0,/mnt/nw/home/m.yu/repos/foundry/detectors/datasets/uniprot_pdb_benigns/pdbs/7ung.cif.gz,160638,1
benign_Q8IXH6,0,/mnt/nw/home/m.yu/repos/foundry/detectors/datasets/uniprot_pdb_benigns/pdbs/7yo9.pdb,131,1
benign_Q96C55,0,/mnt/nw/home/m.yu/repos/foundry/detectors/datasets/uniprot_pdb_benigns/pdbs/7ysf.pdb,143,1
benign_Q9H741,0,/mnt/nw/home/m.yu/repos/foundry/detectors/datasets/uniprot_pdb_benigns/pdbs/8uw8.pdb,835,74
benign_O00230,0,/mnt/nw/home/m.yu/repos/foundry/detectors/datasets/uniprot_pdb_benigns/pdbs/7s8l.pdb,1096,2
benign_O14645,0,/mnt/nw/home/m.yu/repos/foundry/detectors/datasets/uniprot_pdb_benigns/pdbs/8j07.cif.gz,396307,1
benign_O60829,0,/mnt/nw/home/m.yu/repos/foundry/detectors/datasets/uniprot_pdb_benigns/pdbs/6urq.pdb,632,10
benign_Q5BN46,0,/mnt/nw/home/m.yu/repos/foundry/detectors/datasets/uniprot_pdb_benigns/pdbs/7ung.cif.gz,160638,1
benign_Q6B8I1,0,/mnt/nw/home/m.yu/repos/foundry/detectors/datasets/uniprot_pdb_benigns/pdbs/5xjv.pdb,341,15
benign_Q6P5S7,0,/mnt/nw/home/m.yu/repos/foundry/detectors/datasets/uniprot_pdb_benigns/pdbs/6wlw.pdb,2749,1
benign_Q6W0C5,0,/mnt/nw/home/m.yu/repos/foundry/detectors/datasets/uniprot_pdb_benigns/pdbs/8wms.pdb,90,84
benign_Q969E3,0,/mnt/nw/home/m.yu/repos/foundry/detectors/datasets/uniprot_pdb_benigns/pdbs/2rmh.pdb,38,4
benign_Q9UBT3,0,/mnt/nw/home/m.yu/repos/foundry/detectors/datasets/uniprot_pdb_benigns/pdbs/5o57.pdb,95,18
benign_A8MTA8,0,/mnt/nw/home/m.yu/repos/foundry/detectors/datasets/uniprot_pdb_benigns/pdbs/7ung.cif.gz,160638,1
benign_O95399,0,/mnt/nw/home/m.yu/repos/foundry/detectors/datasets/uniprot_pdb_benigns/pdbs/6hvb.pdb,7,4
benign_O95868,0,/mnt/nw/home/m.yu/repos/foundry/detectors/datasets/uniprot_pdb_benigns/pdbs/7s4g.pdb,1743,1
benign_Q7Z4H4,0,/mnt/nw/home/m.yu/repos/foundry/detectors/datasets/uniprot_pdb_benigns/pdbs/6d1u.pdb,1715,3
benign_Q8N9A8,0,/mnt/nw/home/m.yu/repos/foundry/detectors/datasets/uniprot_pdb_benigns/pdbs/8ujl.pdb,218,7
benign_Q8WU39,0,/mnt/nw/home/m.yu/repos/foundry/detectors/datasets/uniprot_pdb_benigns/pdbs/7aah.pdb,286,37
benign_Q53FP2,0,/mnt/nw/home/m.yu/repos/foundry/detectors/datasets/uniprot_pdb_benigns/pdbs/9h9e.pdb,934,2
benign_Q5VTT2,0,/mnt/nw/home/m.yu/repos/foundry/detectors/datasets/uniprot_pdb_benigns/pdbs/7ung.cif.gz,160638,1
benign_Q6BDI9,0,/mnt/nw/home/m.yu/repos/foundry/detectors/datasets/uniprot_pdb_benigns/pdbs/8a4a.pdb,379,15
benign_Q6PI25,0,/mnt/nw/home/m.yu/repos/foundry/detectors/datasets/uniprot_pdb_benigns/pdbs/8ss2.pdb,3802,2
benign_Q7Z3Z2,0,/mnt/nw/home/m.yu/repos/foundry/detectors/datasets/uniprot_pdb_benigns/pdbs/6drf.pdb,143,18
benign_Q96Q77,0,/mnt/nw/home/m.yu/repos/foundry/detectors/datasets/uniprot_pdb_benigns/pdbs/6wu5.pdb,364,4
benign_Q9BSD3,0,/mnt/nw/home/m.yu/repos/foundry/detectors/datasets/uniprot_pdb_benigns/pdbs/6j8y.pdb,786,-2
benign_Q9BTP6,0,/mnt/nw/home/m.yu/repos/foundry/detectors/datasets/uniprot_pdb_benigns/pdbs/2djr.pdb,76,1
benign_Q9BV90,0,/mnt/nw/home/m.yu/repos/foundry/detectors/datasets/uniprot_pdb_benigns/pdbs/8r7n.pdb,1438,1
benign_Q9NZG7,0,/mnt/nw/home/m.yu/repos/foundry/detectors/datasets/uniprot_pdb_benigns/pdbs/8szb.pdb,612,25
benign_O75663,0,/mnt/nw/home/m.yu/repos/foundry/detectors/datasets/uniprot_pdb_benigns/pdbs/5d9g.pdb,482,9
benign_O95715,0,/mnt/nw/home/m.yu/repos/foundry/detectors/datasets/uniprot_pdb_benigns/pdbs/2hdl.pdb,77,1
benign_Q8TC29,0,/mnt/nw/home/m.yu/repos/foundry/detectors/datasets/uniprot_pdb_benigns/pdbs/7ung.cif.gz,160638,1
benign_Q96E09,0,/mnt/nw/home/m.yu/repos/foundry/detectors/datasets/uniprot_pdb_benigns/pdbs/8so0.pdb,1342,2
benign_Q9BT56,0,/mnt/nw/home/m.yu/repos/foundry/detectors/datasets/uniprot_pdb_benigns/pdbs/7xjl.pdb,1137,1
benign_Q9BXH1,0,/mnt/nw/home/m.yu/repos/foundry/detectors/datasets/uniprot_pdb_benigns/pdbs/2m04.pdb,199,-2
benign_Q9H5F2,0,/mnt/nw/home/m.yu/repos/foundry/detectors/datasets/uniprot_pdb_benigns/pdbs/7ung.cif.gz,160638,1
benign_Q9UKJ5,0,/mnt/nw/home/m.yu/repos/foundry/detectors/datasets/uniprot_pdb_benigns/pdbs/8suv.pdb,548,23
benign_Q9Y6B2,0,/mnt/nw/home/m.yu/repos/foundry/detectors/datasets/uniprot_pdb_benigns/pdbs/7smd.pdb,356,174
benign_O14960,0,/mnt/nw/home/m.yu/repos/foundry/detectors/datasets/uniprot_pdb_benigns/pdbs/5b0h.pdb,266,1
benign_O15318,0,/mnt/nw/home/m.yu/repos/foundry/detectors/datasets/uniprot_pdb_benigns/pdbs/7a6h.pdb,5057,1
benign_O43763,0,/mnt/nw/home/m.yu/repos/foundry/detectors/datasets/uniprot_pdb_benigns/pdbs/3a03.pdb,53,1
benign_O95843,0,/mnt/nw/home/m.yu/repos/foundry/detectors/datasets/uniprot_pdb_benigns/pdbs/2ggz.pdb,330,21
benign_P0C7P0,0,/mnt/nw/home/m.yu/repos/foundry/detectors/datasets/uniprot_pdb_benigns/pdbs/6avj.pdb,276,36
benign_Q17R31,0,/mnt/nw/home/m.yu/repos/foundry/detectors/datasets/uniprot_pdb_benigns/pdbs/2y1h.pdb,527,4
benign_Q5TA50,0,/mnt/nw/home/m.yu/repos/foundry/detectors/datasets/uniprot_pdb_benigns/pdbs/4k80.pdb,209,6
benign_Q6IQ22,0,/mnt/nw/home/m.yu/repos/foundry/detectors/datasets/uniprot_pdb_benigns/pdbs/2il1.pdb,163,134
benign_Q8N4E7,0,/mnt/nw/home/m.yu/repos/foundry/detectors/datasets/uniprot_pdb_benigns/pdbs/1r03.pdb,171,6
benign_Q8N8R7,0,/mnt/nw/home/m.yu/repos/foundry/detectors/datasets/uniprot_pdb_benigns/pdbs/8hfp.pdb,306,9
benign_Q969F1,0,/mnt/nw/home/m.yu/repos/foundry/detectors/datasets/uniprot_pdb_benigns/pdbs/8clk.cif.gz,1344,14
benign_Q99581,0,/mnt/nw/home/m.yu/repos/foundry/detectors/datasets/uniprot_pdb_benigns/pdbs/2ypr.pdb,188,42
benign_Q9BPZ2,0,/mnt/nw/home/m.yu/repos/foundry/detectors/datasets/uniprot_pdb_benigns/pdbs/5lug.pdb,847,1
benign_Q9BQI0,0,/mnt/nw/home/m.yu/repos/foundry/detectors/datasets/uniprot_pdb_benigns/pdbs/2jjz.pdb,418,13
benign_Q9BW66,0,/mnt/nw/home/m.yu/repos/foundry/detectors/datasets/uniprot_pdb_benigns/pdbs/8cih.pdb,356,9
benign_Q9BWG6,0,/mnt/nw/home/m.yu/repos/foundry/detectors/datasets/uniprot_pdb_benigns/pdbs/7dvq.pdb,13600,-11
benign_Q9H1X1,0,/mnt/nw/home/m.yu/repos/foundry/detectors/datasets/uniprot_pdb_benigns/pdbs/8j07.cif.gz,396307,1
benign_Q9HAE3,0,/mnt/nw/home/m.yu/repos/foundry/detectors/datasets/uniprot_pdb_benigns/pdbs/8j07.cif.gz,396307,1
benign_Q9NPJ4,0,/mnt/nw/home/m.yu/repos/foundry/detectors/datasets/uniprot_pdb_benigns/pdbs/4b6h.pdb,259,0
benign_Q9NWW9,0,/mnt/nw/home/m.yu/repos/foundry/detectors/datasets/uniprot_pdb_benigns/pdbs/4dpz.pdb,109,
benign_Q9P0R6,0,/mnt/nw/home/m.yu/repos/foundry/detectors/datasets/uniprot_pdb_benigns/pdbs/1sgo.pdb,139,1
benign_Q9UKW6,0,/mnt/nw/home/m.yu/repos/foundry/detectors/datasets/uniprot_pdb_benigns/pdbs/1wwx.pdb,107,1
benign_Q9Y5Q6,0,/mnt/nw/home/m.yu/repos/foundry/detectors/datasets/uniprot_pdb_benigns/pdbs/2k1v.pdb,47,1
benign_A0JLT2,0,/mnt/nw/home/m.yu/repos/foundry/detectors/datasets/uniprot_pdb_benigns/pdbs/7emf.pdb,7916,1
benign_A6NIH7,0,/mnt/nw/home/m.yu/repos/foundry/detectors/datasets/uniprot_pdb_benigns/pdbs/7ok6.cif.gz,346,1
benign_O00258,0,/mnt/nw/home/m.yu/repos/foundry/detectors/datasets/uniprot_pdb_benigns/pdbs/6so5.pdb,1097,5
benign_O15467,0,/mnt/nw/home/m.yu/repos/foundry/detectors/datasets/uniprot_pdb_benigns/pdbs/5ltl.pdb,137,8
benign_O95971,0,/mnt/nw/home/m.yu/repos/foundry/detectors/datasets/uniprot_pdb_benigns/pdbs/6ng3.pdb,203,1
benign_P41271,0,/mnt/nw/home/m.yu/repos/foundry/detectors/datasets/uniprot_pdb_benigns/pdbs/4x1j.pdb,177,30
benign_P55089,0,/mnt/nw/home/m.yu/repos/foundry/detectors/datasets/uniprot_pdb_benigns/pdbs/2rmf.pdb,40,2
benign_Q01524,0,/mnt/nw/home/m.yu/repos/foundry/detectors/datasets/uniprot_pdb_benigns/pdbs/1zmq.pdb,128,1
benign_Q16385,0,/mnt/nw/home/m.yu/repos/foundry/detectors/datasets/uniprot_pdb_benigns/pdbs/8hqy.pdb,1120,1
benign_Q3KRA9,0,/mnt/nw/home/m.yu/repos/foundry/detectors/datasets/uniprot_pdb_benigns/pdbs/7vjs.pdb,206,1
benign_Q56A73,0,/mnt/nw/home/m.yu/repos/foundry/detectors/datasets/uniprot_pdb_benigns/pdbs/4uy4.pdb,421,-1
benign_Q7Z2G1,0,/mnt/nw/home/m.yu/repos/foundry/detectors/datasets/uniprot_pdb_benigns/pdbs/8jcc.pdb,939,-61
benign_Q86WV5,0,/mnt/nw/home/m.yu/repos/foundry/detectors/datasets/uniprot_pdb_benigns/pdbs/4joi.pdb,518,2
benign_Q8IYS5,0,/mnt/nw/home/m.yu/repos/foundry/detectors/datasets/uniprot_pdb_benigns/pdbs/5cj8.pdb,179,35
benign_Q8TCE9,0,/mnt/nw/home/m.yu/repos/foundry/detectors/datasets/uniprot_pdb_benigns/pdbs/6k2y.pdb,275,5
benign_Q96E40,0,/mnt/nw/home/m.yu/repos/foundry/detectors/datasets/uniprot_pdb_benigns/pdbs/7un1.cif.gz,37552,1
benign_Q96LW7,0,/mnt/nw/home/m.yu/repos/foundry/detectors/datasets/uniprot_pdb_benigns/pdbs/4dwn.pdb,191,3
benign_Q9BRV8,0,/mnt/nw/home/m.yu/repos/foundry/detectors/datasets/uniprot_pdb_benigns/pdbs/6akk.pdb,97,71
benign_Q9BT43,0,/mnt/nw/home/m.yu/repos/foundry/detectors/datasets/uniprot_pdb_benigns/pdbs/5afq.pdb,959,-15
benign_Q9GZU8,0,/mnt/nw/home/m.yu/repos/foundry/detectors/datasets/uniprot_pdb_benigns/pdbs/7w59.pdb,12500,-13
benign_Q9H5V9,0,/mnt/nw/home/m.yu/repos/foundry/detectors/datasets/uniprot_pdb_benigns/pdbs/8c6j.cif.gz,17252,1
benign_Q9H6L4,0,/mnt/nw/home/m.yu/repos/foundry/detectors/datasets/uniprot_pdb_benigns/pdbs/7dvq.pdb,13600,-11
benign_Q9NRY2,0,/mnt/nw/home/m.yu/repos/foundry/detectors/datasets/uniprot_pdb_benigns/pdbs/4owt.pdb,561,5
benign_Q9UHV8,0,/mnt/nw/home/m.yu/repos/foundry/detectors/datasets/uniprot_pdb_benigns/pdbs/5xg7.pdb,139,1
benign_Q9Y255,0,/mnt/nw/home/m.yu/repos/foundry/detectors/datasets/uniprot_pdb_benigns/pdbs/6i3v.pdb,493,4
benign_Q9Y4X3,0,/mnt/nw/home/m.yu/repos/foundry/detectors/datasets/uniprot_pdb_benigns/pdbs/2kum.pdb,88,1
benign_Q9Y6A9,0,/mnt/nw/home/m.yu/repos/foundry/detectors/datasets/uniprot_pdb_benigns/pdbs/7p2p.pdb,587,1
benign_Q9Y6H1,0,/mnt/nw/home/m.yu/repos/foundry/detectors/datasets/uniprot_pdb_benigns/pdbs/9oyr.pdb,198,54
benign_A4D2B0,0,/mnt/nw/home/m.yu/repos/foundry/detectors/datasets/uniprot_pdb_benigns/pdbs/4v0h.pdb,885,5
benign_A6NGQ2,0,/mnt/nw/home/m.yu/repos/foundry/detectors/datasets/uniprot_pdb_benigns/pdbs/8x7v.pdb,1418,32
benign_O43745,0,/mnt/nw/home/m.yu/repos/foundry/detectors/datasets/uniprot_pdb_benigns/pdbs/2bec.pdb,206,11
benign_O95926,0,/mnt/nw/home/m.yu/repos/foundry/detectors/datasets/uniprot_pdb_benigns/pdbs/5mqf.pdb,11862,1
benign_P01286,0,/mnt/nw/home/m.yu/repos/foundry/detectors/datasets/uniprot_pdb_benigns/pdbs/5bqm.pdb,1660,2
benign_P0DP25,0,/mnt/nw/home/m.yu/repos/foundry/detectors/datasets/uniprot_pdb_benigns/pdbs/5coc.pdb,124,217
benign_P13349,0,/mnt/nw/home/m.yu/repos/foundry/detectors/datasets/uniprot_pdb_benigns/pdbs/7z5i.pdb,148,1
benign_P78358,0,/mnt/nw/home/m.yu/repos/foundry/detectors/datasets/uniprot_pdb_benigns/pdbs/1s9w.pdb,383,0
benign_P86397,0,/mnt/nw/home/m.yu/repos/foundry/detectors/datasets/uniprot_pdb_benigns/pdbs/3ir3.pdb,248,1
benign_Q13113,0,/mnt/nw/home/m.yu/repos/foundry/detectors/datasets/uniprot_pdb_benigns/pdbs/7vsi.pdb,616,21
benign_Q4G0W2,0,/mnt/nw/home/m.yu/repos/foundry/detectors/datasets/uniprot_pdb_benigns/pdbs/5y15.pdb,291,12
benign_Q53H80,0,/mnt/nw/home/m.yu/repos/foundry/detectors/datasets/uniprot_pdb_benigns/pdbs/7nht.pdb,3222,1
benign_Q5VUM1,0,/mnt/nw/home/m.yu/repos/foundry/detectors/datasets/uniprot_pdb_benigns/pdbs/8dyd.pdb,767,44
benign_Q6NZ36,0,/mnt/nw/home/m.yu/repos/foundry/detectors/datasets/uniprot_pdb_benigns/pdbs/2muq.pdb,44,1
benign_Q6PF18,0,/mnt/nw/home/m.yu/repos/foundry/detectors/datasets/uniprot_pdb_benigns/pdbs/8j07.cif.gz,396307,1
benign_Q6UWY2,0,/mnt/nw/home/m.yu/repos/foundry/detectors/datasets/uniprot_pdb_benigns/pdbs/4q7x.pdb,467,1
benign_Q86WR0,0,/mnt/nw/home/m.yu/repos/foundry/detectors/datasets/uniprot_pdb_benigns/pdbs/7eoe.pdb,347,1
benign_Q86Y78,0,/mnt/nw/home/m.yu/repos/foundry/detectors/datasets/uniprot_pdb_benigns/pdbs/6gbi.pdb,104,44
benign_Q8N8Q3,0,/mnt/nw/home/m.yu/repos/foundry/detectors/datasets/uniprot_pdb_benigns/pdbs/4nsp.pdb,238,13
benign_Q8WXF3,0,/mnt/nw/home/m.yu/repos/foundry/detectors/datasets/uniprot_pdb_benigns/pdbs/2fhw.pdb,51,1
benign_Q96AZ1,0,/mnt/nw/home/m.yu/repos/foundry/detectors/datasets/uniprot_pdb_benigns/pdbs/4qpn.pdb,203,24
benign_Q96C74,0,/mnt/nw/home/m.yu/repos/foundry/detectors/datasets/uniprot_pdb_benigns/pdbs/8j07.cif.gz,396307,1
benign_Q96CT7,0,/mnt/nw/home/m.yu/repos/foundry/detectors/datasets/uniprot_pdb_benigns/pdbs/6z6l.cif.gz,17989,1
benign_Q96K30,0,/mnt/nw/home/m.yu/repos/foundry/detectors/datasets/uniprot_pdb_benigns/pdbs/5eg6.pdb,459,1
benign_Q9BQE4,0,/mnt/nw/home/m.yu/repos/foundry/detectors/datasets/uniprot_pdb_benigns/pdbs/2q2f.pdb,69,1
benign_Q9BY14,0,/mnt/nw/home/m.yu/repos/foundry/detectors/datasets/uniprot_pdb_benigns/pdbs/7bpr.pdb,356,26
benign_Q9NV23,0,/mnt/nw/home/m.yu/repos/foundry/detectors/datasets/uniprot_pdb_benigns/pdbs/4xjv.pdb,216,25
benign_Q9UIL1,0,/mnt/nw/home/m.yu/repos/foundry/detectors/datasets/uniprot_pdb_benigns/pdbs/4bwd.pdb,182,86
benign_A6NI73,0,/mnt/nw/home/m.yu/repos/foundry/detectors/datasets/uniprot_pdb_benigns/pdbs/2d3v.pdb,177,3
benign_O00253,0,/mnt/nw/home/m.yu/repos/foundry/detectors/datasets/uniprot_pdb_benigns/pdbs/1hyk.pdb,46,1
benign_O43482,0,/mnt/nw/home/m.yu/repos/foundry/detectors/datasets/uniprot_pdb_benigns/pdbs/7sfy.pdb,202,188
benign_O43612,0,/mnt/nw/home/m.yu/repos/foundry/detectors/datasets/uniprot_pdb_benigns/pdbs/1cq0.pdb,28,1
benign_P15248,0,/mnt/nw/home/m.yu/repos/foundry/detectors/datasets/uniprot_pdb_benigns/pdbs/7ox1.pdb,2157,1
benign_Q14135,0,/mnt/nw/home/m.yu/repos/foundry/detectors/datasets/uniprot_pdb_benigns/pdbs/8ytf.pdb,86,1
benign_Q16082,0,/mnt/nw/home/m.yu/repos/foundry/detectors/datasets/uniprot_pdb_benigns/pdbs/6f2r.pdb,1330,1
benign_Q5VY80,0,/mnt/nw/home/m.yu/repos/foundry/detectors/datasets/uniprot_pdb_benigns/pdbs/4s0u.pdb,425,29
benign_Q5VZV1,0,/mnt/nw/home/m.yu/repos/foundry/detectors/datasets/uniprot_pdb_benigns/pdbs/4mtl.pdb,427,45
benign_Q6ISU1,0,/mnt/nw/home/m.yu/repos/foundry/detectors/datasets/uniprot_pdb_benigns/pdbs/3of6.pdb,1032,1
benign_Q6PIF2,0,/mnt/nw/home/m.yu/repos/foundry/detectors/datasets/uniprot_pdb_benigns/pdbs/6r17.pdb,306,49
benign_Q8N2G4,0,/mnt/nw/home/m.yu/repos/foundry/detectors/datasets/uniprot_pdb_benigns/pdbs/6zss.pdb,86,100
benign_Q8N5M9,0,/mnt/nw/home/m.yu/repos/foundry/detectors/datasets/uniprot_pdb_benigns/pdbs/6wvd.pdb,397,1
benign_Q8NDD1,0,/mnt/nw/home/m.yu/repos/foundry/detectors/datasets/uniprot_pdb_benigns/pdbs/7mq8.cif.gz,28414,1
benign_Q8TCY5,0,/mnt/nw/home/m.yu/repos/foundry/detectors/datasets/uniprot_pdb_benigns/pdbs/8gy7.pdb,968,1
benign_Q96LC9,0,/mnt/nw/home/m.yu/repos/foundry/detectors/datasets/uniprot_pdb_benigns/pdbs/7cnu.pdb,264,3
benign_Q9BTL3,0,/mnt/nw/home/m.yu/repos/foundry/detectors/datasets/uniprot_pdb_benigns/pdbs/5e8j.pdb,705,3
benign_Q9BV81,0,/mnt/nw/home/m.yu/repos/foundry/detectors/datasets/uniprot_pdb_benigns/pdbs/6ww7.pdb,2074,3
benign_Q9BXU0,0,/mnt/nw/home/m.yu/repos/foundry/detectors/datasets/uniprot_pdb_benigns/pdbs/6hk8.pdb,125,47
benign_Q9BXV9,0,/mnt/nw/home/m.yu/repos/foundry/detectors/datasets/uniprot_pdb_benigns/pdbs/6gwj.pdb,466,1
benign_Q9H3H3,0,/mnt/nw/home/m.yu/repos/foundry/detectors/datasets/uniprot_pdb_benigns/pdbs/1ztp.pdb,675,17
benign_Q9NP98,0,/mnt/nw/home/m.yu/repos/foundry/detectors/datasets/uniprot_pdb_benigns/pdbs/7a8t.pdb,519,180
benign_Q9NPC3,0,/mnt/nw/home/m.yu/repos/foundry/detectors/datasets/uniprot_pdb_benigns/pdbs/9ges.pdb,712,7
benign_Q9NPG2,0,/mnt/nw/home/m.yu/repos/foundry/detectors/datasets/uniprot_pdb_benigns/pdbs/1oj6.pdb,596,1
benign_Q9NQZ6,0,/mnt/nw/home/m.yu/repos/foundry/detectors/datasets/uniprot_pdb_benigns/pdbs/9p3z.pdb,27,1
benign_Q9NUS5,0,/mnt/nw/home/m.yu/repos/foundry/detectors/datasets/uniprot_pdb_benigns/pdbs/8yab.pdb,2274,1
benign_Q9NX04,0,/mnt/nw/home/m.yu/repos/foundry/detectors/datasets/uniprot_pdb_benigns/pdbs/8rhn.pdb,4976,4
benign_Q9UNG2,0,/mnt/nw/home/m.yu/repos/foundry/detectors/datasets/uniprot_pdb_benigns/pdbs/2q1m.pdb,116,57
benign_Q9Y4P9,0,/mnt/nw/home/m.yu/repos/foundry/detectors/datasets/uniprot_pdb_benigns/pdbs/2ee7.pdb,127,1
benign_Q9Y6A4,0,/mnt/nw/home/m.yu/repos/foundry/detectors/datasets/uniprot_pdb_benigns/pdbs/7ung.cif.gz,160638,1
benign_O43822,0,/mnt/nw/home/m.yu/repos/foundry/detectors/datasets/uniprot_pdb_benigns/pdbs/8axr.pdb,60,214
benign_O60232,0,/mnt/nw/home/m.yu/repos/foundry/detectors/datasets/uniprot_pdb_benigns/pdbs/6hcz.pdb,130,12
benign_O60844,0,/mnt/nw/home/m.yu/repos/foundry/detectors/datasets/uniprot_pdb_benigns/pdbs/3apa.pdb,138,1
benign_O95257,0,/mnt/nw/home/m.yu/repos/foundry/detectors/datasets/uniprot_pdb_benigns/pdbs/2wal.pdb,285,11
benign_P06881,0,/mnt/nw/home/m.yu/repos/foundry/detectors/datasets/uniprot_pdb_benigns/pdbs/6e3y.pdb,1194,1
benign_P0DML2,0,/mnt/nw/home/m.yu/repos/foundry/detectors/datasets/uniprot_pdb_benigns/pdbs/1z7c.pdb,161,2
benign_P30711,0,/mnt/nw/home/m.yu/repos/foundry/detectors/datasets/uniprot_pdb_benigns/pdbs/2c3n.pdb,956,2
benign_P55344,0,/mnt/nw/home/m.yu/repos/foundry/detectors/datasets/uniprot_pdb_benigns/pdbs/9cbv.pdb,166,1
benign_P55773,0,/mnt/nw/home/m.yu/repos/foundry/detectors/datasets/uniprot_pdb_benigns/pdbs/1g91.pdb,77,1
benign_Q16661,0,/mnt/nw/home/m.yu/repos/foundry/detectors/datasets/uniprot_pdb_benigns/pdbs/1uya.pdb,16,1
benign_Q5SRE7,0,/mnt/nw/home/m.yu/repos/foundry/detectors/datasets/uniprot_pdb_benigns/pdbs/2opw.pdb,286,2
benign_Q6EIG7,0,/mnt/nw/home/m.yu/repos/foundry/detectors/datasets/uniprot_pdb_benigns/pdbs/5vyb.pdb,143,1
benign_Q6NZ67,0,/mnt/nw/home/m.yu/repos/foundry/detectors/datasets/uniprot_pdb_benigns/pdbs/9qvm.cif.gz,17948,1
benign_Q6P589,0,/mnt/nw/home/m.yu/repos/foundry/detectors/datasets/uniprot_pdb_benigns/pdbs/3f4m.pdb,154,1
benign_Q7Z6K5,0,/mnt/nw/home/m.yu/repos/foundry/detectors/datasets/uniprot_pdb_benigns/pdbs/4z68.pdb,167,211
benign_Q8NAU1,0,/mnt/nw/home/m.yu/repos/foundry/detectors/datasets/uniprot_pdb_benigns/pdbs/4lsd.pdb,751,29
benign_Q92837,0,/mnt/nw/home/m.yu/repos/foundry/detectors/datasets/uniprot_pdb_benigns/pdbs/1gng.pdb,757,28
benign_Q969X0,0,/mnt/nw/home/m.yu/repos/foundry/detectors/datasets/uniprot_pdb_benigns/pdbs/6rir.pdb,410,2
benign_Q96M98,0,/mnt/nw/home/m.yu/repos/foundry/detectors/datasets/uniprot_pdb_benigns/pdbs/6ndu.pdb,254,5
benign_Q9BQ50,0,/mnt/nw/home/m.yu/repos/foundry/detectors/datasets/uniprot_pdb_benigns/pdbs/1y97.pdb,420,-1
benign_Q9BT30,0,/mnt/nw/home/m.yu/repos/foundry/detectors/datasets/uniprot_pdb_benigns/pdbs/4qkb.pdb,558,16
benign_Q9BUF7,0,/mnt/nw/home/m.yu/repos/foundry/detectors/datasets/uniprot_pdb_benigns/pdbs/5i7z.pdb,103,0
benign_Q9BWK5,0,/mnt/nw/home/m.yu/repos/foundry/detectors/datasets/uniprot_pdb_benigns/pdbs/6tyu.pdb,220,6
benign_Q9H169,0,/mnt/nw/home/m.yu/repos/foundry/detectors/datasets/uniprot_pdb_benigns/pdbs/6br1.pdb,2178,1
benign_Q9H2K0,0,/mnt/nw/home/m.yu/repos/foundry/detectors/datasets/uniprot_pdb_benigns/pdbs/6neq.pdb,6608,1
benign_Q9P0P8,0,/mnt/nw/home/m.yu/repos/foundry/detectors/datasets/uniprot_pdb_benigns/pdbs/7a5h.cif.gz,10047,1
benign_Q9UBY9,0,/mnt/nw/home/m.yu/repos/foundry/detectors/datasets/uniprot_pdb_benigns/pdbs/8pa0.pdb,176,85
benign_Q9UGB7,0,/mnt/nw/home/m.yu/repos/foundry/detectors/datasets/uniprot_pdb_benigns/pdbs/2ibn.pdb,456,36
benign_Q9Y235,0,/mnt/nw/home/m.yu/repos/foundry/detectors/datasets/uniprot_pdb_benigns/pdbs/2nyt.pdb,739,35
benign_Q9Y3A2,0,/mnt/nw/home/m.yu/repos/foundry/detectors/datasets/uniprot_pdb_benigns/pdbs/7mq8.cif.gz,28414,1
benign_O43914,0,/mnt/nw/home/m.yu/repos/foundry/detectors/datasets/uniprot_pdb_benigns/pdbs/2l34.pdb,66,1
benign_O75628,0,/mnt/nw/home/m.yu/repos/foundry/detectors/datasets/uniprot_pdb_benigns/pdbs/2nzj.pdb,629,0
benign_O75884,0,/mnt/nw/home/m.yu/repos/foundry/detectors/datasets/uniprot_pdb_benigns/pdbs/2qs9.pdb,366,3
benign_O75935,0,/mnt/nw/home/m.yu/repos/foundry/detectors/datasets/uniprot_pdb_benigns/pdbs/9b7j.cif.gz,7116,1
benign_O75956,0,/mnt/nw/home/m.yu/repos/foundry/detectors/datasets/uniprot_pdb_benigns/pdbs/2m1l.pdb,138,58
benign_O76093,0,/mnt/nw/home/m.yu/repos/foundry/detectors/datasets/uniprot_pdb_benigns/pdbs/4cjm.pdb,514,50
benign_O95944,0,/mnt/nw/home/m.yu/repos/foundry/detectors/datasets/uniprot_pdb_benigns/pdbs/1hkf.pdb,108,5
benign_P04090,0,/mnt/nw/home/m.yu/repos/foundry/detectors/datasets/uniprot_pdb_benigns/pdbs/2mv1.pdb,52,1
benign_P07492,0,/mnt/nw/home/m.yu/repos/foundry/detectors/datasets/uniprot_pdb_benigns/pdbs/2n0b.pdb,10,1
benign_P0C024,0,/mnt/nw/home/m.yu/repos/foundry/detectors/datasets/uniprot_pdb_benigns/pdbs/5qgg.pdb,184,15
benign_P0DPB6,0,/mnt/nw/home/m.yu/repos/foundry/detectors/datasets/uniprot_pdb_benigns/pdbs/7a6h.pdb,5057,1
benign_P49842,0,/mnt/nw/home/m.yu/repos/foundry/detectors/datasets/uniprot_pdb_benigns/pdbs/7xrb.pdb,440,32
benign_P55000,0,/mnt/nw/home/m.yu/repos/foundry/detectors/datasets/uniprot_pdb_benigns/pdbs/6zze.pdb,82,100
benign_Q01362,0,/mnt/nw/home/m.yu/repos/foundry/detectors/datasets/uniprot_pdb_benigns/pdbs/8yvu.pdb,530,22
benign_Q02747,0,/mnt/nw/home/m.yu/repos/foundry/detectors/datasets/uniprot_pdb_benigns/pdbs/1gna.pdb,13,87
benign_Q15726,0,/mnt/nw/home/m.yu/repos/foundry/detectors/datasets/uniprot_pdb_benigns/pdbs/8xgs.pdb,1150,1
benign_Q16568,0,/mnt/nw/home/m.yu/repos/foundry/detectors/datasets/uniprot_pdb_benigns/pdbs/1hy9.pdb,41,49
benign_Q53S33,0,/mnt/nw/home/m.yu/repos/foundry/detectors/datasets/uniprot_pdb_benigns/pdbs/2ncl.pdb,81,27
benign_Q6ICB0,0,/mnt/nw/home/m.yu/repos/foundry/detectors/datasets/uniprot_pdb_benigns/pdbs/3ebq.pdb,144,5
benign_Q6UVW9,0,/mnt/nw/home/m.yu/repos/foundry/detectors/datasets/uniprot_pdb_benigns/pdbs/4iop.pdb,238,1
benign_Q6UW88,0,/mnt/nw/home/m.yu/repos/foundry/detectors/datasets/uniprot_pdb_benigns/pdbs/5wb8.pdb,1073,1
benign_Q6UXN8,0,/mnt/nw/home/m.yu/repos/foundry/detectors/datasets/uniprot_pdb_benigns/pdbs/3vpp.pdb,243,111
benign_Q86WX3,0,/mnt/nw/home/m.yu/repos/foundry/detectors/datasets/uniprot_pdb_benigns/pdbs/7mqa.cif.gz,28124,1
benign_Q8IVP5,0,/mnt/nw/home/m.yu/repos/foundry/detectors/datasets/uniprot_pdb_benigns/pdbs/2n9x.pdb,137,1
benign_Q8IXM3,0,/mnt/nw/home/m.yu/repos/foundry/detectors/datasets/uniprot_pdb_benigns/pdbs/3j7y.pdb,9137,1
benign_Q8N138,0,/mnt/nw/home/m.yu/repos/foundry/detectors/datasets/uniprot_pdb_benigns/pdbs/6m4n.pdb,2254,7
benign_Q8N4B1,0,/mnt/nw/home/m.yu/repos/foundry/detectors/datasets/uniprot_pdb_benigns/pdbs/3qis.pdb,306,1
benign_Q8NEV9,0,/mnt/nw/home/m.yu/repos/foundry/detectors/datasets/uniprot_pdb_benigns/pdbs/7u7n.pdb,884,1
benign_Q8NHS0,0,/mnt/nw/home/m.yu/repos/foundry/detectors/datasets/uniprot_pdb_benigns/pdbs/2dmx.pdb,92,1
benign_Q8TAI7,0,/mnt/nw/home/m.yu/repos/foundry/detectors/datasets/uniprot_pdb_benigns/pdbs/3oes.pdb,157,5
benign_Q8WY41,0,/mnt/nw/home/m.yu/repos/foundry/detectors/datasets/uniprot_pdb_benigns/pdbs/4cqo.pdb,1055,40
benign_Q92982,0,/mnt/nw/home/m.yu/repos/foundry/detectors/datasets/uniprot_pdb_benigns/pdbs/8cqr.pdb,618,39
benign_Q96A44,0,/mnt/nw/home/m.yu/repos/foundry/detectors/datasets/uniprot_pdb_benigns/pdbs/2v24.pdb,197,33
benign_Q96BP2,0,/mnt/nw/home/m.yu/repos/foundry/detectors/datasets/uniprot_pdb_benigns/pdbs/3j9m.cif.gz,15530,1
benign_Q96BR5,0,/mnt/nw/home/m.yu/repos/foundry/detectors/datasets/uniprot_pdb_benigns/pdbs/7mqz.pdb,209,10
benign_Q96CS2,0,/mnt/nw/home/m.yu/repos/foundry/detectors/datasets/uniprot_pdb_benigns/pdbs/7sqk.pdb,2927,1
benign_Q96DN0,0,/mnt/nw/home/m.yu/repos/foundry/detectors/datasets/uniprot_pdb_benigns/pdbs/2l4c.pdb,116,1
benign_Q96E93,0,/mnt/nw/home/m.yu/repos/foundry/detectors/datasets/uniprot_pdb_benigns/pdbs/3ff7.pdb,419,0
benign_Q9BT23,0,/mnt/nw/home/m.yu/repos/foundry/detectors/datasets/uniprot_pdb_benigns/pdbs/2lzu.pdb,72,36
benign_Q9BUE0,0,/mnt/nw/home/m.yu/repos/foundry/detectors/datasets/uniprot_pdb_benigns/pdbs/7emf.pdb,7916,1
benign_Q9BVM4,0,/mnt/nw/home/m.yu/repos/foundry/detectors/datasets/uniprot_pdb_benigns/pdbs/3jub.pdb,144,1
benign_Q9BYC8,0,/mnt/nw/home/m.yu/repos/foundry/detectors/datasets/uniprot_pdb_benigns/pdbs/3j7y.pdb,9137,1
benign_Q9H063,0,/mnt/nw/home/m.yu/repos/foundry/detectors/datasets/uniprot_pdb_benigns/pdbs/3nr5.pdb,157,0
benign_Q9H204,0,/mnt/nw/home/m.yu/repos/foundry/detectors/datasets/uniprot_pdb_benigns/pdbs/7emf.pdb,7916,1
benign_Q9H293,0,/mnt/nw/home/m.yu/repos/foundry/detectors/datasets/uniprot_pdb_benigns/pdbs/7uwj.pdb,664,19
benign_Q9H4A6,0,/mnt/nw/home/m.yu/repos/foundry/detectors/datasets/uniprot_pdb_benigns/pdbs/3kn1.pdb,234,1
benign_Q9NUN7,0,/mnt/nw/home/m.yu/repos/foundry/detectors/datasets/uniprot_pdb_benigns/pdbs/6g7o.pdb,350,1
benign_Q9NWS0,0,/mnt/nw/home/m.yu/repos/foundry/detectors/datasets/uniprot_pdb_benigns/pdbs/4psf.pdb,268,10
benign_Q9NWU2,0,/mnt/nw/home/m.yu/repos/foundry/detectors/datasets/uniprot_pdb_benigns/pdbs/7nsc.pdb,1230,19
benign_Q9NX08,0,/mnt/nw/home/m.yu/repos/foundry/detectors/datasets/uniprot_pdb_benigns/pdbs/8f2r.pdb,1837,1
benign_Q9NYP9,0,/mnt/nw/home/m.yu/repos/foundry/detectors/datasets/uniprot_pdb_benigns/pdbs/7sfy.pdb,202,188
benign_Q9NZ63,0,/mnt/nw/home/m.yu/repos/foundry/detectors/datasets/uniprot_pdb_benigns/pdbs/7os2.pdb,2046,5
benign_Q9NZE8,0,/mnt/nw/home/m.yu/repos/foundry/detectors/datasets/uniprot_pdb_benigns/pdbs/3j7y.pdb,9137,1
benign_Q9Y244,0,/mnt/nw/home/m.yu/repos/foundry/detectors/datasets/uniprot_pdb_benigns/pdbs/8qyj.pdb,2498,0
benign_Q9Y365,0,/mnt/nw/home/m.yu/repos/foundry/detectors/datasets/uniprot_pdb_benigns/pdbs/6ser.pdb,245,15
benign_Q9Y5U8,0,/mnt/nw/home/m.yu/repos/foundry/detectors/datasets/uniprot_pdb_benigns/pdbs/8yw6.pdb,333,1
benign_Q9Y5Z4,0,/mnt/nw/home/m.yu/repos/foundry/detectors/datasets/uniprot_pdb_benigns/pdbs/3r85.pdb,633,3
benign_A1XBS5,0,/mnt/nw/home/m.yu/repos/foundry/detectors/datasets/uniprot_pdb_benigns/pdbs/8ceg.pdb,407,1
benign_O00175,0,/mnt/nw/home/m.yu/repos/foundry/detectors/datasets/uniprot_pdb_benigns/pdbs/1eig.pdb,73,1
benign_O43402,0,/mnt/nw/home/m.yu/repos/foundry/detectors/datasets/uniprot_pdb_benigns/pdbs/6ww7.pdb,2074,3
benign_O43759,0,/mnt/nw/home/m.yu/repos/foundry/detectors/datasets/uniprot_pdb_benigns/pdbs/8a6m.pdb,161,16
benign_O76095,0,/mnt/nw/home/m.yu/repos/foundry/detectors/datasets/uniprot_pdb_benigns/pdbs/2kjx.pdb,65,1
benign_O95711,0,/mnt/nw/home/m.yu/repos/foundry/detectors/datasets/uniprot_pdb_benigns/pdbs/3b2d.pdb,1480,26
benign_P01178,0,/mnt/nw/home/m.yu/repos/foundry/detectors/datasets/uniprot_pdb_benigns/pdbs/7ofg.pdb,9,1
benign_P14207,0,/mnt/nw/home/m.yu/repos/foundry/detectors/datasets/uniprot_pdb_benigns/pdbs/4kmy.pdb,207,22
benign_P19876,0,/mnt/nw/home/m.yu/repos/foundry/detectors/datasets/uniprot_pdb_benigns/pdbs/8xwf.pdb,418,1
benign_P26441,0,/mnt/nw/home/m.yu/repos/foundry/detectors/datasets/uniprot_pdb_benigns/pdbs/1cnt.pdb,552,11
benign_P53805,0,/mnt/nw/home/m.yu/repos/foundry/detectors/datasets/uniprot_pdb_benigns/pdbs/6uuq.pdb,320,26
benign_P58340,0,/mnt/nw/home/m.yu/repos/foundry/detectors/datasets/uniprot_pdb_benigns/pdbs/3ual.pdb,237,3
benign_P60006,0,/mnt/nw/home/m.yu/repos/foundry/detectors/datasets/uniprot_pdb_benigns/pdbs/4ui9.pdb,8472,1
benign_P79483,0,/mnt/nw/home/m.yu/repos/foundry/detectors/datasets/uniprot_pdb_benigns/pdbs/2q6w.pdb,759,3
benign_P80162,0,/mnt/nw/home/m.yu/repos/foundry/detectors/datasets/uniprot_pdb_benigns/pdbs/8xwm.pdb,363,5
benign_Q12983,0,/mnt/nw/home/m.yu/repos/foundry/detectors/datasets/uniprot_pdb_benigns/pdbs/2j5d.pdb,90,146
benign_Q16674,0,/mnt/nw/home/m.yu/repos/foundry/detectors/datasets/uniprot_pdb_benigns/pdbs/1hjd.pdb,101,8
benign_Q5W111,0,/mnt/nw/home/m.yu/repos/foundry/detectors/datasets/uniprot_pdb_benigns/pdbs/7ccb.pdb,328,27
benign_Q7Z5W3,0,/mnt/nw/home/m.yu/repos/foundry/detectors/datasets/uniprot_pdb_benigns/pdbs/6l8u.pdb,909,26
benign_Q8NFP7,0,/mnt/nw/home/m.yu/repos/foundry/detectors/datasets/uniprot_pdb_benigns/pdbs/3mcf.pdb,253,0
benign_Q8TCF1,0,/mnt/nw/home/m.yu/repos/foundry/detectors/datasets/uniprot_pdb_benigns/pdbs/7y39.pdb,263,134
benign_Q8WVK2,0,/mnt/nw/home/m.yu/repos/foundry/detectors/datasets/uniprot_pdb_benigns/pdbs/6qw6.cif.gz,10621,1
benign_Q8WVK7,0,/mnt/nw/home/m.yu/repos/foundry/detectors/datasets/uniprot_pdb_benigns/pdbs/4aj5.pdb,2893,-1
benign_Q969J5,0,/mnt/nw/home/m.yu/repos/foundry/detectors/datasets/uniprot_pdb_benigns/pdbs/3g9v.pdb,613,1
benign_Q969T7,0,/mnt/nw/home/m.yu/repos/foundry/detectors/datasets/uniprot_pdb_benigns/pdbs/7zee.pdb,282,-1
benign_Q96A58,0,/mnt/nw/home/m.yu/repos/foundry/detectors/datasets/uniprot_pdb_benigns/pdbs/2atv.pdb,168,5
benign_Q96CS7,0,/mnt/nw/home/m.yu/repos/foundry/detectors/datasets/uniprot_pdb_benigns/pdbs/3aj4.pdb,224,-1
benign_Q96EY4,0,/mnt/nw/home/m.yu/repos/foundry/detectors/datasets/uniprot_pdb_benigns/pdbs/6lss.cif.gz,11027,1
benign_Q9BQ24,0,/mnt/nw/home/m.yu/repos/foundry/detectors/datasets/uniprot_pdb_benigns/pdbs/2rrf.pdb,141,1
benign_Q9BRT3,0,/mnt/nw/home/m.yu/repos/foundry/detectors/datasets/uniprot_pdb_benigns/pdbs/2ljk.pdb,117,1
benign_Q9BU64,0,/mnt/nw/home/m.yu/repos/foundry/detectors/datasets/uniprot_pdb_benigns/pdbs/7pb8.pdb,706,53
benign_Q9BUH6,0,/mnt/nw/home/m.yu/repos/foundry/detectors/datasets/uniprot_pdb_benigns/pdbs/3wtd.pdb,268,5
benign_Q9BVK8,0,/mnt/nw/home/m.yu/repos/foundry/detectors/datasets/uniprot_pdb_benigns/pdbs/6w6l.cif.gz,11921,1
benign_Q9GZX9,0,/mnt/nw/home/m.yu/repos/foundry/detectors/datasets/uniprot_pdb_benigns/pdbs/8bwa.pdb,328,25
benign_Q9H3R5,0,/mnt/nw/home/m.yu/repos/foundry/detectors/datasets/uniprot_pdb_benigns/pdbs/7pb4.pdb,353,63
benign_Q9H4I9,0,/mnt/nw/home/m.yu/repos/foundry/detectors/datasets/uniprot_pdb_benigns/pdbs/6k7x.pdb,2622,48
benign_Q9H633,0,/mnt/nw/home/m.yu/repos/foundry/detectors/datasets/uniprot_pdb_benigns/pdbs/6ahr.pdb,2936,1
benign_Q9NVX0,0,/mnt/nw/home/m.yu/repos/foundry/detectors/datasets/uniprot_pdb_benigns/pdbs/7sqk.pdb,2927,1
benign_Q9NX07,0,/mnt/nw/home/m.yu/repos/foundry/detectors/datasets/uniprot_pdb_benigns/pdbs/2dhg.pdb,104,87
benign_Q9NX70,0,/mnt/nw/home/m.yu/repos/foundry/detectors/datasets/uniprot_pdb_benigns/pdbs/7emf.pdb,7916,1
benign_Q9NZH6,0,/mnt/nw/home/m.yu/repos/foundry/detectors/datasets/uniprot_pdb_benigns/pdbs/5hn1.pdb,306,49
benign_Q9P013,0,/mnt/nw/home/m.yu/repos/foundry/detectors/datasets/uniprot_pdb_benigns/pdbs/5mqf.pdb,11862,1
benign_Q9UBU3,0,/mnt/nw/home/m.yu/repos/foundry/detectors/datasets/uniprot_pdb_benigns/pdbs/6h3e.pdb,18,1
benign_Q9UDW3,0,/mnt/nw/home/m.yu/repos/foundry/detectors/datasets/uniprot_pdb_benigns/pdbs/8r7n.pdb,1438,1
benign_Q9ULR0,0,/mnt/nw/home/m.yu/repos/foundry/detectors/datasets/uniprot_pdb_benigns/pdbs/5yzg.cif.gz,15617,1
benign_Q9Y2Y0,0,/mnt/nw/home/m.yu/repos/foundry/detectors/datasets/uniprot_pdb_benigns/pdbs/2k9a.pdb,136,1
benign_Q9Y3C8,0,/mnt/nw/home/m.yu/repos/foundry/detectors/datasets/uniprot_pdb_benigns/pdbs/2k07.pdb,175,1
benign_Q9Y3D8,0,/mnt/nw/home/m.yu/repos/foundry/detectors/datasets/uniprot_pdb_benigns/pdbs/1rkb.pdb,173,0
benign_Q9Y547,0,/mnt/nw/home/m.yu/repos/foundry/detectors/datasets/uniprot_pdb_benigns/pdbs/1tvg.pdb,136,4
benign_Q9Y5X0,0,/mnt/nw/home/m.yu/repos/foundry/detectors/datasets/uniprot_pdb_benigns/pdbs/4on3.pdb,301,8
benign_O14493,0,/mnt/nw/home/m.yu/repos/foundry/detectors/datasets/uniprot_pdb_benigns/pdbs/5b2g.pdb,1835,1
benign_O14796,0,/mnt/nw/home/m.yu/repos/foundry/detectors/datasets/uniprot_pdb_benigns/pdbs/5kaz.pdb,103,1
benign_O43257,0,/mnt/nw/home/m.yu/repos/foundry/detectors/datasets/uniprot_pdb_benigns/pdbs/8x15.cif.gz,6553,1
benign_O76096,0,/mnt/nw/home/m.yu/repos/foundry/detectors/datasets/uniprot_pdb_benigns/pdbs/2ch9.pdb,126,1
benign_O95848,0,/mnt/nw/home/m.yu/repos/foundry/detectors/datasets/uniprot_pdb_benigns/pdbs/3q91.pdb,571,1
benign_O95866,0,/mnt/nw/home/m.yu/repos/foundry/detectors/datasets/uniprot_pdb_benigns/pdbs/6r0x.pdb,1047,1
benign_O95998,0,/mnt/nw/home/m.yu/repos/foundry/detectors/datasets/uniprot_pdb_benigns/pdbs/7al7.pdb,263,37
benign_P01210,0,/mnt/nw/home/m.yu/repos/foundry/detectors/datasets/uniprot_pdb_benigns/pdbs/1plw.pdb,5,1
benign_P01236,0,/mnt/nw/home/m.yu/repos/foundry/detectors/datasets/uniprot_pdb_benigns/pdbs/1rw5.pdb,199,1
benign_P02818,0,/mnt/nw/home/m.yu/repos/foundry/detectors/datasets/uniprot_pdb_benigns/pdbs/8xs1.pdb,438,0
benign_P12018,0,/mnt/nw/home/m.yu/repos/foundry/detectors/datasets/uniprot_pdb_benigns/pdbs/2h32.pdb,439,1
benign_P20366,0,/mnt/nw/home/m.yu/repos/foundry/detectors/datasets/uniprot_pdb_benigns/pdbs/2b19.pdb,36,1
benign_P22749,0,/mnt/nw/home/m.yu/repos/foundry/detectors/datasets/uniprot_pdb_benigns/pdbs/1l9l.pdb,74,1
benign_P28067,0,/mnt/nw/home/m.yu/repos/foundry/detectors/datasets/uniprot_pdb_benigns/pdbs/1hdm.pdb,367,3
benign_P28325,0,/mnt/nw/home/m.yu/repos/foundry/detectors/datasets/uniprot_pdb_benigns/pdbs/1rn7.pdb,112,11
benign_P30990,0,/mnt/nw/home/m.yu/repos/foundry/detectors/datasets/uniprot_pdb_benigns/pdbs/2lne.pdb,13,1
benign_P33764,0,/mnt/nw/home/m.yu/repos/foundry/detectors/datasets/uniprot_pdb_benigns/pdbs/1kso.pdb,186,2
benign_P47224,0,/mnt/nw/home/m.yu/repos/foundry/detectors/datasets/uniprot_pdb_benigns/pdbs/1fwq.pdb,115,9
benign_P62699,0,/mnt/nw/home/m.yu/repos/foundry/detectors/datasets/uniprot_pdb_benigns/pdbs/8qbn.pdb,897,2
benign_Q13765,0,/mnt/nw/home/m.yu/repos/foundry/detectors/datasets/uniprot_pdb_benigns/pdbs/3lkx.pdb,119,1
benign_Q53FT3,0,/mnt/nw/home/m.yu/repos/foundry/detectors/datasets/uniprot_pdb_benigns/pdbs/3wvz.pdb,370,-3
benign_Q5JTJ3,0,/mnt/nw/home/m.yu/repos/foundry/detectors/datasets/uniprot_pdb_benigns/pdbs/6nl3.pdb,79,1
benign_Q5TA31,0,/mnt/nw/home/m.yu/repos/foundry/detectors/datasets/uniprot_pdb_benigns/pdbs/7ow2.pdb,709,0
benign_Q5TD97,0,/mnt/nw/home/m.yu/repos/foundry/detectors/datasets/uniprot_pdb_benigns/pdbs/1x68.pdb,76,1
benign_Q6ICL3,0,/mnt/nw/home/m.yu/repos/foundry/detectors/datasets/uniprot_pdb_benigns/pdbs/8sv7.pdb,543,2
benign_Q6NTF7,0,/mnt/nw/home/m.yu/repos/foundry/detectors/datasets/uniprot_pdb_benigns/pdbs/5w45.pdb,362,2
benign_Q6P1K2,0,/mnt/nw/home/m.yu/repos/foundry/detectors/datasets/uniprot_pdb_benigns/pdbs/5lsj.pdb,1177,2
benign_Q6PI98,0,/mnt/nw/home/m.yu/repos/foundry/detectors/datasets/uniprot_pdb_benigns/pdbs/7zi4.cif.gz,5000,1
benign_Q6UWP2,0,/mnt/nw/home/m.yu/repos/foundry/detectors/datasets/uniprot_pdb_benigns/pdbs/1xg5.pdb,1012,2
benign_Q6UXZ0,0,/mnt/nw/home/m.yu/repos/foundry/detectors/datasets/uniprot_pdb_benigns/pdbs/8cd3.pdb,110,50
benign_Q6ZRY4,0,/mnt/nw/home/m.yu/repos/foundry/detectors/datasets/uniprot_pdb_benigns/pdbs/2m9k.pdb,186,26
benign_Q7L2Z9,0,/mnt/nw/home/m.yu/repos/foundry/detectors/datasets/uniprot_pdb_benigns/pdbs/7pb8.pdb,706,53
benign_Q7Z6V5,0,/mnt/nw/home/m.yu/repos/foundry/detectors/datasets/uniprot_pdb_benigns/pdbs/3dh1.pdb,643,12
benign_Q86T03,0,/mnt/nw/home/m.yu/repos/foundry/detectors/datasets/uniprot_pdb_benigns/pdbs/8oqh.pdb,159,86
benign_Q86VX2,0,/mnt/nw/home/m.yu/repos/foundry/detectors/datasets/uniprot_pdb_benigns/pdbs/8esd.pdb,514,5
benign_Q8IU54,0,/mnt/nw/home/m.yu/repos/foundry/detectors/datasets/uniprot_pdb_benigns/pdbs/3og4.pdb,337,1
benign_Q8IVV7,0,/mnt/nw/home/m.yu/repos/foundry/detectors/datasets/uniprot_pdb_benigns/pdbs/6ccr.pdb,185,115
benign_Q8IWT0,0,/mnt/nw/home/m.yu/repos/foundry/detectors/datasets/uniprot_pdb_benigns/pdbs/5yz1.pdb,319,21
benign_Q8N4P3,0,/mnt/nw/home/m.yu/repos/foundry/detectors/datasets/uniprot_pdb_benigns/pdbs/3nr1.pdb,356,2
benign_Q8N4V1,0,/mnt/nw/home/m.yu/repos/foundry/detectors/datasets/uniprot_pdb_benigns/pdbs/6ww7.pdb,2074,3
benign_Q8NHV1,0,/mnt/nw/home/m.yu/repos/foundry/detectors/datasets/uniprot_pdb_benigns/pdbs/3zjc.pdb,1555,7
benign_Q8WUU5,0,/mnt/nw/home/m.yu/repos/foundry/detectors/datasets/uniprot_pdb_benigns/pdbs/8q1s.pdb,487,2
benign_Q8WW35,0,/mnt/nw/home/m.yu/repos/foundry/detectors/datasets/uniprot_pdb_benigns/pdbs/8j07.cif.gz,396307,1
benign_Q93091,0,/mnt/nw/home/m.yu/repos/foundry/detectors/datasets/uniprot_pdb_benigns/pdbs/4x09.pdb,128,0
benign_Q96CG3,0,/mnt/nw/home/m.yu/repos/foundry/detectors/datasets/uniprot_pdb_benigns/pdbs/4ym4.pdb,147,1
benign_Q96G25,0,/mnt/nw/home/m.yu/repos/foundry/detectors/datasets/uniprot_pdb_benigns/pdbs/7emf.pdb,7916,1
benign_Q99547,0,/mnt/nw/home/m.yu/repos/foundry/detectors/datasets/uniprot_pdb_benigns/pdbs/6d6q.pdb,3950,1
benign_Q9BPZ3,0,/mnt/nw/home/m.yu/repos/foundry/detectors/datasets/uniprot_pdb_benigns/pdbs/1jgn.pdb,120,1
benign_Q9BQA9,0,/mnt/nw/home/m.yu/repos/foundry/detectors/datasets/uniprot_pdb_benigns/pdbs/8kei.pdb,1272,1
benign_Q9BRJ7,0,/mnt/nw/home/m.yu/repos/foundry/detectors/datasets/uniprot_pdb_benigns/pdbs/3kvh.pdb,192,1
benign_Q9BSF4,0,/mnt/nw/home/m.yu/repos/foundry/detectors/datasets/uniprot_pdb_benigns/pdbs/7cgp.pdb,1569,2
benign_Q9BW61,0,/mnt/nw/home/m.yu/repos/foundry/detectors/datasets/uniprot_pdb_benigns/pdbs/6dsz.pdb,2217,1
benign_Q9BXS1,0,/mnt/nw/home/m.yu/repos/foundry/detectors/datasets/uniprot_pdb_benigns/pdbs/2pny.pdb,233,-5
benign_Q9BZM5,0,/mnt/nw/home/m.yu/repos/foundry/detectors/datasets/uniprot_pdb_benigns/pdbs/8imx.pdb,2402,1
benign_Q9GZN7,0,/mnt/nw/home/m.yu/repos/foundry/detectors/datasets/uniprot_pdb_benigns/pdbs/5xqh.pdb,218,24
benign_Q9H3J6,0,/mnt/nw/home/m.yu/repos/foundry/detectors/datasets/uniprot_pdb_benigns/pdbs/7a5h.cif.gz,10047,1
benign_Q9NPB1,0,/mnt/nw/home/m.yu/repos/foundry/detectors/datasets/uniprot_pdb_benigns/pdbs/1mh9.pdb,194,34
benign_Q9NRG1,0,/mnt/nw/home/m.yu/repos/foundry/detectors/datasets/uniprot_pdb_benigns/pdbs/2jbh.pdb,419,7
benign_Q9NY25,0,/mnt/nw/home/m.yu/repos/foundry/detectors/datasets/uniprot_pdb_benigns/pdbs/2yhf.pdb,1062,70
benign_Q9NY56,0,/mnt/nw/home/m.yu/repos/foundry/detectors/datasets/uniprot_pdb_benigns/pdbs/4run.pdb,299,2
benign_Q9NYV7,0,/mnt/nw/home/m.yu/repos/foundry/detectors/datasets/uniprot_pdb_benigns/pdbs/9k6l.pdb,1127,2
benign_Q9NZK7,0,/mnt/nw/home/m.yu/repos/foundry/detectors/datasets/uniprot_pdb_benigns/pdbs/5wzm.pdb,121,3
benign_Q9P0S9,0,/mnt/nw/home/m.yu/repos/foundry/detectors/datasets/uniprot_pdb_benigns/pdbs/2los.pdb,112,1
benign_Q9UHQ4,0,/mnt/nw/home/m.yu/repos/foundry/detectors/datasets/uniprot_pdb_benigns/pdbs/4w7y.pdb,120,166
benign_Q9UKY0,0,/mnt/nw/home/m.yu/repos/foundry/detectors/datasets/uniprot_pdb_benigns/pdbs/1lg4.pdb,99,52
benign_Q9Y5U4,0,/mnt/nw/home/m.yu/repos/foundry/detectors/datasets/uniprot_pdb_benigns/pdbs/4j82.pdb,609,1
benign_O00287,0,/mnt/nw/home/m.yu/repos/foundry/detectors/datasets/uniprot_pdb_benigns/pdbs/2kw3.pdb,198,23
benign_O00338,0,/mnt/nw/home/m.yu/repos/foundry/detectors/datasets/uniprot_pdb_benigns/pdbs/3bfx.pdb,501,12
benign_O00399,0,/mnt/nw/home/m.yu/repos/foundry/detectors/datasets/uniprot_pdb_benigns/pdbs/3tv0.pdb,284,8
benign_O14669,0,/mnt/nw/home/m.yu/repos/foundry/detectors/datasets/uniprot_pdb_benigns/pdbs/9bvp.cif.gz,728,1
benign_O15503,0,/mnt/nw/home/m.yu/repos/foundry/detectors/datasets/uniprot_pdb_benigns/pdbs/4j81.pdb,610,1
benign_O60479,0,/mnt/nw/home/m.yu/repos/foundry/detectors/datasets/uniprot_pdb_benigns/pdbs/4xrs.pdb,292,1
benign_O60543,0,/mnt/nw/home/m.yu/repos/foundry/detectors/datasets/uniprot_pdb_benigns/pdbs/2eel.pdb,91,1
benign_O60565,0,/mnt/nw/home/m.yu/repos/foundry/detectors/datasets/uniprot_pdb_benigns/pdbs/5aej.pdb,454,71
benign_O60888,0,/mnt/nw/home/m.yu/repos/foundry/detectors/datasets/uniprot_pdb_benigns/pdbs/1xk8.pdb,643,40
benign_O60927,0,/mnt/nw/home/m.yu/repos/foundry/detectors/datasets/uniprot_pdb_benigns/pdbs/8dwk.pdb,640,6
benign_O94811,0,/mnt/nw/home/m.yu/repos/foundry/detectors/datasets/uniprot_pdb_benigns/pdbs/9j4d.pdb,210,70
benign_O95229,0,/mnt/nw/home/m.yu/repos/foundry/detectors/datasets/uniprot_pdb_benigns/pdbs/8ppr.pdb,1388,1
benign_O95484,0,/mnt/nw/home/m.yu/repos/foundry/detectors/datasets/uniprot_pdb_benigns/pdbs/6ov2.pdb,309,5
benign_P01920,0,/mnt/nw/home/m.yu/repos/foundry/detectors/datasets/uniprot_pdb_benigns/pdbs/1jk8.pdb,385,1
benign_P02746,0,/mnt/nw/home/m.yu/repos/foundry/detectors/datasets/uniprot_pdb_benigns/pdbs/1pk6.pdb,394,1
benign_P08118,0,/mnt/nw/home/m.yu/repos/foundry/detectors/datasets/uniprot_pdb_benigns/pdbs/2iz3.pdb,94,1
benign_P08949,0,/mnt/nw/home/m.yu/repos/foundry/detectors/datasets/uniprot_pdb_benigns/pdbs/1c98.pdb,10,1
benign_P0DMM9,0,/mnt/nw/home/m.yu/repos/foundry/detectors/datasets/uniprot_pdb_benigns/pdbs/1cjm.pdb,223,8
benign_P10720,0,/mnt/nw/home/m.yu/repos/foundry/detectors/datasets/uniprot_pdb_benigns/pdbs/4hsv.pdb,248,6
benign_P17041,0,/mnt/nw/home/m.yu/repos/foundry/detectors/datasets/uniprot_pdb_benigns/pdbs/2epc.pdb,42,201
benign_P23435,0,/mnt/nw/home/m.yu/repos/foundry/detectors/datasets/uniprot_pdb_benigns/pdbs/5kc5.pdb,137,58
benign_P26717,0,/mnt/nw/home/m.yu/repos/foundry/detectors/datasets/uniprot_pdb_benigns/pdbs/2l35.pdb,95,1
benign_P41223,0,/mnt/nw/home/m.yu/repos/foundry/detectors/datasets/uniprot_pdb_benigns/pdbs/4oed.pdb,250,1
benign_P51460,0,/mnt/nw/home/m.yu/repos/foundry/detectors/datasets/uniprot_pdb_benigns/pdbs/2h8b.pdb,57,1
benign_P56211,0,/mnt/nw/home/m.yu/repos/foundry/detectors/datasets/uniprot_pdb_benigns/pdbs/8ttb.pdb,1374,2
benign_P61009,0,/mnt/nw/home/m.yu/repos/foundry/detectors/datasets/uniprot_pdb_benigns/pdbs/7p2p.pdb,587,1
benign_P61278,0,/mnt/nw/home/m.yu/repos/foundry/detectors/datasets/uniprot_pdb_benigns/pdbs/2mi1.pdb,14,1
benign_Q05315,0,/mnt/nw/home/m.yu/repos/foundry/detectors/datasets/uniprot_pdb_benigns/pdbs/1g86.pdb,141,2
benign_Q12918,0,/mnt/nw/home/m.yu/repos/foundry/detectors/datasets/uniprot_pdb_benigns/pdbs/5mgr.pdb,250,1
benign_Q15493,0,/mnt/nw/home/m.yu/repos/foundry/detectors/datasets/uniprot_pdb_benigns/pdbs/3g4e.pdb,594,1
benign_Q15528,0,/mnt/nw/home/m.yu/repos/foundry/detectors/datasets/uniprot_pdb_benigns/pdbs/7emf.pdb,7916,1
benign_Q15649,0,/mnt/nw/home/m.yu/repos/foundry/detectors/datasets/uniprot_pdb_benigns/pdbs/2yqq.pdb,56,1
benign_Q16384,0,/mnt/nw/home/m.yu/repos/foundry/detectors/datasets/uniprot_pdb_benigns/pdbs/8hr1.pdb,1059,-73
benign_Q68J44,0,/mnt/nw/home/m.yu/repos/foundry/detectors/datasets/uniprot_pdb_benigns/pdbs/2y96.pdb,340,32
benign_Q6I9Y2,0,/mnt/nw/home/m.yu/repos/foundry/detectors/datasets/uniprot_pdb_benigns/pdbs/7apk.pdb,9967,1
benign_Q6IPU0,0,/mnt/nw/home/m.yu/repos/foundry/detectors/datasets/uniprot_pdb_benigns/pdbs/7pb8.pdb,706,53
benign_Q6P4F2,0,/mnt/nw/home/m.yu/repos/foundry/detectors/datasets/uniprot_pdb_benigns/pdbs/2y5c.pdb,214,3
benign_Q86SE8,0,/mnt/nw/home/m.yu/repos/foundry/detectors/datasets/uniprot_pdb_benigns/pdbs/3t30.pdb,922,1
benign_Q86YI8,0,/mnt/nw/home/m.yu/repos/foundry/detectors/datasets/uniprot_pdb_benigns/pdbs/3o70.pdb,55,1
benign_Q8TAE8,0,/mnt/nw/home/m.yu/repos/foundry/detectors/datasets/uniprot_pdb_benigns/pdbs/3j7y.pdb,9137,1
benign_Q8TCB7,0,/mnt/nw/home/m.yu/repos/foundry/detectors/datasets/uniprot_pdb_benigns/pdbs/7ezg.pdb,275,-10
benign_Q8TD06,0,/mnt/nw/home/m.yu/repos/foundry/detectors/datasets/uniprot_pdb_benigns/pdbs/3ph9.pdb,268,1
benign_Q8WXB1,0,/mnt/nw/home/m.yu/repos/foundry/detectors/datasets/uniprot_pdb_benigns/pdbs/4lec.pdb,403,15
benign_Q8WYQ3,0,/mnt/nw/home/m.yu/repos/foundry/detectors/datasets/uniprot_pdb_benigns/pdbs/9cww.pdb,204,42
benign_Q92564,0,/mnt/nw/home/m.yu/repos/foundry/detectors/datasets/uniprot_pdb_benigns/pdbs/5v89.pdb,257,101
benign_Q96AZ6,0,/mnt/nw/home/m.yu/repos/foundry/detectors/datasets/uniprot_pdb_benigns/pdbs/1wlj.pdb,168,6
benign_Q96FT9,0,/mnt/nw/home/m.yu/repos/foundry/detectors/datasets/uniprot_pdb_benigns/pdbs/8bbe.pdb,2519,-2
benign_Q96GY3,0,/mnt/nw/home/m.yu/repos/foundry/detectors/datasets/uniprot_pdb_benigns/pdbs/7n40.pdb,587,10
benign_Q96JC9,0,/mnt/nw/home/m.yu/repos/foundry/detectors/datasets/uniprot_pdb_benigns/pdbs/7okx.pdb,4236,1
benign_Q99417,0,/mnt/nw/home/m.yu/repos/foundry/detectors/datasets/uniprot_pdb_benigns/pdbs/2yy0.pdb,181,42
benign_Q99748,0,/mnt/nw/home/m.yu/repos/foundry/detectors/datasets/uniprot_pdb_benigns/pdbs/5mr4.pdb,766,36
benign_Q99969,0,/mnt/nw/home/m.yu/repos/foundry/detectors/datasets/uniprot_pdb_benigns/pdbs/7ykd.pdb,1133,1
benign_Q9BS16,0,/mnt/nw/home/m.yu/repos/foundry/detectors/datasets/uniprot_pdb_benigns/pdbs/7pb4.pdb,353,63
benign_Q9BSB4,0,/mnt/nw/home/m.yu/repos/foundry/detectors/datasets/uniprot_pdb_benigns/pdbs/4wzg.pdb,210,1
benign_Q9BTT4,0,/mnt/nw/home/m.yu/repos/foundry/detectors/datasets/uniprot_pdb_benigns/pdbs/7emf.pdb,7916,1
benign_Q9BXW4,0,/mnt/nw/home/m.yu/repos/foundry/detectors/datasets/uniprot_pdb_benigns/pdbs/2ncn.pdb,128,-1
benign_Q9BZM4,0,/mnt/nw/home/m.yu/repos/foundry/detectors/datasets/uniprot_pdb_benigns/pdbs/1kcg.pdb,415,9
benign_Q9GZQ3,0,/mnt/nw/home/m.yu/repos/foundry/detectors/datasets/uniprot_pdb_benigns/pdbs/8esd.pdb,514,5
benign_Q9GZY6,0,/mnt/nw/home/m.yu/repos/foundry/detectors/datasets/uniprot_pdb_benigns/pdbs/3maz.pdb,108,1
benign_Q9H0N5,0,/mnt/nw/home/m.yu/repos/foundry/detectors/datasets/uniprot_pdb_benigns/pdbs/4c45.pdb,99,6
benign_Q9H5X1,0,/mnt/nw/home/m.yu/repos/foundry/detectors/datasets/uniprot_pdb_benigns/pdbs/2m5h.pdb,139,27
benign_Q9H6K1,0,/mnt/nw/home/m.yu/repos/foundry/detectors/datasets/uniprot_pdb_benigns/pdbs/6vhi.pdb,108,71
benign_Q9H875,0,/mnt/nw/home/m.yu/repos/foundry/detectors/datasets/uniprot_pdb_benigns/pdbs/5xjc.cif.gz,14587,1
benign_Q9HD47,0,/mnt/nw/home/m.yu/repos/foundry/detectors/datasets/uniprot_pdb_benigns/pdbs/5yfg.pdb,186,1
benign_Q9NPF7,0,/mnt/nw/home/m.yu/repos/foundry/detectors/datasets/uniprot_pdb_benigns/pdbs/3d85.pdb,852,1
benign_Q9NSA1,0,/mnt/nw/home/m.yu/repos/foundry/detectors/datasets/uniprot_pdb_benigns/pdbs/5vaq.pdb,1005,2
benign_Q9NWZ8,0,/mnt/nw/home/m.yu/repos/foundry/detectors/datasets/uniprot_pdb_benigns/pdbs/7bbl.pdb,418,2
benign_Q9NYS0,0,/mnt/nw/home/m.yu/repos/foundry/detectors/datasets/uniprot_pdb_benigns/pdbs/9qu1.pdb,784,5
benign_Q9NZS2,0,/mnt/nw/home/m.yu/repos/foundry/detectors/datasets/uniprot_pdb_benigns/pdbs/8qmd.pdb,1230,50
benign_Q9NZV6,0,/mnt/nw/home/m.yu/repos/foundry/detectors/datasets/uniprot_pdb_benigns/pdbs/3mao.pdb,105,-1
benign_Q9P021,0,/mnt/nw/home/m.yu/repos/foundry/detectors/datasets/uniprot_pdb_benigns/pdbs/7dvq.pdb,13600,-11
benign_Q9P0T7,0,/mnt/nw/home/m.yu/repos/foundry/detectors/datasets/uniprot_pdb_benigns/pdbs/9dnx.cif.gz,1656,23
benign_Q9UBI1,0,/mnt/nw/home/m.yu/repos/foundry/detectors/datasets/uniprot_pdb_benigns/pdbs/8f2r.pdb,1837,1
benign_Q9UMY1,0,/mnt/nw/home/m.yu/repos/foundry/detectors/datasets/uniprot_pdb_benigns/pdbs/7mq8.cif.gz,28414,1
benign_Q9Y530,0,/mnt/nw/home/m.yu/repos/foundry/detectors/datasets/uniprot_pdb_benigns/pdbs/2eee.pdb,149,1
benign_Q9Y5J6,0,/mnt/nw/home/m.yu/repos/foundry/detectors/datasets/uniprot_pdb_benigns/pdbs/7cgp.pdb,1569,2
benign_Q9Y5W9,0,/mnt/nw/home/m.yu/repos/foundry/detectors/datasets/uniprot_pdb_benigns/pdbs/4ikb.pdb,252,15
benign_O14931,0,/mnt/nw/home/m.yu/repos/foundry/detectors/datasets/uniprot_pdb_benigns/pdbs/3noi.pdb,239,11
benign_O14972,0,/mnt/nw/home/m.yu/repos/foundry/detectors/datasets/uniprot_pdb_benigns/pdbs/8p0x.cif.gz,1850,1
benign_O43513,0,/mnt/nw/home/m.yu/repos/foundry/detectors/datasets/uniprot_pdb_benigns/pdbs/7emf.pdb,7916,1
benign_O75446,0,/mnt/nw/home/m.yu/repos/foundry/detectors/datasets/uniprot_pdb_benigns/pdbs/2kdp.pdb,71,1
benign_O76080,0,/mnt/nw/home/m.yu/repos/foundry/detectors/datasets/uniprot_pdb_benigns/pdbs/7qxw.cif.gz,13346,1
benign_O95057,0,/mnt/nw/home/m.yu/repos/foundry/detectors/datasets/uniprot_pdb_benigns/pdbs/2gf0.pdb,688,3
benign_O95407,0,/mnt/nw/home/m.yu/repos/foundry/detectors/datasets/uniprot_pdb_benigns/pdbs/3k51.pdb,304,8
benign_O95997,0,/mnt/nw/home/m.yu/repos/foundry/detectors/datasets/uniprot_pdb_benigns/pdbs/7nj0.pdb,1816,1
benign_P0DP24,0,/mnt/nw/home/m.yu/repos/foundry/detectors/datasets/uniprot_pdb_benigns/pdbs/3o77.pdb,388,1
benign_P14138,0,/mnt/nw/home/m.yu/repos/foundry/detectors/datasets/uniprot_pdb_benigns/pdbs/6igk.pdb,492,1
benign_P23582,0,/mnt/nw/home/m.yu/repos/foundry/detectors/datasets/uniprot_pdb_benigns/pdbs/1jdp.pdb,809,1
benign_P30046,0,/mnt/nw/home/m.yu/repos/foundry/detectors/datasets/uniprot_pdb_benigns/pdbs/1dpt.pdb,351,1
benign_P35318,0,/mnt/nw/home/m.yu/repos/foundry/detectors/datasets/uniprot_pdb_benigns/pdbs/2fly.pdb,20,1
benign_P41238,0,/mnt/nw/home/m.yu/repos/foundry/detectors/datasets/uniprot_pdb_benigns/pdbs/6x91.pdb,4667,2
benign_P42127,0,/mnt/nw/home/m.yu/repos/foundry/detectors/datasets/uniprot_pdb_benigns/pdbs/1y7j.pdb,40,93
benign_P48645,0,/mnt/nw/home/m.yu/repos/foundry/detectors/datasets/uniprot_pdb_benigns/pdbs/7w53.pdb,1109,1
benign_P57052,0,/mnt/nw/home/m.yu/repos/foundry/detectors/datasets/uniprot_pdb_benigns/pdbs/2ywk.pdb,84,5
benign_Q13519,0,/mnt/nw/home/m.yu/repos/foundry/detectors/datasets/uniprot_pdb_benigns/pdbs/8f7x.pdb,1145,1
benign_Q15013,0,/mnt/nw/home/m.yu/repos/foundry/detectors/datasets/uniprot_pdb_benigns/pdbs/2qyf.pdb,768,1
benign_Q16655,0,/mnt/nw/home/m.yu/repos/foundry/detectors/datasets/uniprot_pdb_benigns/pdbs/2gt9.pdb,770,0
benign_Q16663,0,/mnt/nw/home/m.yu/repos/foundry/detectors/datasets/uniprot_pdb_benigns/pdbs/2hcc.pdb,66,1
benign_Q5T0T0,0,/mnt/nw/home/m.yu/repos/foundry/detectors/datasets/uniprot_pdb_benigns/pdbs/2d8s.pdb,80,1
benign_Q6P1N9,0,/mnt/nw/home/m.yu/repos/foundry/detectors/datasets/uniprot_pdb_benigns/pdbs/2xio.pdb,293,4
benign_Q7LBR1,0,/mnt/nw/home/m.yu/repos/foundry/detectors/datasets/uniprot_pdb_benigns/pdbs/3eab.pdb,759,108
benign_Q7Z5G4,0,/mnt/nw/home/m.yu/repos/foundry/detectors/datasets/uniprot_pdb_benigns/pdbs/8hf3.pdb,419,6
benign_Q86TS9,0,/mnt/nw/home/m.yu/repos/foundry/detectors/datasets/uniprot_pdb_benigns/pdbs/3j7y.pdb,9137,1
